src,dst,relationship,relation_strength
56,78,3,2
6,36,1,3
75,67,1,2
22,50,4,1
65,50,2,2
80,53,5,2
63,67,4,1
88,72,3,1
26,74,4,1
12,4,4,2
53,17,4,1
70,1,2,3
84,79,2,3
53,11,4,3
43,58,1,1
44,20,3,3
37,4,5,2
14,82,3,1
48,57,2,1
53,80,4,3
25,6,3,3
84,14,5,3
53,84,3,1
31,17,4,3
35,44,4,1
58,50,3,1
18,3,1,1
16,34,1,1
92,16,1,2
75,40,4,3
22,41,5,1
18,93,3,3
50,83,5,1
13,91,5,1
75,1,4,2
44,1,5,3
67,63,4,2
29,57,1,3
88,89,2,1
48,25,1,2
85,85,3,3
48,6,1,2
92,87,4,1
77,2,3,1
48,32,4,1
77,53,5,3
15,21,4,1
69,1,1,2
34,35,5,1
89,1,1,1
53,22,5,1
90,12,5,3
74,37,4,1
68,63,4,2
87,25,4,2
5,6,4,1
33,7,4,1
73,8,5,1
4,75,2,3
46,88,3,2
15,22,1,3
31,61,5,1
60,50,3,1
54,23,4,1
26,77,2,2
49,15,4,1
90,48,1,2
8,64,3,3
44,70,3,2
15,89,2,3
19,36,3,1
87,44,1,2
12,70,3,3
26,53,4,3
91,39,1,1
61,20,3,1
82,51,1,1
39,59,3,1
64,36,5,1
33,73,2,2
36,75,1,1
49,32,1,3
32,58,3,2
42,36,1,2
18,11,4,1
12,2,3,1
62,76,4,2
6,88,5,3
36,39,5,2
86,62,5,1
39,68,3,2
48,27,4,3
10,33,3,3
70,19,3,3
10,13,2,2
35,67,5,3
64,70,4,2
30,73,3,2
19,37,3,1
34,51,2,1
91,55,5,3
67,38,1,1
5,91,2,3
70,6,2,3
7,31,3,3
9,22,5,3
80,7,1,1
26,21,4,3
67,84,3,1
27,13,1,1
43,37,3,1
23,3,5,1
81,39,3,2
87,23,2,2
44,7,2,2
80,80,2,1
86,30,4,1
29,68,4,1
72,38,1,2
21,39,3,1
70,19,1,3
3,80,4,1
58,76,4,2
49,71,4,2
25,27,4,2
28,51,3,3
31,3,3,3
60,31,1,3
90,88,5,2
83,32,2,3
39,54,2,2
46,79,3,3
14,9,1,1
12,22,1,3
49,48,1,1
57,35,4,2
42,56,5,3
14,28,2,3
18,66,5,2
86,38,5,2
78,61,2,1
55,56,5,2
11,46,5,1
74,56,4,3
43,21,3,2
90,62,2,1
1,6,3,3
53,51,1,2
89,41,1,1
78,82,1,1
47,40,5,3
50,20,1,2
77,70,4,2
42,26,1,3
92,5,5,2
48,22,4,3
44,49,2,3
14,38,1,2
74,18,5,3
9,12,2,2
18,17,2,1
51,49,4,1
43,24,5,3
63,7,5,1
66,79,3,2
8,35,2,3
29,55,3,2
32,11,3,3
23,86,2,3
18,14,1,2
22,20,4,2
69,15,5,3
76,2,5,2
50,65,4,3
25,91,4,1
2,30,3,2
58,91,1,1
70,17,2,1
42,10,1,1
63,55,1,3
8,55,1,1
91,31,1,2
63,28,3,2
29,11,1,2
74,26,4,3
44,32,3,1
15,25,4,1
19,66,2,2
84,30,5,1
61,4,5,2
88,18,5,2
38,51,1,3
58,63,3,3
40,33,5,1
62,45,1,3
52,91,5,3
52,17,2,3
18,41,5,2
8,28,2,1
21,15,2,2
78,7,4,3
24,70,4,3
21,57,5,3
64,5,5,3
75,43,1,2
69,15,1,1
70,17,2,1
33,22,4,1
35,19,1,1
46,62,1,1
41,17,2,2
30,22,3,1
91,83,2,1
87,13,1,2
87,66,2,1
90,36,5,2
3,3,3,2
41,34,4,2
25,84,3,1
66,70,4,3
92,58,1,3
63,64,3,3
9,16,1,3
65,54,2,2
62,45,5,2
32,62,4,3
62,67,3,2
59,89,5,3
51,44,4,3
55,49,2,1
85,77,3,2
68,26,2,1
51,75,3,1
73,48,2,3
79,51,5,3
49,53,2,2
20,64,2,1
40,56,4,1
82,58,1,3
12,58,1,2
38,27,4,3
22,82,1,3
48,58,4,3
50,81,1,1
19,90,5,3
79,59,2,3
46,19,2,1
53,49,1,1
79,83,2,1
28,27,5,2
81,61,1,2
65,67,5,2
48,23,2,1
75,79,4,2
57,26,3,1
78,62,1,1
33,90,4,3
85,16,4,3
36,15,5,3
84,1,4,2
36,46,3,3
41,1,3,1
38,20,4,3
60,2,2,3
77,73,4,1
49,86,4,3
87,10,5,1
61,57,3,3
45,20,4,3
45,15,3,3
83,23,3,1
23,62,4,1
72,15,2,2
81,19,2,1
55,60,1,2
74,28,4,2
64,31,5,2
87,9,4,3
17,49,5,3
68,81,5,1
23,18,2,3
86,45,1,1
56,73,4,1
83,36,5,3
54,60,3,2
1,50,5,1
81,72,4,2
16,16,3,2
25,89,3,3
81,81,4,3
82,90,3,1
64,11,2,3
93,78,4,1
67,90,4,2
77,78,2,2
79,4,2,1
66,25,3,2
87,74,3,3
61,56,3,2
19,2,3,2
25,49,2,2
5,17,2,1
58,69,3,3
25,37,4,1
40,19,1,1
55,14,1,2
92,77,4,3
77,80,1,1
27,76,2,2
83,30,1,2
87,87,3,2
64,4,2,3
23,13,3,1
93,59,3,3
24,48,1,3
38,47,2,3
77,92,3,1
35,88,3,3
35,64,5,3
31,80,4,2
38,55,3,1
85,86,1,3
50,53,5,2
77,81,1,3
55,69,1,1
13,31,4,2
22,72,1,1
37,56,3,2
66,49,5,3
89,87,1,3
31,9,4,3
68,57,4,1
40,10,2,2
24,35,3,2
36,54,1,3
2,30,4,3
63,57,5,1
23,67,3,1
93,33,5,3
78,9,2,2
32,44,3,3
6,9,2,3
22,18,3,1
44,8,3,1
40,17,1,3
75,88,2,1
57,13,5,3
1,46,3,2
75,30,4,2
39,32,2,3
77,92,5,3
63,85,4,3
27,62,2,3
16,84,4,2
61,73,4,1
9,18,5,2
93,22,4,1
63,82,4,3
30,59,1,3
69,32,5,3
35,68,2,1
40,68,3,2
23,68,2,1
63,75,1,2
15,30,5,3
43,44,3,3
61,93,4,1
86,77,2,1
80,18,5,2
41,79,1,1
86,9,1,3
87,71,5,1
81,44,2,3
42,82,4,3
15,3,2,1
45,74,1,1
76,88,2,1
75,86,5,1
3,62,3,1
87,5,4,2
75,31,5,3
3,43,3,1
75,32,2,2
69,5,4,2
5,93,3,2
26,41,4,3
24,4,2,2
55,75,3,3
86,2,2,3
17,35,1,2
10,4,4,3
5,73,2,3
32,12,3,1
57,20,3,1
10,3,3,3
16,41,2,1
56,1,2,1
15,92,2,1
72,51,1,3
30,88,2,3
93,71,1,2
36,51,1,1
10,81,4,3
71,84,1,3
75,75,3,1
52,9,5,2
14,50,4,3
38,87,1,3
35,88,1,2
82,63,4,1
82,55,3,2
16,49,1,3
71,68,3,1
81,28,4,2
9,35,4,2
14,81,5,2
5,1,4,2
40,61,1,1
11,63,3,2
19,90,5,2
23,63,2,2
16,27,1,1
2,69,1,3
12,31,3,1
12,22,4,3
6,30,3,3
27,62,1,2
29,81,4,2
74,86,3,3
85,84,5,2
82,29,4,1
7,87,1,1
54,41,5,1
35,55,2,2
27,26,4,1
60,14,2,1
64,15,4,2
55,82,1,3
16,62,2,2
60,20,4,2
73,13,4,2
13,86,4,2
65,82,5,1
77,3,5,3
70,48,2,2
54,52,5,2
73,73,3,1
30,75,3,3
63,54,4,2
61,24,2,2
11,76,2,1
25,49,2,3
61,18,1,3
30,41,5,1
11,89,2,2
47,65,1,3
23,27,2,2
9,70,4,1
52,92,5,3
55,34,2,3
28,1,5,2
68,48,3,1
51,45,3,2
30,36,1,2
1,88,5,1
30,57,1,2
42,70,2,2
93,19,1,3
14,49,5,1
52,49,3,3
90,67,2,1
35,75,4,3
48,54,4,2
26,69,5,1
37,36,5,3
68,57,2,1
50,91,2,1
79,33,3,1
25,84,2,3
6,19,5,3
13,84,2,1
68,3,1,2
23,79,5,3
56,24,3,2
57,51,4,2
52,83,3,1
7,8,4,3
41,3,2,3
36,70,1,2
26,40,3,1
39,19,1,1
46,58,5,1
62,87,4,3
17,18,3,1
58,2,2,2
86,80,2,3
87,25,1,2
88,47,4,1
77,38,4,3
39,70,1,3
15,28,4,3
55,93,3,2
59,43,3,1
23,78,5,3
27,28,2,2
13,63,5,3
41,34,4,1
17,72,1,3
18,11,4,1
69,48,1,1
72,20,5,2
36,50,2,1
77,9,2,1
73,55,4,3
74,21,4,1
19,54,1,2
3,76,5,3
63,14,5,3
63,84,5,1
75,77,3,3
76,15,1,1
31,26,2,3
83,54,1,1
88,38,5,3
82,44,2,1
65,8,2,2
78,53,2,1
16,71,4,3
80,4,5,1
53,69,3,1
6,62,3,1
27,90,1,1
1,79,3,1
8,77,1,2
49,83,5,1
1,62,3,1
89,9,3,3
31,34,3,1
26,50,1,3
32,4,1,1
18,89,2,1
91,49,2,1
70,83,4,1
70,58,4,1
5,55,5,2
81,40,1,2
57,39,2,2
42,20,2,2
88,28,3,1
41,89,2,1
91,54,1,1
33,40,1,3
29,93,1,3
77,93,5,2
3,5,4,2
49,43,2,2
15,43,1,3
54,60,4,3
86,4,2,1
88,75,5,1
4,10,3,3
17,75,1,2
62,59,2,2
13,44,4,3
1,25,1,1
6,70,5,2
91,92,4,3
80,36,2,3
1,10,1,1
64,25,2,2
63,9,5,2
32,69,5,1
20,29,1,1
70,40,2,2
11,73,2,1
52,73,1,3
41,69,4,2
18,8,2,3
43,57,3,1
37,46,4,3
27,23,4,2
22,82,3,1
10,74,5,2
22,93,2,1
84,50,4,3
51,11,1,2
46,46,4,2
39,83,1,2
68,32,1,2
14,42,3,1
84,16,3,2
16,26,5,1
84,8,4,1
26,79,1,2
18,85,5,2
72,18,3,1
4,1,1,1
68,26,5,2
79,60,4,1
68,59,5,1
93,25,5,1
12,82,2,2
14,83,4,2
69,84,5,1
67,52,2,2
7,43,1,1
61,9,1,3
57,69,5,1
25,88,3,3
47,34,1,2
85,61,3,1
51,10,1,2
18,34,3,2
87,74,2,3
27,34,2,1
10,77,2,1
3,36,1,1
70,47,1,3
45,22,1,2
19,56,2,1
47,35,4,3
47,25,1,3
27,35,2,2
26,10,2,2
11,49,5,1
18,26,4,2
5,79,4,2
32,19,4,2
80,27,5,2
67,44,4,2
18,4,4,3
14,68,1,2
10,69,4,1
58,61,4,2
31,11,2,3
51,24,5,1
42,86,3,2
28,6,4,3
86,4,3,3
2,28,4,2
69,92,3,2
87,18,5,2
90,13,4,1
77,89,1,2
23,4,3,1
16,69,5,1
7,81,2,1
70,87,5,3
51,84,3,2
92,76,5,2
5,57,2,2
88,28,1,1
10,71,3,2
7,63,3,1
30,33,1,3
20,64,3,1
85,20,3,1
48,73,3,2
66,28,5,2
84,32,2,1
86,24,2,1
38,64,3,1
82,13,4,3
12,32,2,2
43,49,1,3
19,2,2,1
93,68,3,2
79,29,1,3
14,19,4,3
39,13,1,3
28,85,1,2
64,52,4,1
9,56,1,1
67,22,4,1
44,7,2,2
6,78,1,1
56,66,5,2
82,78,4,3
48,23,3,2
29,51,5,3
79,8,4,2
3,51,2,1
82,62,2,2
90,36,1,1
17,29,3,3
80,22,5,2
24,38,3,3
85,86,5,3
17,91,5,1
36,83,3,2
35,15,5,3
89,63,3,3
18,88,3,2
23,52,4,2
40,10,1,3
57,12,2,2
68,26,2,3
50,39,5,1
34,89,3,1
51,10,4,3
53,20,1,3
40,38,4,3
84,4,3,1
51,2,3,1
83,40,3,3
29,42,4,1
22,7,3,1
67,84,4,2
79,47,5,1
60,1,5,2
41,86,3,2
46,86,3,2
71,89,1,2
7,85,2,1
17,57,5,2
38,58,5,1
4,43,2,1
37,32,4,2
88,55,1,1
83,54,5,3
26,72,4,1
34,4,4,1
32,58,5,3
32,81,1,3
9,23,5,3
90,46,2,2
3,31,3,2
73,25,3,1
25,16,4,2
7,44,1,1
84,93,2,2
15,48,4,2
75,17,3,2
30,64,1,3
52,81,4,1
14,87,2,1
64,42,5,1
71,52,4,3
82,73,3,1
73,21,2,2
78,34,4,1
55,58,4,1
36,82,2,1
44,13,3,2
70,47,2,1
60,29,1,3
63,76,1,2
20,66,3,2
67,59,2,2
60,35,5,1
62,29,4,3
21,18,1,3
53,5,3,3
35,91,1,1
22,92,5,1
17,20,3,3
17,48,3,1
22,70,1,3
83,46,3,3
90,82,5,3
22,28,3,2
33,44,3,2
91,47,3,2
91,17,3,3
2,65,1,2
40,91,4,1
51,29,2,3
68,3,3,1
77,56,1,3
84,71,2,3
26,24,2,2
78,29,4,3
22,6,1,3
28,22,5,2
19,69,2,3
33,13,2,1
16,59,3,2
58,32,4,2
66,29,4,2
54,85,3,2
85,28,4,3
4,83,1,2
25,93,3,2
81,16,3,1
36,48,3,3
5,29,4,3
79,53,3,2
20,11,4,3
11,56,4,2
51,59,4,2
16,65,5,3
1,90,1,2
18,21,4,3
72,48,5,3
75,4,1,3
1,22,1,1
34,54,1,3
17,11,3,3
68,52,3,1
61,63,3,2
22,23,5,2
59,13,3,2
75,9,1,3
81,27,2,1
39,85,2,2
77,58,4,1
47,93,2,2
55,67,5,1
11,67,2,3
9,77,4,3
86,33,5,1
92,17,5,1
20,58,1,3
38,72,2,3
58,35,2,1
26,44,5,2
57,23,4,3
29,22,5,2
53,7,4,2
5,57,5,3
93,82,4,3
12,88,2,1
32,78,2,1
86,36,4,3
31,5,1,1
47,49,5,2
83,59,5,3
57,91,4,1
63,21,4,1
40,17,4,2
52,62,3,1
40,34,2,2
60,48,1,2
33,34,2,2
36,10,4,3
77,52,3,1
26,79,1,2
93,7,4,2
10,5,1,2
58,78,3,3
69,90,3,1
5,52,5,1
29,40,1,1
87,89,2,1
83,13,2,1
12,90,3,2
2,63,5,3
87,48,4,2
67,68,5,1
49,66,1,1
45,54,3,3
35,89,4,3
63,87,1,3
88,16,2,2
34,68,1,2
27,23,3,1
36,22,4,1
85,2,4,1
70,84,5,3
85,87,1,2
40,10,5,1
72,43,5,3
26,3,5,2
20,49,1,3
60,2,4,2
53,23,4,2
77,80,4,2
55,1,1,3
23,13,1,2
81,90,1,3
75,53,5,3
35,91,2,2
17,89,2,2
31,2,4,2
21,62,1,2
4,2,2,1
48,59,2,3
77,18,2,1
88,28,4,3
34,59,3,1
77,33,5,2
22,56,1,3
13,69,2,3
38,50,3,3
38,27,2,2
70,67,4,3
2,54,5,2
27,38,5,1
45,20,1,3
19,19,5,3
11,7,3,2
28,51,5,1
89,9,4,3
26,43,4,2
75,1,3,3
35,43,1,2
24,80,1,2
82,56,2,1
90,8,4,1
10,20,1,2
7,52,5,2
20,70,1,1
93,70,1,1
47,62,2,3
81,3,5,1
36,67,4,2
4,23,5,3
2,14,2,3
89,11,3,1
90,61,3,3
23,47,2,3
83,91,4,1
4,11,3,2
91,58,4,3
66,27,4,2
90,24,1,1
66,26,2,3
65,24,4,2
57,53,1,2
87,2,4,2
76,37,5,2
70,38,2,1
41,82,3,2
27,58,3,2
5,13,5,1
25,26,4,2
77,15,4,1
39,74,5,3
19,75,4,1
11,32,5,2
88,44,5,1
47,8,3,3
17,37,5,1
50,82,1,1
36,58,5,3
88,31,4,2
55,43,3,1
4,68,1,2
43,57,2,3
42,4,3,1
24,4,1,2
20,8,2,1
41,79,4,3
70,54,2,1
16,1,3,3
73,50,3,2
93,42,4,1
82,3,2,2
1,92,1,2
38,36,3,1
87,90,5,1
77,63,5,2
14,37,5,1
30,60,3,3
37,33,1,2
73,84,1,1
35,35,4,3
12,37,1,1
87,50,5,2
39,63,3,3
93,5,2,1
48,24,1,1
39,72,1,2
28,3,1,1
3,60,5,3
6,21,1,2
77,90,1,3
42,77,3,1
82,58,3,3
11,23,4,2
3,56,1,2
93,14,3,2
33,77,4,3
84,31,1,3
77,12,3,1
14,70,2,1
49,90,3,1
93,85,4,3
59,70,2,2
51,60,1,3
65,10,4,2
70,63,1,1
42,23,3,3
55,87,4,2
35,37,2,1
57,10,5,1
79,2,3,1
6,44,5,1
30,48,5,1
63,14,3,2
46,71,4,3
38,45,1,1
77,34,5,2
82,30,5,3
28,23,1,1
69,71,4,3
89,60,4,2
55,25,4,3
22,90,4,1
84,37,2,1
63,2,5,2
93,87,3,2
40,66,2,3
42,57,4,2
6,14,2,1
74,86,1,3
25,77,2,2
70,35,1,3
15,56,2,2
27,59,1,3
91,21,5,2
93,70,4,1
66,26,2,1
67,82,4,1
35,23,4,2
9,48,3,2
68,83,4,1
14,46,1,2
1,20,1,3
35,86,2,2
69,56,4,2
54,44,5,2
46,1,1,2
56,16,3,3
74,71,4,1
15,27,1,3
53,28,3,3
89,1,1,1
92,93,5,2
29,60,1,2
68,83,1,1
34,20,4,2
8,89,1,2
41,64,3,1
61,78,3,1
27,93,2,2
33,27,4,3
31,53,2,2
87,4,2,1
54,50,3,3
7,27,1,2
27,80,5,2
48,83,3,1
57,11,3,3
38,90,1,1
3,38,1,3
31,8,5,3
64,29,3,1
37,18,3,3
81,65,2,3
20,87,5,2
62,48,1,2
15,86,1,1
58,77,4,2
52,9,1,2
8,79,1,3
87,56,5,3
32,73,4,1
79,44,1,3
18,39,3,2
53,71,1,2
77,58,5,2
35,86,5,2
32,24,1,2
29,24,1,2
44,90,3,2
71,15,1,1
68,66,4,3
73,2,1,1
50,6,5,3
33,64,4,1
58,90,5,3
1,72,2,2
35,2,1,2
69,37,5,3
57,55,5,2
37,49,1,2
58,89,3,1
18,42,2,1
61,39,5,2
63,43,4,2
76,66,2,1
88,93,5,3
70,38,1,1
92,62,1,1
68,88,4,1
43,42,1,1
72,80,1,3
65,68,2,1
66,18,3,3
34,64,4,3
80,83,3,3
15,9,5,3
4,11,1,1
58,71,1,2
40,25,5,3
82,78,2,2
21,13,4,3
56,42,5,3
89,70,5,2
62,59,2,2
10,62,4,1
31,78,4,3
25,45,2,3
93,28,1,3
25,11,4,2
82,93,3,2
58,25,1,2
40,87,4,2
30,37,4,2
9,44,5,2
75,93,4,1
86,28,4,1
18,48,5,2
47,44,2,1
78,51,2,3
8,79,2,1
39,80,4,1
15,61,2,3
26,25,1,2
33,47,3,2
9,6,2,1
92,77,5,1
82,1,2,2
10,92,5,3
63,72,5,3
82,36,2,1
83,12,3,3
33,5,4,2
6,47,3,1
77,8,3,1
26,81,4,1
69,74,3,1
33,57,3,3
86,79,2,3
79,71,1,1
86,29,1,3
7,47,4,2
11,89,3,1
90,20,5,3
31,60,1,3
23,22,3,2
71,47,5,2
61,6,1,3
25,50,2,1
24,86,2,2
66,26,5,1
52,75,2,3
55,33,1,3
75,36,3,1
77,23,5,3
57,13,5,3
85,91,5,3
47,88,4,2
77,46,1,1
74,13,5,2
46,56,3,2
16,59,3,1
33,26,2,3
40,62,1,1
78,73,2,1
78,26,5,3
32,92,2,1
68,5,3,1
12,29,4,1
30,66,4,3
38,67,2,3
15,5,1,3
24,50,5,1
71,77,4,2
57,1,1,1
39,81,4,3
16,84,3,3
21,49,4,3
3,76,1,2
49,77,4,1
71,57,1,1
31,41,1,3
54,84,5,1
64,7,1,3
22,73,1,2
11,38,1,3
46,3,5,1
24,51,1,3
62,13,2,2
2,8,3,1
41,27,3,3
61,89,3,2
91,13,3,3
4,69,1,2
36,91,2,3
69,39,2,2
74,81,4,1
73,30,5,2
91,61,3,3
18,85,1,1
89,83,4,2
7,56,1,1
86,38,3,1
1,90,1,2
20,66,1,1
80,44,4,3
67,19,3,2
57,26,5,1
36,27,2,3
44,41,1,2
80,58,3,1
37,35,2,1
54,39,1,2
85,10,1,1
21,30,1,1
92,71,4,3
62,86,4,3
25,92,5,1
52,88,1,3
14,1,3,2
25,73,2,3
36,22,4,1
85,60,1,3
84,13,5,3
17,65,1,2
13,39,2,3
90,73,1,3
58,17,3,1
10,59,1,1
41,20,2,1
46,14,1,2
87,22,2,3
23,53,2,2
87,38,4,1
84,74,5,2
73,52,5,1
34,83,1,3
39,1,2,1
72,57,5,1
67,82,3,3
49,11,1,1
60,76,5,2
92,45,2,1
4,30,5,3
85,34,2,1
90,71,4,2
22,44,1,3
61,47,2,2
85,64,4,1
40,22,2,3
47,78,3,1
59,72,1,1
48,50,4,1
25,80,5,3
90,6,2,1
2,73,2,2
74,30,2,3
66,42,5,3
78,67,4,3
92,12,4,1
6,31,2,1
88,80,1,1
39,71,2,2
68,42,5,2
21,2,2,3
59,4,1,3
44,21,1,3
45,28,1,3
47,24,3,2
39,70,5,2
11,61,2,3
17,23,1,2
39,43,4,3
8,70,3,3
72,12,4,1
5,84,2,3
76,28,3,3
34,24,2,2
69,57,2,3
77,46,3,1
56,56,4,2
25,92,1,2
45,47,4,3
11,44,1,1
22,22,5,2
66,8,2,2
34,47,2,1
93,33,5,3
33,62,3,1
6,77,4,2
56,59,4,1
50,61,5,2
75,26,3,2
15,21,3,1
58,43,5,2
43,27,2,2
23,6,5,1
57,71,4,2
66,32,3,3
75,82,5,3
67,55,5,3
61,25,2,2
17,50,2,1
68,30,4,2
47,69,2,2
68,43,4,1
15,23,4,1
66,37,5,1
7,23,1,2
1,58,5,3
65,72,3,3
36,49,2,3
85,87,5,1
73,50,3,3
46,17,5,3
72,25,2,3
19,33,4,2
48,19,1,3
50,57,3,2
2,89,2,2
15,4,3,3
10,57,5,3
43,49,4,2
56,72,4,1
64,36,3,3
36,88,5,3
22,65,3,1
63,21,2,3
70,35,5,2
24,30,1,1
77,41,2,2
91,4,2,1
70,60,5,2
57,36,1,2
61,82,1,3
21,37,2,2
89,74,1,3
39,38,1,1
77,38,2,3
47,75,4,2
23,64,3,1
44,28,4,1
15,38,1,3
59,52,5,3
49,82,1,1
50,46,1,2
54,63,4,1
12,15,1,2
80,20,4,2
17,60,1,2
9,39,4,3
89,31,4,1
76,33,2,3
10,19,3,1
10,15,3,3
43,54,3,3
14,6,3,2
42,60,5,2
80,60,4,1
63,16,5,1
87,82,3,2
5,27,2,3
50,23,2,2
57,19,1,1
7,17,1,2
85,21,3,2
18,45,1,3
1,40,1,1
63,88,4,3
36,40,3,3
49,74,2,3
81,52,5,3
33,45,4,3
54,7,3,1
61,31,3,3
55,27,2,3
92,72,4,3
43,35,3,3
2,46,3,3
49,87,1,3
19,1,2,3
29,45,3,3
31,37,3,1
74,87,2,3
18,63,5,1
22,42,4,1
58,16,1,2
25,18,1,2
25,1,4,2
3,83,3,1
3,48,4,2
8,17,3,1
84,4,3,2
73,21,1,3
28,7,5,2
10,38,3,1
89,38,3,3
30,44,4,3
24,16,4,2
28,33,5,1
6,28,4,1
80,6,1,3
28,31,5,3
20,14,4,1
27,46,2,1
8,34,4,3
5,21,4,2
48,73,4,3
64,43,4,2
64,57,4,3
88,28,4,2
90,11,1,2
58,12,2,1
86,68,4,3
76,61,3,1
53,9,1,3
12,65,1,3
18,11,1,2
74,61,2,1
30,88,3,3
46,44,3,3
28,45,5,3
60,5,3,2
8,9,3,3
69,57,3,1
39,35,3,1
15,21,5,1
49,23,2,2
24,29,3,3
21,1,5,3
77,53,4,1
57,59,1,1
28,18,3,1
49,12,5,3
84,9,2,1
65,87,5,3
64,48,3,1
52,3,2,3
70,93,2,1
41,41,4,1
70,36,4,3
90,24,2,1
16,82,5,1
54,55,4,1
16,44,1,1
50,32,5,2
9,79,3,1
74,63,4,2
86,77,5,2
75,72,1,2
43,25,2,1
69,12,4,3
93,66,4,1
27,57,4,2
27,67,3,3
62,22,2,3
9,44,5,3
28,74,5,1
40,59,1,2
84,12,2,3
49,53,2,2
70,86,5,1
26,29,2,1
59,44,2,2
62,48,4,2
56,50,2,2
33,1,5,1
63,61,5,1
68,47,3,1
9,22,4,3
26,72,4,2
35,71,1,2
72,9,3,2
21,2,1,1
38,86,5,3
30,1,2,3
75,62,2,3
1,28,2,2
18,65,4,3
5,62,1,1
69,17,3,2
48,25,3,2
68,51,1,3
65,3,4,2
46,28,3,3
60,75,3,1
22,85,3,1
40,32,3,3
13,34,4,3
41,44,4,2
1,65,2,3
38,71,3,1
91,46,4,2
52,44,5,1
79,31,2,2
24,16,2,1
63,60,5,1
84,61,3,2
70,47,3,3
6,82,4,1
55,90,5,1
87,55,2,3
4,41,4,2
25,66,3,1
20,25,4,3
27,1,3,2
2,80,5,1
83,8,3,2
63,53,5,3
87,14,5,3
5,86,5,3
52,57,3,3
46,77,3,2
20,37,4,2
15,72,1,1
59,46,5,3
13,6,1,3
52,54,3,2
46,69,2,3
66,35,5,3
39,49,1,2
50,32,2,1
70,38,5,1
71,62,1,2
20,26,4,3
4,14,2,2
55,10,1,2
88,76,1,2
52,88,3,1
8,82,2,3
37,26,3,2
20,11,5,2
10,31,3,1
86,76,4,2
7,74,4,3
30,59,3,3
35,64,4,3
57,30,3,2
90,85,2,1
65,72,2,2
9,7,5,1
15,93,2,2
64,83,2,2
47,37,4,3
79,20,2,3
48,53,4,1
76,20,1,2
75,33,3,3
6,58,4,2
23,4,4,2
46,93,3,3
60,56,3,2
43,58,2,1
68,49,1,1
53,56,3,1
11,53,4,3
21,77,5,1
22,26,3,3
49,52,3,3
73,12,5,3
44,76,2,1
1,3,1,1
48,66,1,2
32,83,3,3
81,62,3,3
32,84,2,3
92,27,2,2
30,71,5,2
70,4,1,3
91,25,4,2
58,10,5,2
48,23,1,2
9,43,2,2
90,9,1,1
1,9,5,3
22,74,1,1
76,88,2,2
38,26,5,3
33,93,5,1
23,25,1,1
8,18,1,1
58,38,5,3
51,27,2,2
7,78,1,2
55,35,1,1
23,1,2,3
13,81,3,2
91,8,3,1
10,91,2,2
77,58,1,2
64,23,5,2
56,36,5,2
30,34,2,2
66,21,3,2
5,85,3,3
72,2,3,2
24,36,1,3
36,89,4,1
86,3,1,3
67,3,2,3
53,26,5,3
92,4,1,3
30,28,5,2
17,41,1,1
26,49,5,1
40,91,2,2
86,8,1,3
70,31,1,3
71,30,1,2
11,90,2,3
79,46,5,1
31,30,5,1
4,37,2,1
79,6,3,1
31,36,4,1
87,69,5,3
12,18,1,1
72,29,1,2
27,50,3,2
93,63,3,3
16,10,2,2
62,5,5,3
91,31,5,3
7,85,1,1
9,24,1,3
14,37,2,3
11,70,2,3
60,7,5,1
27,74,5,2
87,44,3,2
86,35,2,1
17,87,1,3
57,7,3,1
75,86,3,1
32,48,2,1
20,22,1,2
50,55,5,3
74,68,3,3
10,7,2,1
9,65,4,2
50,13,2,1
42,5,3,1
30,87,5,1
38,33,1,1
81,69,4,2
83,15,2,2
39,43,1,3
68,57,2,2
4,52,3,2
43,82,4,2
26,34,5,2
61,61,5,2
19,30,3,3
58,22,2,3
27,1,4,3
11,22,5,3
30,8,3,2
87,84,5,1
10,46,3,3
15,27,4,2
80,67,3,3
11,26,5,1
85,60,4,2
84,59,4,2
19,85,2,2
77,68,3,3
78,77,3,3
1,80,5,1
80,16,5,3
61,75,2,3
7,2,5,3
27,84,5,1
44,73,4,1
77,55,2,2
43,46,5,2
54,55,3,3
36,17,1,1
87,89,4,3
35,28,3,3
70,89,4,3
73,87,4,2
64,92,4,2
55,8,3,1
83,45,2,1
38,37,2,1
7,84,5,3
54,52,4,1
66,89,3,3
22,2,3,3
34,64,5,1
42,16,4,2
26,65,2,2
81,52,5,2
27,21,5,3
13,22,2,1
10,67,3,3
51,60,1,3
7,73,4,2
73,63,4,1
64,42,3,2
55,85,1,3
7,7,2,3
88,44,4,2
64,57,5,2
51,14,2,1
30,86,2,3
46,68,3,3
47,63,3,2
33,85,4,1
31,84,5,2
3,91,5,3
35,59,1,3
7,93,5,3
82,79,1,2
56,64,2,2
71,78,3,1
5,74,2,2
59,70,2,1
81,9,4,1
24,52,5,1
72,40,4,1
21,76,3,3
86,52,1,3
15,28,4,3
30,89,4,2
85,60,1,2
60,70,4,3
79,60,1,2
1,44,5,1
53,78,2,2
23,16,3,2
93,71,5,2
89,54,2,3
84,78,2,1
16,59,4,1
48,38,5,2
45,34,1,2
48,32,1,1
87,91,1,2
13,77,3,1
72,36,4,1
14,12,4,1
80,9,2,1
70,17,5,2
20,10,2,2
83,55,4,3
25,21,3,2
19,51,3,2
33,35,3,3
90,19,2,2
8,57,1,3
17,6,3,1
20,81,4,1
77,12,3,3
42,35,5,3
74,67,3,1
60,86,5,3
37,69,2,1
18,32,3,1
41,48,4,1
10,90,5,1
24,82,2,2
85,13,4,1
13,86,2,1
25,35,1,1
65,30,2,2
53,27,4,2
64,76,5,1
46,79,2,3
57,93,5,3
25,69,3,1
58,24,1,1
61,81,2,3
92,81,1,3
65,63,3,2
49,56,1,2
24,13,5,2
72,54,2,3
81,62,4,2
72,36,3,2
15,55,4,2
63,28,4,1
46,25,3,3
29,72,3,2
44,19,3,3
75,57,5,2
82,8,1,3
53,14,3,1
71,46,2,3
53,6,1,1
46,15,2,2
41,70,4,2
55,6,2,1
57,11,5,3
44,3,2,2
93,16,1,1
22,37,5,3
30,35,2,2
39,45,4,2
1,43,4,1
82,91,5,2
54,54,2,1
69,16,3,1
25,79,1,2
28,31,4,3
3,7,4,2
82,92,3,3
63,22,2,3
7,12,4,1
73,44,1,1
89,63,1,1
23,10,2,2
73,90,5,3
57,30,2,3
46,31,2,3
2,10,1,1
29,10,5,3
4,78,2,3
30,70,1,2
66,65,4,1
64,5,5,2
21,81,4,3
82,40,1,1
32,29,4,3
10,56,5,3
46,45,1,1
75,30,5,1
27,5,3,1
38,14,3,2
76,61,5,2
66,18,4,3
33,32,2,3
19,1,2,1
17,42,4,1
6,19,2,1
88,71,1,2
32,46,1,1
88,92,3,1
32,20,1,1
63,76,2,1
62,31,2,1
62,63,5,3
5,13,5,2
56,9,3,1
91,41,3,1
33,46,1,3
60,20,1,2
7,82,3,3
30,73,3,2
48,66,2,1
59,5,2,2
9,82,1,1
41,74,4,3
36,70,3,2
45,6,5,1
37,65,3,1
59,85,2,2
87,79,5,1
45,39,4,3
88,21,3,3
46,56,2,1
11,13,1,3
80,4,2,3
59,73,2,2
55,17,5,3
84,29,3,2
81,35,2,3
3,76,1,2
16,35,3,1
55,9,1,2
56,23,5,3
61,89,4,1
81,63,5,3
46,52,1,3
89,6,2,3
77,60,4,3
63,16,5,1
43,25,1,3
62,60,1,1
6,71,3,1
48,53,3,1
83,93,1,1
70,57,4,3
88,43,3,3
33,16,5,3
9,52,4,3
66,25,1,3
85,47,2,3
89,70,5,2
4,55,1,3
85,53,2,2
5,41,2,1
10,74,2,3
5,86,4,1
79,49,5,2
74,39,4,3
9,3,1,3
45,63,5,1
17,46,3,2
39,83,3,1
77,6,1,3
2,8,4,3
90,35,1,3
13,48,4,3
37,8,3,1
33,24,1,1
46,7,1,1
12,23,4,2
27,34,5,1
29,48,3,2
37,83,2,1
12,83,4,3
80,34,4,2
74,84,1,1
52,46,4,3
71,17,4,3
19,89,2,3
8,74,5,1
18,1,1,2
83,76,3,1
9,22,1,1
21,50,5,1
12,84,1,2
66,38,1,2
48,22,2,3
29,62,2,1
12,79,4,3
16,71,2,1
24,79,2,1
70,44,3,2
51,20,3,1
87,80,3,1
78,50,2,2
59,31,1,1
55,22,3,1
29,22,4,2
29,87,5,1
89,48,1,3
49,35,5,2
85,88,4,2
66,88,5,3
40,34,5,3
31,84,5,3
73,59,3,1
20,63,1,3
86,35,2,1
46,71,5,1
74,16,1,1
36,75,5,3
86,29,1,3
62,58,4,2
38,5,3,1
88,37,5,3
53,87,3,3
41,20,1,2
47,77,1,2
41,29,1,2
33,69,4,2
68,83,3,3
72,75,5,2
47,55,1,1
6,77,4,1
46,50,1,1
91,13,1,1
36,24,5,3
61,24,4,2
19,11,5,3
79,86,3,2
24,47,4,2
55,80,5,1
56,15,4,3
16,36,2,3
93,28,1,1
41,3,1,1
51,11,2,1
5,2,1,1
78,38,3,1
55,65,3,2
82,63,2,1
57,64,2,1
88,5,5,2
2,78,1,3
17,55,2,2
11,12,2,3
64,41,5,1
79,13,5,1
17,25,2,1
21,76,1,2
79,22,4,1
39,64,1,2
77,31,4,3
13,46,5,1
6,6,1,1
32,23,3,1
40,64,2,2
16,77,2,1
73,79,4,2
87,82,1,2
63,88,4,3
64,13,5,2
26,36,4,2
41,68,3,2
69,67,4,3
65,93,2,2
88,82,1,1
47,36,3,1
79,54,4,3
11,80,2,1
69,29,5,1
62,49,5,3
27,9,1,3
34,52,5,3
70,64,5,1
15,22,2,1
8,86,2,1
84,50,3,1
57,72,4,3
16,67,4,2
76,77,3,1
40,80,2,2
32,18,1,2
48,89,1,2
16,24,3,1
9,69,4,2
83,93,4,2
16,72,1,1
6,54,4,2
16,87,3,1
63,20,2,3
37,64,2,2
88,43,3,2
66,83,1,1
77,29,1,3
85,28,5,1
89,22,2,2
8,90,2,1
24,42,2,2
49,74,5,2
9,25,1,1
64,1,1,1
2,44,2,3
10,55,4,3
27,19,3,1
40,36,4,3
89,18,5,3
93,11,3,2
60,80,4,3
21,40,5,2
18,18,4,2
61,33,2,2
84,14,1,2
88,6,1,1
93,26,1,3
77,71,2,1
56,19,2,3
72,15,4,2
40,57,5,1
45,36,5,2
3,24,2,2
26,10,1,2
64,23,2,3
14,24,4,3
84,83,4,1
67,48,3,3
6,89,3,2
1,39,2,2
33,25,4,1
11,14,5,3
17,77,2,2
39,7,5,2
75,42,5,1
45,12,3,2
54,16,2,2
73,17,4,2
5,35,1,3
56,43,2,2
49,75,1,3
40,57,3,3
68,63,1,3
33,92,4,2
30,36,4,2
34,58,5,1
66,26,2,3
43,79,4,2
32,84,5,2
92,6,3,1
31,93,4,3
36,45,3,1
81,39,4,2
31,51,1,3
6,21,4,2
35,2,1,2
72,43,3,3
33,47,2,2
66,53,1,1
48,25,4,3
40,11,4,2
36,86,2,2
65,28,2,2
50,65,5,3
68,32,1,2
21,11,1,1
46,31,1,1
16,7,3,2
4,60,3,3
87,59,4,1
36,52,5,3
55,84,3,2
51,37,2,2
56,21,1,2
37,90,5,1
39,77,5,2
43,93,3,3
76,65,5,1
77,85,1,3
55,38,2,1
48,82,2,1
9,78,2,2
42,50,1,1
62,43,5,3
28,85,5,3
20,38,5,2
89,20,4,3
76,59,2,3
1,11,3,2
29,40,2,2
23,85,5,3
18,4,3,3
58,82,5,2
65,46,4,1
59,51,1,3
32,83,2,3
1,82,2,1
89,79,2,2
36,51,2,1
51,87,4,3
28,36,3,1
89,34,4,2
72,85,2,3
12,17,1,1
81,10,1,2
19,70,3,2
41,47,3,2
28,87,1,1
87,84,2,3
68,11,1,1
92,78,5,2
52,75,1,2
24,54,5,3
54,2,4,2
84,18,4,2
3,49,1,1
4,42,3,1
93,51,4,1
65,73,1,2
64,60,4,1
78,5,3,1
38,46,4,1
71,37,2,2
64,29,3,3
71,18,2,1
75,85,5,3
23,15,5,3
91,26,4,2
20,9,1,1
62,42,1,2
76,47,5,3
82,4,1,1
34,76,1,2
82,5,3,2
88,57,5,1
44,46,5,2
55,66,1,2
30,46,1,3
35,70,3,1
28,51,5,1
44,17,5,1
12,49,3,1
55,60,4,3
39,8,3,1
82,37,3,3
38,18,2,1
75,28,5,3
49,9,1,2
59,25,4,3
59,71,2,2
70,6,3,2
11,91,2,2
35,74,5,2
78,10,5,3
88,42,3,1
70,37,5,3
38,34,3,2
20,62,2,1
68,72,5,1
70,89,5,1
75,83,3,2
81,8,2,2
63,60,5,1
15,4,5,3
35,16,5,3
86,87,1,2
70,66,2,1
74,44,3,2
88,65,5,3
40,37,2,2
18,11,2,2
22,15,2,3
16,67,1,3
44,83,4,3
75,16,1,2
6,37,4,1
62,9,4,2
39,38,5,1
35,6,3,2
35,4,3,2
76,93,5,2
93,25,3,3
37,84,5,1
27,19,3,2
90,49,3,3
31,55,3,3
72,83,3,2
70,33,3,2
36,59,4,1
52,34,3,3
45,37,4,1
63,11,1,3
45,80,2,1
68,17,1,1
24,14,1,2
93,25,1,3
1,37,4,2
43,2,2,2
68,78,3,1
50,34,2,2
68,18,1,1
64,16,3,3
28,28,2,2
3,4,4,3
72,91,1,2
37,72,5,2
54,40,3,1
56,72,1,2
16,43,2,2
50,80,5,3
36,83,3,3
84,12,2,3
70,9,4,1
36,72,3,1
11,69,5,3
13,2,5,2
89,20,4,2
61,21,1,2
32,61,2,3
27,24,4,3
58,5,5,1
28,38,2,1
25,5,4,3
15,20,4,2
36,1,5,3
58,54,5,2
20,18,4,1
28,3,3,3
32,18,2,2
73,21,3,2
22,77,2,1
83,12,1,3
18,30,3,3
85,57,3,3
5,46,5,1
77,25,1,1
42,32,2,3
83,36,4,1
3,54,1,1
17,63,4,2
18,89,3,1
28,86,5,1
83,48,5,3
62,9,3,3
93,34,3,1
66,65,2,1
16,15,4,1
9,90,1,2
72,53,4,3
43,43,1,1
87,33,1,3
74,28,4,2
63,22,4,3
29,90,3,1
74,4,2,1
41,33,4,3
10,28,4,1
7,65,5,1
68,46,5,1
54,30,2,1
63,1,1,1
17,46,1,2
52,33,4,3
92,47,4,3
13,57,4,3
2,3,3,1
47,60,3,2
4,33,4,2
12,49,5,2
88,56,1,3
32,74,3,1
88,72,3,1
10,74,1,1
87,57,5,2
40,91,4,3
19,53,1,1
3,12,1,3
55,54,4,1
58,86,5,1
60,3,3,3
5,11,2,3
9,72,1,1
44,30,2,3
82,9,2,2
65,63,3,3
37,30,3,3
63,83,1,2
93,93,4,1
35,10,4,3
2,4,3,3
20,27,3,1
89,33,2,3
16,12,4,3
31,55,3,1
42,66,3,3
73,53,5,2
29,53,5,3
89,90,5,2
85,86,5,3
47,66,4,2
9,65,3,3
30,67,3,3
16,50,5,3
74,35,5,2
58,9,1,3
80,49,2,3
25,48,1,1
78,20,1,1
40,85,1,1
48,38,3,1
72,88,1,1
91,16,4,2
41,65,1,2
59,7,1,2
8,44,1,2
39,33,1,2
91,89,1,3
64,56,1,2
37,38,1,2
26,52,1,2
66,5,1,1
17,11,3,1
22,78,4,2
15,15,1,2
24,52,5,3
9,6,2,1
61,77,3,1
85,92,5,1
63,34,5,2
44,7,3,2
22,44,5,3
40,39,5,3
72,20,3,1
39,34,4,2
45,92,1,1
61,49,2,3
39,49,4,2
56,49,4,3
42,70,5,3
84,28,1,2
28,31,3,1
16,64,5,2
61,20,3,3
32,65,1,1
45,58,3,2
8,82,1,3
27,49,1,1
90,22,1,3
59,33,4,2
3,92,3,1
10,66,1,1
16,63,3,2
49,21,1,2
75,30,5,3
12,40,1,2
46,24,3,1
41,55,4,2
61,36,1,1
49,36,1,1
43,90,4,1
32,75,5,2
26,31,4,3
93,25,3,1
37,90,4,1
74,20,3,1
52,33,3,2
9,39,4,3
26,61,5,1
91,67,5,2
74,9,4,2
73,29,2,1
16,64,3,3
38,89,5,1
89,3,4,1
16,82,5,3
25,51,4,3
15,58,5,3
92,17,4,2
51,71,1,2
84,56,2,1
58,74,3,1
74,18,1,3
13,19,5,1
53,74,5,2
37,33,5,1
23,15,5,2
85,44,5,3
90,12,3,1
11,62,5,1
46,10,5,3
81,25,5,3
59,38,4,1
34,47,4,2
14,39,4,1
10,55,2,3
41,93,3,2
73,50,4,1
91,4,2,1
54,59,3,1
78,49,2,3
67,62,5,3
90,67,3,1
47,89,4,3
86,52,3,2
79,51,3,3
17,2,3,3
6,24,4,1
5,73,3,3
24,90,3,3
59,83,1,2
2,42,5,3
23,55,2,3
79,7,4,3
16,18,4,3
52,85,1,2
3,22,2,3
52,51,4,3
18,71,5,1
78,10,3,2
87,22,5,1
80,42,4,1
7,1,2,1
21,76,2,3
23,76,5,2
82,41,4,1
78,36,5,3
6,59,2,2
38,67,2,3
80,40,2,2
68,55,3,2
60,85,3,3
67,2,2,1
44,84,4,3
13,79,4,1
6,14,5,3
76,71,5,3
15,77,4,3
23,29,4,2
4,84,5,1
9,93,1,3
31,33,5,2
71,34,4,3
77,53,5,3
81,47,1,3
70,39,5,1
41,38,1,3
41,23,1,1
64,81,1,1
8,74,2,1
22,13,3,3
44,57,2,1
3,18,5,1
4,61,2,2
42,13,3,2
43,24,1,1
20,71,2,1
77,73,3,2
19,2,3,1
22,85,3,1
70,47,4,3
42,2,1,1
38,50,3,1
18,69,4,1
77,56,1,3
12,12,5,3
64,89,3,1
46,93,5,1
35,10,2,1
29,58,1,3
38,2,2,3
52,7,3,3
38,62,3,3
66,51,1,2
20,53,5,2
31,21,3,1
73,1,3,1
70,93,5,2
47,49,5,1
93,85,5,2
91,64,2,1
16,78,5,1
15,44,3,3
42,37,5,3
82,67,3,1
19,68,5,3
59,19,4,1
35,75,2,3
36,37,4,2
48,3,2,3
56,61,1,2
57,87,3,2
20,4,4,2
57,33,4,3
63,67,3,2
23,84,1,3
43,21,2,3
16,81,1,2
64,62,4,2
85,2,4,2
59,5,5,3
60,83,4,3
22,51,3,1
52,71,3,1
28,13,5,3
38,90,4,1
30,48,1,1
68,73,5,1
87,85,5,2
88,26,1,1
80,6,2,1
34,61,4,1
15,4,2,3
2,81,2,1
13,62,1,1
48,32,3,2
35,64,5,1
27,51,4,3
51,5,2,2
9,56,4,3
62,57,2,3
92,25,3,3
91,4,4,1
30,18,4,3
65,73,3,2
72,77,5,2
77,54,2,1
44,31,1,3
29,77,5,2
74,93,2,1
34,71,2,3
42,23,1,1
46,1,2,2
52,81,1,3
49,25,5,3
89,69,2,1
19,49,5,2
82,47,3,2
51,79,1,3
50,42,3,3
59,72,3,2
86,92,5,1
28,82,4,1
66,47,2,2
87,24,2,3
2,81,5,3
17,77,5,2
16,10,1,2
90,76,5,2
37,91,1,2
31,69,3,3
78,34,3,3
4,15,2,2
33,40,1,3
79,64,5,3
70,53,5,1
64,93,2,1
32,45,4,2
42,85,4,1
29,47,2,1
21,77,2,1
15,24,2,1
76,60,2,2
8,89,3,2
71,53,3,1
8,22,4,1
8,73,3,3
77,32,1,2
73,66,5,3
12,88,3,2
26,65,2,3
5,31,1,1
72,22,4,3
29,77,3,3
84,60,3,2
73,59,3,1
72,82,5,2
56,52,5,2
40,43,4,3
11,90,1,1
72,21,5,2
31,58,2,1
77,62,5,3
33,68,1,3
93,63,5,3
72,35,3,2
70,49,1,3
76,78,5,2
41,60,1,1
35,31,4,1
31,46,3,2
42,20,5,1
15,20,2,3
41,52,3,3
51,59,3,1
16,82,4,1
11,28,1,1
65,60,1,1
59,40,3,3
23,25,3,3
87,1,4,3
8,11,3,1
70,62,4,3
92,43,4,1
34,31,4,3
8,50,5,3
57,27,4,2
90,85,2,1
57,29,4,3
72,13,2,1
75,80,2,2
83,56,3,1
69,28,1,2
31,90,3,1
8,42,1,3
54,89,4,1
27,49,3,2
21,92,1,3
8,8,2,2
13,75,3,1
7,34,2,1
83,91,1,3
91,75,4,2
4,37,4,1
3,31,3,1
85,88,5,1
25,53,1,2
20,8,3,1
66,60,1,3
70,8,1,3
17,86,2,1
47,93,2,2
80,14,5,3
13,50,1,1
17,3,4,2
51,60,2,2
17,72,5,3
13,89,2,1
84,30,2,2
6,68,1,2
82,66,1,2
93,3,3,1
83,3,3,2
37,37,3,2
39,27,1,3
51,5,2,1
70,2,1,2
83,27,3,2
12,77,5,3
56,64,3,2
52,15,2,3
44,89,2,1
10,65,4,2
47,49,1,3
49,43,2,3
1,77,2,2
27,2,2,3
14,4,2,1
37,23,1,2
16,33,2,1
44,55,3,3
33,4,2,2
93,77,5,1
2,32,5,3
69,71,3,1
47,73,3,1
81,20,1,1
30,29,2,2
56,79,1,2
68,55,1,2
44,55,2,2
24,54,1,3
14,21,5,1
72,70,3,3
61,45,1,1
69,66,1,1
11,7,5,1
49,51,5,2
58,13,2,1
81,40,5,3
50,18,3,1
23,48,3,3
13,1,1,3
40,11,3,2
30,57,3,2
91,8,1,2
65,39,5,2
51,13,1,3
17,9,1,2
15,22,1,3
41,41,4,2
16,32,3,1
30,60,4,2
4,9,3,3
61,35,5,3
58,20,2,1
85,39,3,1
1,49,1,3
20,22,4,1
20,37,3,3
20,36,3,2
23,80,1,3
28,52,1,1
56,24,5,1
35,31,5,3
30,8,2,1
17,7,2,1
42,38,1,2
1,64,5,2
58,89,2,1
70,54,5,2
79,76,1,3
73,50,3,2
7,78,3,1
33,5,3,2
7,74,4,3
30,46,3,3
81,73,5,2
9,83,5,1
34,59,5,3
26,41,1,2
84,38,2,1
41,90,3,1
5,81,1,1
16,15,1,2
78,48,3,3
49,66,5,1
74,27,4,1
93,57,3,1
66,9,5,1
22,89,5,2
69,6,5,3
41,2,2,3
30,82,4,3
91,90,4,1
3,81,4,3
63,65,3,1
8,10,2,3
67,53,1,1
75,78,2,1
71,27,4,3
68,21,1,3
12,57,3,3
80,18,2,3
75,50,5,1
11,35,1,2
4,42,2,1
30,46,5,3
47,74,2,3
10,81,4,2
2,46,3,1
12,51,5,1
31,52,4,1
14,62,5,2
53,22,1,2
38,51,5,3
30,72,1,1
20,15,2,2
42,92,4,1
4,65,2,3
30,73,4,3
82,37,1,3
54,23,5,2
81,21,2,3
35,59,2,3
45,80,4,1
30,44,1,1
13,36,1,1
21,90,3,1
9,75,2,3
82,90,3,2
22,17,1,3
57,19,3,2
68,62,3,1
2,69,4,1
39,49,2,2
28,50,1,3
5,69,2,1
92,40,4,1
35,92,2,3
46,37,2,1
55,53,3,3
82,20,5,3
84,86,3,1
27,15,1,1
55,40,2,1
44,92,1,3
54,52,3,1
2,48,2,1
5,58,5,2
64,12,1,2
61,69,1,3
56,8,2,3
68,6,2,3
61,28,5,2
79,44,4,1
6,22,4,2
34,10,3,3
84,37,5,1
85,93,4,2
61,29,3,3
69,76,4,2
48,14,2,3
22,62,4,3
19,41,3,3
56,39,3,2
6,75,2,3
16,77,4,1
15,12,2,1
91,26,1,2
46,75,5,3
21,43,5,3
1,31,4,2
81,57,2,3
24,51,4,1
52,88,2,1
22,18,3,2
34,76,3,1
91,36,4,2
28,47,1,1
14,3,2,1
14,19,5,2
59,46,4,3
16,78,4,1
40,39,4,2
77,53,4,1
48,42,4,2
13,81,2,2
67,77,5,1
24,37,3,3
84,83,3,3
61,26,5,2
77,26,3,3
18,77,3,2
48,39,2,3
65,16,4,1
72,71,1,2
63,85,1,3
32,42,1,1
13,51,3,2
27,39,1,1
91,34,1,1
1,91,3,3
71,73,2,3
43,77,5,1
30,14,5,3
79,23,4,1
11,64,4,3
24,67,2,1
28,74,2,3
5,70,1,3
71,62,5,2
40,79,1,1
66,62,3,2
37,33,1,1
62,39,2,2
76,51,3,1
52,9,1,1
26,42,3,2
85,23,3,2
92,85,4,3
87,64,3,3
25,50,2,2
10,19,1,3
53,79,2,1
72,35,2,2
79,75,3,1
72,87,4,1
23,25,2,1
56,64,5,1
33,78,4,1
61,88,3,3
56,58,1,2
14,84,4,2
42,53,3,3
40,1,5,3
71,31,5,3
65,2,1,1
18,59,3,3
80,68,5,1
72,9,1,3
53,75,5,3
39,52,2,1
6,33,3,2
23,84,1,2
8,60,5,3
29,74,2,2
66,24,3,2
71,82,3,1
86,84,4,1
82,16,4,1
30,30,3,3
63,2,3,1
89,44,1,2
90,48,5,3
19,4,3,1
86,22,4,3
47,54,3,1
50,79,4,1
89,84,2,2
93,47,1,3
89,14,3,3
75,9,4,2
5,10,4,1
27,91,4,1
18,18,1,2
28,70,4,3
72,33,4,2
85,61,3,2
72,81,5,2
89,77,5,3
93,83,3,2
27,75,5,3
66,39,3,1
79,6,1,2
27,49,4,2
77,65,3,2
22,45,4,1
68,45,5,2
57,76,3,1
24,25,1,2
6,61,3,3
40,71,4,1
82,64,3,3
60,88,3,2
17,44,4,2
29,14,3,2
81,20,2,1
61,34,1,1
39,34,2,3
17,75,1,3
18,87,1,2
41,4,1,1
79,49,1,2
30,89,1,3
30,86,4,1
49,13,1,3
27,75,4,1
60,14,3,3
64,64,5,2
14,15,5,1
16,57,2,1
64,3,5,1
35,65,2,1
84,62,5,3
22,65,3,1
58,33,3,3
70,28,5,3
77,70,4,3
40,31,1,3
79,49,3,1
33,14,5,3
26,68,2,2
76,85,5,2
33,57,3,3
43,63,5,1
85,44,1,2
64,30,3,1
69,49,1,2
22,89,2,3
20,16,1,1
3,31,4,1
15,92,1,2
48,14,1,3
90,42,2,1
48,28,1,3
6,36,4,3
72,61,4,1
84,59,4,1
31,72,3,1
45,27,4,2
25,79,4,1
33,72,1,3
3,6,5,2
65,28,4,1
13,90,5,2
6,2,5,3
88,29,1,1
48,84,5,1
55,29,4,3
35,67,3,3
93,51,5,2
38,44,4,2
12,52,3,3
34,76,1,2
85,69,1,1
44,31,5,1
77,34,5,2
81,18,5,3
86,27,4,3
38,76,2,1
69,55,2,3
41,2,2,1
31,9,3,1
93,33,4,3
23,32,3,2
63,78,3,2
52,13,1,3
51,53,2,1
26,92,1,2
4,38,4,1
11,85,1,2
62,48,1,2
59,5,2,2
89,90,1,2
2,41,1,2
79,30,1,2
49,35,2,3
44,72,1,1
49,26,1,2
53,62,3,2
90,62,3,1
25,23,4,3
63,29,1,2
82,88,2,1
35,10,4,1
57,13,2,2
53,92,5,1
13,88,1,1
80,17,5,1
48,38,5,2
20,46,2,3
79,49,2,1
64,69,5,3
82,68,1,2
4,47,4,3
28,80,2,2
4,59,5,1
5,26,3,3
55,70,1,2
55,89,4,3
6,19,2,1
22,65,3,3
89,38,1,3
36,74,2,3
36,41,3,1
92,30,4,2
65,81,2,3
43,40,1,1
43,55,5,3
55,88,2,2
23,10,5,3
21,60,3,3
24,31,2,1
59,79,1,2
69,51,2,2
50,58,1,3
35,67,5,2
71,54,2,2
19,42,3,2
30,26,2,2
3,16,2,1
75,34,4,1
7,90,5,3
48,51,3,1
11,88,3,3
46,14,3,1
7,35,4,3
54,70,1,3
78,42,3,1
50,12,4,1
38,55,2,3
3,60,5,2
8,26,5,3
18,36,2,1
77,5,4,1
66,78,1,2
8,22,2,2
15,50,3,3
74,32,2,1
54,64,2,1
84,74,1,1
57,80,4,2
68,43,5,3
19,46,2,1
1,64,5,2
33,92,1,1
53,45,4,2
35,54,2,1
46,20,5,1
75,24,3,2
52,2,3,2
4,88,5,3
62,84,4,3
51,46,4,1
20,3,5,3
76,32,3,2
22,26,3,1
78,14,5,2
4,15,3,1
36,27,3,3
22,44,3,3
55,1,4,3
47,50,3,2
86,45,3,2
70,72,4,2
13,27,4,3
20,36,4,3
48,47,5,2
68,18,5,1
61,86,1,2
77,61,1,3
34,56,5,1
42,58,2,3
30,90,1,3
43,27,5,3
53,17,5,3
9,64,2,2
84,71,5,1
39,81,2,2
41,51,4,3
25,76,1,3
91,67,2,3
62,61,1,1
5,43,3,3
74,62,5,2
74,42,2,2
30,39,2,2
84,31,5,3
54,22,5,2
29,90,2,3
81,42,2,1
46,54,1,2
72,90,5,1
28,14,4,3
14,42,1,1
48,17,1,3
89,87,3,3
69,30,1,2
82,25,3,3
87,16,3,2
56,30,1,1
71,13,2,1
56,37,4,2
52,84,4,3
80,77,2,1
65,89,5,3
45,28,2,1
77,33,5,2
20,55,5,1
76,87,2,1
83,22,4,3
30,9,4,3
5,35,4,2
84,68,1,1
3,63,5,3
47,38,4,3
56,50,4,3
82,33,2,1
13,79,1,3
37,86,3,1
48,77,4,2
72,50,3,1
66,63,1,1
62,80,5,1
12,19,4,1
14,66,5,1
7,52,3,1
8,84,5,2
70,51,5,1
36,9,1,3
42,19,1,3
28,16,1,2
3,22,4,1
37,20,1,2
23,52,2,2
24,20,4,2
79,14,2,1
8,21,5,1
58,45,4,2
50,25,4,1
44,73,3,1
9,14,5,2
71,31,2,3
53,59,3,3
38,16,3,1
45,92,5,2
33,77,2,1
7,84,2,3
73,75,3,1
7,34,3,3
3,36,2,1
49,63,4,2
58,11,4,3
23,14,4,1
11,43,2,3
7,67,5,2
58,34,5,3
16,32,1,3
76,65,4,2
54,67,5,2
58,15,4,2
8,1,5,3
52,73,2,1
90,10,4,2
1,74,3,2
14,60,2,3
22,84,2,3
54,23,2,3
18,88,2,3
74,82,5,1
44,72,3,1
12,43,4,2
37,20,5,3
6,17,4,1
7,26,2,2
33,92,5,3
60,65,3,1
23,91,3,2
77,7,5,2
50,59,5,2
77,44,3,2
31,74,3,1
55,77,1,3
15,70,2,1
38,92,2,2
64,93,3,3
71,30,1,3
29,23,4,3
54,33,4,1
26,3,3,3
47,30,3,3
52,2,5,2
77,91,1,1
7,38,5,1
41,54,1,2
42,54,2,3
39,88,1,3
77,2,5,2
58,21,4,1
41,88,2,3
50,69,5,3
19,90,2,3
61,67,1,2
38,36,1,2
35,53,3,3
15,38,2,3
42,23,3,1
69,63,1,1
32,64,5,3
30,6,5,3
93,48,3,2
76,64,3,1
34,12,3,3
19,67,2,2
3,30,5,3
3,32,3,2
47,80,5,2
91,37,1,1
35,90,5,3
19,70,3,1
68,1,5,2
7,16,2,2
40,43,2,3
76,74,3,2
19,19,2,3
9,75,2,3
91,86,3,2
70,37,5,3
87,36,3,2
30,57,2,2
20,24,5,3
71,43,4,2
86,49,1,2
33,1,3,2
7,73,4,3
40,36,2,2
29,25,1,2
89,33,4,1
30,81,5,2
82,68,4,2
67,31,5,2
55,51,2,1
58,46,4,2
26,73,4,2
53,28,4,2
33,28,1,2
24,58,4,3
77,69,4,3
32,24,1,3
92,41,5,1
53,75,1,3
61,71,5,1
34,81,2,1
45,53,3,2
38,92,5,1
77,23,5,2
81,92,3,1
19,41,2,1
75,15,4,1
81,28,1,3
73,21,5,2
46,85,5,3
53,16,1,2
28,78,2,1
84,83,2,2
48,80,4,2
54,72,3,3
41,21,3,3
38,67,2,2
90,9,4,2
66,38,2,3
53,39,4,1
22,85,2,2
72,15,5,3
11,65,1,3
62,51,3,1
33,65,2,1
46,3,5,1
80,85,1,3
14,29,5,3
40,33,3,3
57,81,2,2
5,79,1,3
92,28,5,1
71,16,1,1
75,70,2,2
71,71,5,2
52,4,1,1
53,72,2,1
84,34,1,2
27,72,1,2
20,77,2,2
71,50,2,2
54,81,1,1
93,60,1,1
90,65,3,1
65,26,3,3
27,23,4,2
54,17,1,2
47,76,4,3
13,89,2,2
31,48,4,1
69,69,1,3
49,10,3,3
91,22,5,2
9,30,5,1
15,5,5,1
32,21,1,1
53,27,5,1
12,2,5,3
40,51,4,1
52,90,2,3
33,41,2,2
44,7,3,3
27,18,5,1
24,70,1,2
41,47,1,3
24,81,5,1
23,90,2,1
88,17,4,2
46,66,2,1
63,91,3,1
51,48,3,1
11,90,3,1
78,11,2,3
57,27,2,1
90,57,2,1
79,65,1,1
60,83,2,1
48,10,3,2
83,90,5,1
68,66,4,3
67,81,3,3
29,93,5,1
71,79,3,1
9,77,2,2
62,67,1,1
42,55,3,2
32,12,5,1
55,54,1,1
65,57,5,3
90,22,5,1
69,53,2,2
87,91,5,2
12,89,4,2
64,10,1,2
48,48,2,1
62,6,4,2
26,85,5,3
21,89,1,1
66,40,1,3
90,23,4,1
39,39,4,1
6,34,4,1
82,47,5,1
57,37,4,3
87,46,2,3
87,16,4,1
91,56,4,2
11,31,4,1
48,44,1,1
8,9,3,1
43,68,4,3
6,4,5,3
75,60,3,2
6,34,4,1
80,5,4,2
33,64,2,2
71,23,4,1
8,7,1,3
10,15,2,2
4,74,5,2
1,7,4,2
51,78,5,1
76,87,1,3
63,63,5,3
24,41,4,1
76,72,3,3
61,2,4,3
79,53,1,3
61,54,3,3
6,51,4,3
80,65,3,2
52,18,4,2
61,11,4,2
92,13,4,3
82,27,5,3
48,64,2,1
10,15,1,1
72,81,2,2
64,39,5,3
57,17,2,1
31,84,1,1
20,86,5,3
88,16,3,3
10,4,1,3
48,91,2,2
25,78,4,3
79,17,4,1
13,12,5,3
54,18,3,1
75,87,3,3
29,93,5,1
81,37,1,2
24,91,1,1
11,81,1,1
39,50,5,1
12,40,4,2
19,72,1,3
65,58,4,2
29,13,5,1
42,69,1,2
67,55,5,3
32,24,4,3
60,28,3,2
46,28,1,1
2,10,5,3
79,55,3,3
6,5,3,3
16,39,3,3
90,29,4,3
22,52,3,3
81,51,3,3
35,26,1,2
68,21,1,3
39,89,5,1
58,25,1,2
75,58,4,3
72,48,1,2
72,33,5,2
75,48,2,3
3,67,4,1
44,93,2,1
88,84,2,1
60,87,5,1
43,31,4,2
81,44,3,1
46,41,2,3
89,14,5,3
58,74,5,3
79,49,4,3
64,14,3,3
9,56,5,3
87,80,4,2
21,84,1,2
26,40,4,1
20,71,5,1
51,35,4,1
4,74,2,2
83,34,3,1
76,20,4,1
68,62,4,2
70,2,1,3
53,54,5,1
91,62,1,3
62,28,1,2
75,43,5,3
17,40,1,3
54,64,2,1
66,13,5,1
91,22,4,3
78,67,1,3
7,45,5,3
25,27,3,3
77,26,2,3
93,52,4,1
42,29,4,2
9,74,1,3
93,90,2,3
64,39,3,1
9,27,4,2
47,36,5,1
49,46,3,1
6,56,5,3
73,49,4,3
55,68,3,3
56,78,3,2
14,70,2,3
18,59,2,2
22,23,2,1
26,41,4,2
29,89,5,2
23,28,5,3
82,85,2,3
44,62,1,3
30,42,4,1
72,70,2,3
65,32,4,1
75,21,1,2
74,41,1,2
63,35,5,3
83,27,1,2
73,64,2,2
92,70,4,1
31,86,3,2
41,90,2,1
34,2,1,2
25,93,3,3
46,58,3,2
46,36,5,2
4,62,3,3
87,42,2,3
71,3,2,1
17,52,2,3
8,58,3,3
35,78,2,1
77,65,4,2
62,23,5,2
12,36,3,1
92,60,5,2
19,20,1,3
56,62,4,2
51,23,4,2
89,60,4,2
33,48,5,3
41,75,1,1
64,78,5,1
56,61,2,3
43,66,2,1
40,57,3,3
49,65,2,2
39,90,4,2
86,28,2,3
76,12,5,3
81,2,4,3
45,19,1,1
59,14,2,3
54,83,3,3
51,73,4,1
55,6,5,3
48,74,1,1
33,87,5,3
77,34,3,1
65,91,4,1
1,35,4,3
59,87,4,1
5,65,2,1
75,87,5,1
84,31,5,3
14,29,4,3
57,28,3,1
85,3,4,3
19,88,2,2
24,72,5,1
16,47,5,1
80,27,5,2
6,58,1,1
3,37,3,2
41,26,1,2
82,57,2,2
20,30,5,1
25,76,5,3
21,78,4,2
90,58,3,1
54,8,2,3
87,78,2,3
90,57,5,3
69,47,4,1
68,64,1,2
64,5,3,1
21,4,3,1
17,60,2,1
60,2,5,3
34,60,1,3
30,82,4,2
4,41,5,3
19,42,4,1
31,91,3,2
28,49,2,2
44,79,4,1
86,13,2,3
48,88,4,1
80,4,4,2
15,68,1,3
5,60,4,3
9,57,2,1
73,68,1,1
26,68,1,2
36,52,5,1
6,7,3,1
81,81,3,2
86,1,3,1
83,83,5,1
88,21,4,2
74,15,5,3
65,63,5,1
87,85,3,2
89,64,1,3
91,75,4,2
70,79,3,2
78,15,5,3
5,11,4,2
70,69,1,3
75,20,3,2
90,11,4,1
15,21,4,2
19,76,2,1
59,8,5,2
24,2,1,3
90,62,5,2
87,11,3,2
1,85,2,1
21,1,4,3
89,7,5,2
53,68,3,1
23,77,4,3
76,89,4,2
26,82,3,1
34,15,4,3
3,54,3,3
16,31,2,3
93,47,5,2
7,77,5,1
68,77,4,1
33,7,5,3
79,15,1,1
9,90,2,1
74,6,1,1
42,56,4,1
92,59,5,3
70,72,4,3
70,75,1,2
75,15,3,2
87,10,2,1
33,60,4,3
15,62,4,3
31,85,3,1
87,63,1,3
5,65,3,1
84,35,2,1
72,86,1,2
49,18,5,1
48,29,5,3
64,18,3,1
37,71,5,3
18,70,2,3
65,58,2,3
49,23,3,3
58,37,2,2
16,16,5,2
50,55,2,3
54,64,2,3
57,8,2,1
1,51,2,3
57,1,3,2
13,77,5,3
75,62,1,3
75,72,3,1
18,55,2,3
67,85,1,1
45,32,4,3
39,13,4,3
35,40,5,2
50,81,4,2
54,16,4,3
41,9,1,1
72,54,5,2
40,25,5,3
82,76,2,3
56,25,4,3
39,50,5,1
76,42,5,2
90,83,1,3
43,55,5,2
87,44,1,2
36,11,5,2
23,4,1,3
12,66,5,2
35,46,5,2
69,15,3,1
56,23,4,2
69,72,1,2
41,50,2,2
28,12,1,2
11,30,1,1
64,6,1,2
62,54,5,3
65,53,4,1
33,12,3,1
72,89,2,1
24,44,1,2
2,51,2,1
86,73,2,2
32,15,4,2
63,1,2,3
9,72,1,3
59,65,3,2
75,17,4,2
1,47,1,3
2,83,1,1
21,11,4,3
4,2,3,1
70,71,2,1
39,10,2,3
40,85,5,1
57,61,5,2
17,14,2,2
60,39,1,1
35,24,4,3
3,3,2,2
19,93,1,3
6,55,1,3
60,16,3,2
90,45,4,2
72,24,5,3
10,28,5,1
65,49,1,3
24,76,2,1
22,43,2,3
82,49,2,1
65,14,4,1
6,62,4,1
91,79,5,3
45,30,3,3
14,55,3,1
36,62,5,1
60,86,5,1
57,42,2,1
34,68,3,2
20,68,3,3
16,58,2,1
66,89,5,2
90,12,1,2
48,37,4,2
88,80,2,2
30,20,3,1
15,58,5,1
30,85,3,3
91,38,1,2
24,75,4,2
93,69,3,2
22,15,4,1
37,4,4,3
91,46,1,3
23,41,2,2
80,77,5,2
77,32,3,3
4,47,1,3
60,78,4,1
59,28,2,2
62,12,2,3
15,83,1,2
38,83,3,3
26,75,1,3
3,65,1,3
34,93,4,2
91,89,3,1
75,22,4,1
46,41,1,3
53,83,3,1
34,27,2,1
57,39,4,3
42,82,4,1
45,90,4,1
19,72,2,3
51,43,4,3
25,76,2,1
25,30,1,1
66,53,5,1
53,91,2,1
20,67,4,2
32,24,3,3
7,7,2,1
3,52,2,2
30,39,2,2
39,38,3,2
8,61,1,1
35,42,3,3
24,16,1,2
61,28,1,2
81,58,1,2
81,60,5,2
66,71,2,1
46,29,4,2
34,92,5,2
31,89,2,1
38,91,2,2
8,52,3,3
71,7,2,3
46,17,2,2
25,65,3,3
59,47,5,2
16,58,3,2
46,60,5,1
22,28,1,1
49,62,2,3
1,88,1,2
14,41,5,3
2,58,5,3
14,72,4,3
8,12,2,2
84,19,5,2
83,64,3,3
29,16,4,2
5,30,4,2
64,8,1,2
2,18,4,3
27,64,3,2
61,39,1,2
10,84,2,2
48,76,3,1
27,80,3,1
57,38,4,1
37,90,5,1
53,85,2,1
9,87,5,1
26,69,4,1
53,35,1,1
74,64,1,3
88,16,5,3
9,89,4,1
55,3,2,2
67,63,1,2
87,6,5,3
62,60,5,1
56,16,2,1
92,75,3,2
73,84,3,1
50,46,3,2
65,14,2,3
65,29,1,3
7,50,1,1
73,36,3,2
23,58,3,1
6,83,1,1
46,69,5,3
73,23,1,3
31,15,1,1
42,8,2,1
12,83,4,3
67,41,3,2
61,66,3,2
32,17,4,2
9,89,3,2
54,60,1,1
39,56,4,1
78,42,2,3
59,26,1,3
50,76,4,3
55,39,1,3
77,22,3,1
43,18,5,2
16,93,3,2
48,70,2,2
22,72,5,3
20,36,4,2
81,90,1,2
4,80,3,3
7,29,4,2
20,83,5,2
3,74,5,1
87,52,3,2
10,29,1,3
58,31,3,2
34,56,2,1
68,66,4,2
58,73,3,2
93,37,2,2
34,64,5,2
33,63,5,3
70,88,3,3
25,81,5,1
23,83,3,2
26,42,4,1
86,14,4,3
23,89,2,3
25,80,3,3
1,61,2,2
79,13,5,3
84,11,2,2
36,2,5,2
89,62,3,2
44,93,5,3
62,14,5,1
11,16,2,2
18,72,5,3
8,11,1,3
84,19,5,1
23,1,5,3
55,2,3,2
89,58,4,3
48,66,3,1
62,84,2,2
33,44,5,2
76,72,3,1
47,39,4,1
50,54,4,1
74,14,4,1
4,83,5,1
11,5,4,2
92,82,4,3
90,71,5,2
81,21,1,3
43,49,3,3
19,69,5,3
26,76,4,1
16,7,5,3
6,33,4,3
24,88,3,2
65,37,5,3
40,38,1,1
84,46,3,3
8,15,4,2
83,86,3,1
27,6,5,3
21,58,3,3
3,9,4,1
58,43,1,2
3,76,5,1
39,73,3,2
65,61,2,2
25,63,2,2
25,53,1,2
75,58,5,1
39,60,5,2
25,40,1,3
71,43,3,1
78,28,1,3
13,88,4,1
13,43,3,2
54,27,3,2
92,17,3,2
44,43,1,3
93,21,2,2
66,5,5,1
86,16,1,2
53,67,3,3
91,16,5,1
36,39,1,1
55,38,5,1
1,24,3,2
49,41,4,3
84,17,3,1
53,64,4,3
92,64,3,1
8,42,3,3
69,65,1,1
59,22,1,1
4,86,3,2
27,25,2,1
74,55,3,1
60,5,1,2
55,21,4,3
68,63,1,2
76,18,5,1
71,18,2,2
35,38,3,2
59,51,4,1
89,71,3,3
26,75,5,2
82,83,4,2
9,22,5,2
37,31,5,1
78,12,4,1
52,49,5,2
41,61,5,3
10,7,1,1
60,45,1,2
63,45,4,1
13,9,1,2
55,38,2,2
50,39,2,2
46,71,3,3
89,73,1,1
44,64,4,2
58,81,5,3
60,40,2,1
19,51,1,1
73,35,3,3
49,39,3,1
7,22,5,1
8,51,5,1
53,58,5,2
92,22,2,3
14,56,5,3
91,93,4,1
86,86,1,2
23,49,4,3
10,58,4,2
50,74,3,2
1,30,3,2
63,7,1,1
75,36,3,1
30,48,3,3
26,25,5,2
23,68,1,3
24,69,3,3
13,13,5,2
41,38,4,2
83,49,3,3
29,86,2,1
35,62,2,1
93,83,1,2
84,70,1,1
78,33,2,1
19,83,4,3
50,57,2,2
66,46,3,1
41,12,4,3
8,57,5,2
16,84,5,3
45,21,2,3
14,19,1,3
92,27,5,3
58,90,5,1
60,10,2,2
53,69,5,2
11,42,1,3
7,29,5,3
70,89,5,3
35,54,1,1
41,14,4,1
70,32,3,1
73,54,4,1
71,13,5,3
12,19,4,3
20,38,3,1
14,9,4,3
26,68,2,3
2,57,4,1
42,24,1,2
54,19,3,2
55,52,5,2
9,82,2,3
76,58,2,1
90,34,4,3
56,27,2,2
37,24,4,3
8,33,2,3
7,62,2,1
45,31,3,2
64,37,4,2
22,4,4,3
48,12,3,1
62,49,2,3
56,18,3,3
20,83,1,2
26,10,3,2
39,49,2,1
52,82,4,1
54,66,2,3
71,10,1,2
19,47,1,3
41,35,4,3
64,28,4,3
17,44,4,3
23,55,4,3
1,14,2,3
23,62,5,2
48,84,4,1
55,40,5,2
39,1,2,1
86,29,1,1
9,89,2,1
54,33,5,3
61,39,5,2
57,64,3,1
93,69,5,2
83,47,5,1
56,92,1,3
19,54,2,3
38,44,1,1
77,45,1,1
87,49,4,1
69,82,2,3
27,57,4,2
6,76,2,1
64,21,4,3
93,3,3,1
92,66,5,2
92,77,2,3
29,61,5,3
73,33,1,2
49,30,1,1
37,3,3,1
42,93,2,3
90,3,4,2
79,4,2,1
49,68,1,1
90,63,1,1
23,84,5,2
40,1,1,2
36,20,3,1
18,28,2,2
36,28,2,1
47,92,1,1
31,28,4,1
40,28,1,2
31,5,2,2
35,48,4,1
7,12,3,3
6,55,2,3
42,70,5,1
89,64,4,2
70,16,2,1
39,77,5,1
49,8,5,3
70,26,5,3
37,21,1,1
48,64,4,2
17,13,1,3
55,90,3,1
59,48,5,3
37,53,5,1
54,22,3,2
35,54,1,3
66,31,3,1
51,14,5,1
17,50,1,3
45,12,3,3
65,80,4,3
87,85,1,3
51,2,5,1
90,80,4,2
73,10,2,2
1,85,5,3
81,69,3,2
16,38,5,2
77,71,1,1
93,22,2,3
17,11,3,2
5,20,5,2
14,18,3,1
32,46,5,3
63,79,1,3
56,79,1,2
78,40,2,1
46,17,4,1
9,78,1,2
9,66,3,3
47,77,5,2
13,23,4,1
82,45,5,1
45,14,4,1
62,86,5,2
9,4,4,1
77,6,3,2
69,69,1,3
2,31,2,1
21,9,3,1
51,66,5,3
1,65,4,3
49,19,4,1
24,82,4,3
91,60,3,2
17,91,5,2
59,76,4,3
51,37,5,1
92,62,5,2
10,30,5,1
52,37,1,1
70,19,3,3
17,5,1,3
36,15,2,3
67,21,2,3
52,46,4,2
79,15,3,1
71,82,3,1
12,64,5,2
27,27,2,1
20,32,3,2
38,70,4,1
58,8,1,1
46,8,2,3
8,78,4,1
2,47,2,1
20,62,5,1
40,80,2,2
54,77,2,1
79,1,3,1
58,81,1,1
60,22,5,2
70,18,3,1
61,79,2,3
5,45,4,1
51,71,1,2
9,49,2,1
78,53,1,1
23,12,2,3
30,55,5,1
11,48,4,2
14,68,5,2
57,10,4,2
35,48,2,1
33,87,2,3
25,27,3,2
60,81,5,2
44,59,5,2
33,37,5,2
74,10,1,2
55,62,4,3
29,48,4,3
30,65,2,1
29,61,3,3
35,71,1,2
75,64,2,3
83,67,4,2
9,93,2,1
49,20,1,3
90,64,5,1
26,17,5,1
43,77,5,2
50,74,1,1
78,31,2,1
38,10,1,1
74,72,3,1
34,46,5,1
80,83,4,3
6,45,4,3
59,34,5,3
27,49,1,2
59,77,1,1
27,81,3,3
76,23,4,1
86,55,4,1
10,31,5,2
50,81,4,2
62,46,1,3
91,65,1,3
88,82,1,3
19,30,2,2
18,58,5,1
22,40,4,3
71,29,2,1
48,39,5,2
61,4,2,2
16,62,1,1
9,11,1,1
18,6,3,1
39,66,2,1
73,59,5,1
49,92,4,1
34,90,3,2
88,47,4,3
44,77,2,3
24,89,4,2
13,77,4,1
45,56,1,2
58,92,3,1
70,8,4,1
60,30,1,3
62,90,5,1
91,82,4,2
11,73,5,3
11,3,1,3
25,58,5,2
70,74,1,3
78,60,4,1
92,46,4,1
39,87,5,2
36,52,5,1
19,45,3,3
72,66,3,3
77,91,3,2
75,40,5,1
92,34,2,2
71,85,1,1
8,93,4,3
63,56,5,2
64,33,4,2
73,11,1,2
32,43,3,2
55,79,4,3
90,35,3,2
10,68,5,3
17,40,3,2
82,88,5,3
66,63,3,2
8,42,2,3
61,23,2,1
70,49,4,1
33,63,5,3
29,25,4,2
36,71,1,1
78,72,1,2
68,52,2,3
78,90,1,2
61,50,4,2
4,40,1,2
44,42,2,2
30,54,4,3
14,3,5,3
92,73,1,3
67,3,5,1
30,49,3,3
27,52,1,2
72,65,4,1
8,36,3,3
7,69,2,2
55,5,3,2
84,66,2,1
3,24,1,3
48,35,2,3
22,49,3,2
53,27,3,3
14,7,4,2
69,23,5,1
75,12,4,3
25,35,5,3
78,91,2,1
65,7,3,3
87,50,2,3
72,9,3,1
33,80,2,1
41,18,2,1
2,48,5,3
81,81,1,1
5,41,1,2
73,38,5,1
49,85,2,3
73,61,1,3
34,90,1,2
52,82,4,2
10,49,4,2
88,76,5,1
8,64,4,2
88,87,5,3
1,79,3,3
81,36,2,1
25,21,2,1
36,21,3,2
4,76,3,3
67,26,3,2
83,89,1,2
82,46,3,3
58,75,1,1
82,10,3,1
18,9,5,3
42,72,2,1
1,13,2,3
75,64,3,3
5,76,5,2
42,88,5,3
51,29,4,1
75,25,4,2
62,8,2,3
11,55,1,1
92,83,1,1
3,37,4,3
49,36,1,3
33,69,3,3
68,11,2,2
91,4,1,2
65,48,4,3
29,84,4,1
92,19,2,2
92,52,5,2
14,40,5,3
88,24,2,2
42,88,5,1
35,61,5,2
25,40,1,3
63,10,3,3
46,57,4,2
58,73,3,3
57,60,3,2
1,70,3,2
37,29,2,1
65,52,2,2
92,89,5,1
9,50,3,1
29,32,2,3
1,87,5,1
69,92,3,2
42,86,3,2
17,49,5,2
30,3,1,3
76,65,1,3
3,79,1,1
86,30,5,3
89,13,5,1
19,34,4,3
82,73,3,2
55,14,4,3
74,82,1,2
48,58,3,3
74,48,3,1
70,71,5,1
80,36,4,3
87,53,5,1
37,92,5,2
62,17,4,2
39,33,3,1
40,11,2,2
92,76,3,2
90,12,2,1
14,79,1,3
93,19,4,3
31,73,3,2
66,89,5,1
60,38,5,2
26,25,4,3
43,69,5,1
90,33,4,3
53,7,5,1
11,55,3,2
81,63,4,2
51,53,5,2
30,63,5,3
64,26,4,3
79,6,1,3
64,88,4,3
49,53,1,1
76,83,3,3
92,76,3,2
39,5,2,1
68,50,2,1
93,26,4,1
85,32,1,2
7,50,5,2
38,85,3,2
4,42,1,1
57,12,4,3
18,58,4,3
59,26,5,1
4,26,3,3
91,52,4,2
5,91,3,2
40,49,2,1
43,91,4,3
87,10,2,1
45,85,2,3
8,19,4,3
36,14,2,3
72,35,2,2
48,36,5,1
57,12,2,2
25,55,3,1
74,52,1,1
27,62,2,3
51,75,2,1
9,86,2,1
90,90,3,2
30,41,2,3
20,78,1,2
71,93,1,3
80,4,4,2
10,41,2,1
65,89,4,1
6,6,4,2
68,72,2,3
75,24,3,3
27,17,1,1
80,28,4,3
75,28,3,3
13,91,4,3
49,27,1,2
10,58,2,1
49,21,4,3
39,84,2,1
9,49,4,3
8,4,4,2
93,41,2,3
82,83,5,3
50,67,3,1
37,41,3,1
1,49,1,3
91,37,4,3
84,28,2,3
59,93,5,1
42,21,4,3
78,29,1,3
1,41,2,2
15,29,4,1
53,25,2,3
79,47,4,2
64,41,3,3
67,42,2,3
93,10,3,1
9,77,2,3
54,72,3,1
33,41,3,2
2,63,5,2
10,56,3,2
14,36,2,1
58,61,4,2
57,37,4,1
10,81,3,2
8,61,3,3
56,53,3,3
27,24,2,3
55,28,5,2
75,60,3,2
75,2,4,3
74,59,1,1
13,6,1,2
65,42,5,2
81,79,5,3
13,41,2,3
80,71,1,3
50,13,3,3
91,26,5,3
31,18,1,3
31,57,2,3
74,64,4,1
42,89,2,1
27,24,5,1
85,32,1,3
28,59,3,1
12,37,1,3
4,89,2,3
34,37,2,1
17,53,4,1
49,46,3,3
59,26,1,3
92,60,4,2
60,46,2,3
34,82,2,1
15,28,1,3
87,85,2,3
91,47,1,2
59,36,3,1
24,60,2,3
85,31,5,3
65,47,5,3
77,30,4,1
79,89,4,3
31,4,2,3
78,50,1,1
57,17,5,3
44,30,5,1
78,29,2,2
78,61,1,1
91,33,1,3
41,19,5,2
48,32,1,3
91,79,3,1
71,91,1,1
1,27,4,3
27,3,1,1
54,11,5,3
91,23,1,1
9,39,4,2
67,69,5,3
7,3,4,2
78,62,3,1
58,62,3,2
36,23,1,1
31,47,1,1
42,29,3,3
70,11,4,3
36,52,2,2
34,87,2,3
31,29,5,2
50,4,1,3
26,59,5,2
93,53,2,2
62,16,3,3
62,24,4,2
1,66,2,2
61,59,2,2
50,74,2,3
21,74,4,3
43,60,4,3
62,8,1,3
13,34,1,3
21,36,5,2
58,93,5,2
44,53,2,1
54,53,1,1
28,66,5,2
58,91,3,2
52,84,3,2
79,91,2,2
88,74,4,3
78,54,4,2
32,64,5,3
34,34,4,1
83,1,1,3
40,28,1,2
60,27,4,1
56,27,2,3
70,35,3,3
2,62,3,1
77,8,2,2
23,50,2,3
44,71,3,3
38,49,1,2
41,56,1,2
62,44,2,1
16,32,1,3
29,87,2,3
28,30,4,1
56,75,4,3
5,52,5,1
64,54,4,1
71,70,1,2
54,31,5,3
15,4,2,3
34,15,3,2
49,62,3,3
60,44,2,2
8,41,2,1
26,18,4,1
46,54,4,2
55,20,2,2
46,84,5,3
11,16,4,2
5,60,2,1
46,68,4,2
49,17,4,2
39,32,4,1
61,10,3,2
40,63,5,1
40,12,3,1
27,65,2,3
6,75,3,3
91,71,1,1
92,57,2,3
83,37,1,1
27,70,2,1
40,77,4,1
22,66,3,1
50,67,3,3
81,72,4,1
88,11,1,2
40,82,3,2
67,47,2,3
44,45,5,2
26,29,2,1
16,14,5,1
1,62,4,1
90,43,2,2
58,59,3,3
82,39,4,3
56,93,3,2
65,61,3,1
85,78,1,3
27,90,3,1
86,58,3,1
49,4,2,3
15,34,5,3
82,32,5,3
17,54,4,3
37,42,4,2
62,22,3,3
18,45,5,2
5,30,3,3
59,27,3,3
34,16,1,2
42,8,4,3
7,30,1,1
83,35,5,2
21,58,2,2
30,28,4,1
56,47,1,1
73,74,2,2
16,90,1,2
66,85,4,3
14,74,1,2
21,54,4,1
44,26,3,1
47,34,4,2
6,32,1,1
89,77,4,2
82,82,3,3
77,10,1,1
81,85,4,2
3,17,1,1
18,27,5,2
72,38,3,3
28,12,4,3
56,76,3,1
72,19,5,3
63,93,1,2
66,52,4,3
68,38,5,3
64,14,3,3
38,40,3,2
33,86,5,2
24,5,3,3
90,53,2,3
87,7,3,1
29,76,2,2
91,81,4,2
44,90,5,2
80,91,2,3
81,19,5,2
19,91,5,1
41,48,5,1
73,55,3,2
59,20,4,1
81,63,3,1
42,18,2,1
86,17,4,1
58,38,3,2
35,78,4,3
11,39,3,3
82,56,2,2
32,31,4,3
60,39,1,1
34,22,5,3
14,42,1,3
58,14,5,1
90,29,1,1
76,33,3,1
83,70,4,3
67,55,4,1
84,76,1,1
13,3,3,1
31,68,5,3
44,58,4,2
7,71,4,3
13,73,4,3
39,40,3,1
7,83,5,3
51,32,5,2
56,42,5,1
86,13,1,2
76,90,5,1
59,65,2,2
92,41,1,3
65,90,3,3
21,4,3,1
60,16,5,2
66,68,2,1
30,72,1,1
27,8,3,2
1,73,2,3
63,45,3,3
2,5,4,2
80,40,3,2
1,33,5,1
32,81,3,2
87,62,3,1
54,1,5,3
34,37,1,3
68,90,3,3
82,14,3,1
13,52,2,1
71,21,4,1
23,71,2,3
69,62,4,1
32,20,3,1
80,88,2,1
44,85,2,2
89,19,3,1
35,27,3,3
10,70,1,3
30,91,3,2
10,67,1,2
47,44,2,1
21,22,5,3
5,37,1,2
52,7,2,3
48,54,2,1
72,23,1,2
71,4,5,3
59,57,4,2
35,26,4,3
34,93,3,2
65,33,3,3
71,37,4,2
25,62,1,1
90,3,1,1
36,45,2,1
84,5,5,2
71,44,1,2
28,54,5,1
6,32,2,3
49,66,4,1
61,22,4,3
81,30,4,1
9,15,5,1
6,65,4,2
37,89,2,3
54,88,2,1
3,23,2,3
29,38,3,2
80,30,2,3
66,19,4,2
7,65,3,1
84,65,1,2
12,21,3,2
76,82,3,1
28,20,3,3
69,86,1,2
7,93,2,1
64,22,4,1
53,18,4,3
90,52,2,1
80,2,2,2
45,51,4,2
89,41,4,1
90,85,3,2
4,55,4,1
57,40,4,1
6,89,5,2
50,89,2,3
82,60,1,3
7,68,3,3
26,47,5,1
80,87,4,3
89,83,1,2
76,66,4,3
33,10,4,2
45,32,5,1
83,90,2,2
7,61,1,3
56,31,1,3
35,8,2,3
50,65,1,1
31,73,1,3
5,5,3,1
71,90,2,1
40,52,3,2
50,43,3,2
93,50,1,1
2,52,5,2
17,49,1,2
33,8,5,3
89,32,4,2
57,88,1,2
2,60,4,1
78,16,1,2
47,72,3,1
11,21,1,1
34,79,1,2
50,72,2,3
69,83,4,2
75,71,5,3
19,14,4,3
48,90,2,3
67,42,5,1
16,88,4,2
53,10,2,2
43,74,4,3
74,17,1,1
54,23,3,3
62,24,5,1
45,89,5,1
33,28,2,1
68,55,1,3
38,22,1,3
37,72,4,1
63,25,1,1
52,26,2,3
12,74,2,3
74,9,5,1
77,18,3,2
31,56,4,3
41,91,5,1
87,32,3,3
36,48,4,3
41,23,2,2
69,28,3,1
29,38,5,3
56,14,2,3
11,8,1,2
36,62,3,3
15,70,5,1
8,22,4,1
15,24,1,1
3,36,2,3
40,38,5,2
19,5,1,2
9,20,4,2
35,42,2,2
42,27,5,2
79,63,4,3
87,26,4,3
43,59,1,2
17,65,5,2
9,63,1,3
62,85,3,2
78,63,1,3
71,41,3,1
20,8,1,1
23,83,2,1
12,78,3,1
45,80,4,2
40,5,3,1
8,1,3,3
93,56,2,3
60,88,1,1
70,38,4,1
92,61,1,3
21,80,3,2
14,20,2,1
72,14,1,2
27,43,3,3
78,1,3,3
56,40,5,3
16,48,3,3
25,42,2,2
3,57,4,3
47,93,5,1
45,84,5,3
6,32,5,1
6,48,2,2
34,9,1,2
60,85,2,1
89,69,1,2
27,63,5,2
33,31,3,1
58,82,2,1
24,6,2,1
72,37,3,3
42,48,1,3
75,57,1,1
84,86,2,3
83,18,5,2
24,43,1,2
76,43,3,2
14,2,1,1
50,66,3,3
18,7,3,2
37,23,3,1
57,76,1,3
66,39,1,1
10,30,1,3
68,43,5,2
15,9,5,1
17,84,1,1
34,60,5,3
54,11,2,3
78,2,4,1
54,22,1,2
61,87,3,3
57,5,5,1
39,20,5,1
55,65,2,3
41,68,2,2
23,10,3,1
23,52,2,2
62,33,4,1
26,70,3,2
14,42,5,3
72,10,3,1
53,29,2,3
27,45,4,1
22,11,4,1
15,89,4,2
27,72,4,3
35,11,1,3
7,30,1,2
21,59,5,2
4,72,4,3
24,61,1,1
46,78,3,1
8,24,1,2
31,91,1,1
76,4,4,3
62,15,2,1
42,45,2,1
44,27,5,1
30,92,4,2
3,35,5,1
79,55,2,3
82,42,2,3
71,26,5,2
3,58,2,3
36,12,4,1
92,26,3,2
73,69,4,3
8,59,2,3
49,42,3,3
62,70,3,3
42,73,5,2
73,19,3,1
53,87,2,3
72,73,5,2
50,37,5,3
25,93,4,2
81,57,4,3
13,17,3,2
50,28,1,2
45,74,1,3
38,36,1,3
41,64,3,2
59,25,3,3
29,28,5,3
77,77,5,3
85,51,4,2
36,43,3,1
80,58,3,1
49,16,4,2
75,93,4,2
4,58,4,1
31,36,5,2
44,42,1,3
86,73,1,2
5,65,5,3
86,59,4,1
89,5,1,1
91,68,3,1
71,19,3,3
25,73,1,3
91,44,2,2
84,53,1,1
71,11,5,1
25,74,3,3
19,31,2,3
52,56,4,2
33,52,3,1
67,28,1,3
85,3,1,1
84,18,2,1
90,16,5,1
87,59,3,3
74,46,1,1
41,33,1,2
17,59,4,3
16,26,5,2
24,48,1,1
93,58,1,3
86,56,1,2
58,60,5,1
39,34,3,3
58,32,4,3
56,60,5,2
61,3,3,2
86,2,2,1
76,22,1,1
27,62,3,2
60,37,2,3
56,85,2,1
25,70,1,2
72,80,4,1
88,22,3,3
2,10,5,1
17,88,3,2
33,87,5,1
17,81,1,3
62,2,2,2
45,55,5,1
74,14,5,2
61,79,1,1
11,52,4,2
59,18,5,2
71,28,5,2
7,85,4,2
80,10,1,2
40,8,4,3
78,67,3,1
79,46,1,3
54,70,4,1
59,50,1,3
60,48,1,3
55,18,3,1
80,16,2,1
46,74,5,3
86,87,1,2
43,9,1,2
59,40,5,2
41,56,3,1
21,16,1,2
55,37,4,2
37,88,3,3
90,79,2,1
22,59,2,1
17,90,3,3
15,89,1,3
80,8,4,3
85,84,5,1
72,59,3,3
11,50,4,3
82,46,2,1
3,74,5,3
31,66,5,1
59,79,4,1
74,10,4,1
33,40,3,2
38,7,5,1
40,75,4,3
77,9,2,1
5,72,1,1
37,88,4,1
12,80,1,1
73,41,5,1
63,55,5,1
37,90,4,3
38,22,5,2
78,82,1,3
62,14,3,1
23,92,4,1
17,6,2,1
52,52,1,1
60,35,4,1
37,1,4,3
27,24,1,2
74,9,1,2
44,20,4,3
26,77,3,2
27,64,1,2
77,89,2,3
58,38,2,3
21,88,2,2
56,51,4,1
75,9,1,3
9,33,1,2
17,80,3,2
67,24,1,1
19,86,3,1
81,57,4,3
30,38,1,2
66,80,1,1
56,33,3,3
67,66,3,1
10,70,5,2
5,31,5,3
41,57,1,2
35,69,3,2
87,29,3,2
38,36,1,1
31,63,1,3
61,68,5,1
19,82,1,3
52,77,3,1
18,55,2,3
37,32,5,1
85,74,3,3
13,69,2,3
63,86,1,3
11,53,5,1
29,16,5,2
65,23,4,2
32,58,2,1
33,88,4,2
69,71,4,2
42,12,2,3
67,66,5,2
76,41,4,3
35,36,4,3
82,2,1,3
20,53,2,2
26,18,4,3
61,86,3,2
66,74,2,3
50,45,1,2
60,76,3,1
39,1,2,2
17,84,4,1
69,1,4,3
88,48,2,2
57,65,4,1
22,6,4,3
1,32,4,2
37,59,1,2
75,10,1,2
81,61,5,1
37,42,2,2
28,55,4,1
19,49,1,2
52,71,3,1
62,56,5,1
37,77,4,2
1,69,3,3
76,82,5,1
93,1,1,1
44,82,5,3
16,38,2,2
55,6,5,2
81,38,2,1
1,88,4,2
41,91,5,1
22,82,5,1
10,84,2,2
70,27,5,3
76,84,4,3
87,33,3,2
33,87,4,1
15,83,5,2
30,56,5,1
34,11,5,2
54,16,4,2
68,85,4,2
9,51,3,1
58,83,1,3
8,86,2,3
24,10,1,1
38,72,2,3
48,26,1,2
88,32,3,1
52,54,4,2
74,26,1,2
12,42,4,1
9,44,1,1
37,69,5,2
93,33,5,3
69,45,1,3
73,37,3,3
24,72,1,2
61,28,3,2
44,49,1,3
63,71,3,3
56,40,1,3
11,65,5,1
29,50,3,2
14,66,3,2
16,68,1,1
82,76,1,2
57,47,4,3
75,68,1,3
28,63,2,1
87,13,4,3
29,26,3,3
20,59,1,2
58,69,5,3
84,89,3,2
68,23,1,1
13,41,4,1
59,74,2,3
2,53,4,3
28,83,2,2
38,37,2,2
34,52,5,3
84,80,5,2
73,14,3,1
84,77,2,1
70,76,2,1
51,82,5,2
68,69,2,2
60,25,2,1
79,61,5,3
85,13,5,2
36,82,3,2
55,92,3,3
84,70,3,2
8,29,2,2
36,1,1,2
20,78,4,3
80,62,5,1
4,83,2,3
54,26,2,3
23,60,5,2
77,2,2,1
3,8,2,1
77,78,5,3
90,10,1,1
79,91,2,2
42,90,3,3
16,18,5,2
24,80,2,3
73,60,4,3
6,8,2,3
71,10,5,1
89,71,2,2
38,87,3,3
1,45,1,3
60,86,5,1
87,92,3,2
7,46,1,3
17,55,2,1
36,55,1,1
14,27,4,2
51,31,2,3
93,3,5,1
37,15,2,2
72,77,1,1
81,20,2,2
71,3,3,2
11,13,4,1
80,53,4,1
25,43,1,2
71,20,2,2
87,29,4,3
50,65,3,2
12,40,2,1
5,22,2,2
73,56,3,2
22,71,2,3
37,79,1,3
17,58,5,1
79,87,2,2
43,42,2,1
16,14,3,2
15,29,1,1
47,10,3,3
13,41,3,3
12,92,4,2
59,25,3,3
55,23,4,2
45,10,4,1
83,21,4,3
35,69,2,3
80,66,4,3
34,50,2,1
56,64,3,2
4,64,5,2
78,5,5,2
71,24,5,3
46,11,1,3
38,26,4,2
93,4,1,1
89,50,1,3
71,9,2,2
53,67,3,2
10,79,2,2
64,69,4,1
5,47,2,1
50,13,1,1
40,2,3,1
84,77,2,3
82,89,5,3
71,57,3,1
24,44,4,2
73,31,5,2
76,84,4,1
91,67,3,1
6,27,3,1
4,75,4,2
39,62,2,2
84,76,5,1
56,24,2,2
89,5,2,2
3,50,2,3
86,30,3,3
22,55,3,2
54,16,2,1
83,35,4,2
30,64,3,3
41,74,2,3
58,19,1,2
5,81,4,3
74,16,3,1
29,38,1,2
69,70,4,2
56,70,4,2
21,73,3,3
35,67,5,1
56,8,5,2
19,58,4,2
32,47,2,3
91,7,1,1
80,48,3,1
23,21,2,1
40,61,4,1
28,55,2,3
44,6,5,3
51,70,5,2
16,53,4,3
6,85,5,3
39,34,1,1
42,93,1,3
61,4,2,2
84,92,4,3
23,39,3,2
55,57,2,3
85,49,3,2
28,10,3,1
73,36,1,1
18,25,4,2
73,16,5,3
89,20,2,3
31,62,2,2
57,91,3,2
59,16,4,2
91,30,3,2
80,67,4,3
68,93,3,1
27,88,3,1
46,80,5,1
62,81,1,3
28,1,4,1
7,15,2,1
58,76,5,1
88,2,4,1
8,59,4,1
87,12,1,2
4,38,4,3
40,66,1,1
22,71,3,1
4,21,5,1
62,72,1,1
59,38,5,1
26,76,5,2
47,86,4,1
87,21,5,3
11,43,1,2
25,38,3,2
4,92,5,2
8,42,2,1
56,33,3,2
44,30,2,2
15,2,5,1
22,49,1,2
58,24,2,1
92,84,3,3
43,61,1,1
6,68,1,3
33,33,1,1
24,31,2,1
70,58,1,2
73,36,1,2
40,24,2,2
68,92,5,3
47,29,1,2
13,18,4,2
36,82,2,2
59,41,5,1
80,25,2,2
4,77,3,2
64,49,4,1
20,1,1,2
48,83,2,1
72,71,3,3
28,53,3,2
24,31,3,1
43,91,4,1
25,9,3,1
3,23,2,1
62,73,2,1
54,14,1,2
87,17,1,3
19,51,2,2
84,92,3,3
23,59,1,1
63,62,5,2
12,75,3,2
49,32,4,3
67,24,2,1
37,52,4,3
6,52,2,3
69,77,2,2
78,44,5,2
71,74,3,1
44,62,4,1
76,6,2,2
81,67,4,2
24,45,5,3
1,76,3,3
20,91,4,1
27,42,5,2
11,4,5,3
30,65,5,2
62,46,4,1
42,24,4,2
85,20,5,2
64,28,3,1
78,29,5,3
63,69,5,2
45,59,3,2
16,25,5,3
70,30,5,2
13,66,1,3
11,45,5,1
49,6,2,3
11,71,2,2
79,89,1,3
33,28,3,3
17,85,2,2
32,9,3,1
46,77,3,3
70,4,1,1
84,51,5,3
14,41,5,1
13,65,1,2
91,78,5,2
32,17,2,1
22,55,2,3
80,91,1,3
80,62,5,1
20,11,4,1
23,51,4,3
55,43,2,1
69,3,3,2
89,52,3,1
76,11,4,1
77,38,4,1
28,64,4,1
40,76,3,1
72,93,2,1
33,41,2,3
16,49,4,1
38,67,2,3
2,1,3,1
44,44,5,1
2,79,5,1
28,84,1,1
84,52,4,2
66,42,3,3
7,26,5,1
76,63,5,2
54,56,2,2
4,6,5,2
6,3,2,1
15,93,5,3
2,22,1,1
74,81,1,3
77,22,2,3
21,73,4,3
75,79,2,2
63,70,2,2
55,21,3,2
73,5,5,1
68,51,4,3
24,5,4,2
55,81,5,1
28,43,1,1
92,81,4,2
23,14,3,1
5,46,4,1
80,62,1,3
45,37,3,1
34,41,5,3
90,27,5,1
64,15,1,3
4,84,3,1
48,17,3,3
1,51,3,1
71,41,3,3
68,34,1,3
36,9,1,1
26,29,5,3
79,30,5,1
33,65,5,1
75,26,4,1
2,16,5,3
68,78,4,3
87,64,2,3
43,13,2,3
83,25,1,3
83,4,5,1
56,88,4,1
11,10,3,1
61,9,4,3
2,84,4,3
29,60,5,3
20,77,5,3
68,82,3,2
48,16,1,1
5,14,3,3
82,63,3,2
38,67,1,2
72,34,2,3
58,83,5,3
76,42,3,3
1,44,2,2
84,68,3,3
81,16,1,2
51,20,2,3
54,62,5,1
42,3,1,2
53,49,3,2
51,63,4,1
84,6,5,2
2,13,2,3
38,28,1,1
8,90,2,2
34,51,2,2
84,92,5,1
74,79,1,1
20,90,2,3
51,49,4,2
48,74,5,3
20,10,3,3
45,52,1,1
2,87,1,3
41,8,1,3
93,18,5,3
30,42,2,1
70,69,4,2
18,61,2,2
90,60,3,2
60,4,1,3
79,64,3,3
57,67,1,1
23,74,3,3
70,75,4,2
13,75,4,1
16,86,5,2
85,23,2,3
49,13,2,2
74,79,3,1
36,50,1,3
3,27,3,3
22,46,3,1
39,64,3,1
40,5,1,1
20,4,2,2
4,41,5,3
42,65,2,2
27,16,2,3
93,24,4,1
93,9,1,3
49,57,4,2
48,83,1,3
64,17,1,1
58,51,5,2
20,7,5,2
67,38,5,1
32,32,2,2
93,76,5,3
39,4,4,1
3,11,5,2
7,86,1,1
60,8,4,2
62,20,3,3
5,5,4,1
69,72,5,1
91,75,3,3
23,18,3,2
57,27,2,3
59,89,1,1
84,76,4,1
54,47,3,1
7,52,1,1
35,83,1,2
87,2,2,3
93,18,2,2
58,34,3,1
83,82,1,1
28,74,5,2
26,14,1,2
1,21,2,1
10,59,5,1
27,75,2,3
44,48,1,1
67,53,1,1
4,92,3,1
77,64,2,1
93,93,2,3
67,59,5,1
74,79,4,3
17,79,5,2
20,10,1,2
42,47,1,2
49,46,2,1
70,2,2,1
15,5,4,3
42,26,2,3
25,52,1,2
45,1,5,2
38,47,5,3
7,10,2,2
21,19,3,1
78,43,2,3
28,79,5,3
25,16,1,1
76,68,3,3
73,39,5,1
74,22,4,3
60,73,2,3
2,82,5,3
71,63,5,1
61,71,2,2
54,64,2,3
5,57,1,1
74,62,1,1
74,45,1,1
13,52,5,3
36,74,5,2
65,45,5,3
72,46,1,1
37,72,3,2
90,59,3,1
57,29,2,2
50,30,2,3
92,59,4,3
52,68,5,1
37,64,3,2
65,51,1,3
14,87,1,3
24,55,3,3
71,1,1,2
80,41,5,3
8,91,1,3
44,8,1,1
89,93,5,1
93,47,2,1
62,46,1,2
60,80,4,3
26,52,3,1
2,38,1,3
39,71,2,3
47,3,1,3
7,63,3,1
21,89,2,3
30,93,1,3
84,65,2,2
77,55,2,1
78,40,2,3
46,55,2,3
23,13,2,1
37,75,5,3
67,65,5,2
66,4,1,2
46,9,1,1
51,47,5,2
67,88,4,2
24,36,5,3
24,70,1,3
24,9,5,2
74,22,4,3
61,36,3,3
33,84,1,3
81,32,2,3
54,28,4,2
1,23,4,1
60,36,4,1
78,92,3,2
72,7,4,2
18,79,5,1
57,11,1,2
2,87,3,1
90,31,4,3
6,58,3,1
67,41,1,2
4,48,3,1
79,81,1,3
51,9,5,1
23,35,3,2
69,68,4,2
40,85,3,2
26,29,4,2
65,23,5,2
14,44,4,2
90,30,3,2
39,57,1,1
8,15,4,1
89,18,5,1
13,35,2,1
65,18,4,3
11,86,1,2
13,38,5,1
79,66,2,3
33,70,3,3
66,42,3,1
66,32,5,3
55,4,2,3
74,30,1,3
44,6,3,1
60,18,4,1
46,75,5,3
37,87,2,3
93,47,3,3
86,37,5,3
44,89,5,3
9,90,1,1
7,29,4,2
85,61,3,2
51,61,3,2
14,21,2,1
30,72,3,1
73,45,4,2
4,92,2,2
68,45,5,1
6,41,3,2
3,86,1,1
11,90,2,2
87,69,1,1
20,76,4,2
85,53,5,1
12,31,1,3
14,77,4,3
42,22,1,3
23,16,1,3
16,86,5,1
61,55,4,1
70,49,5,1
4,22,2,2
90,70,5,1
68,51,1,2
83,1,1,3
8,82,5,2
42,38,2,1
39,70,1,1
38,30,2,3
11,93,3,1
44,52,2,3
47,16,1,2
8,88,1,3
70,68,1,1
83,61,4,2
46,37,2,2
28,10,1,3
75,60,5,1
44,91,5,2
11,42,1,1
16,33,4,2
51,81,4,2
91,34,5,1
85,86,4,1
62,25,1,3
18,65,2,2
19,2,5,1
28,3,5,3
69,9,4,2
38,9,4,1
76,31,3,3
78,27,2,2
10,7,2,2
29,3,5,2
9,70,2,3
54,71,3,1
5,32,4,3
78,53,5,3
67,61,1,3
15,59,2,2
18,80,3,3
40,77,4,3
10,1,3,1
52,41,1,1
33,72,4,2
15,60,4,1
36,91,3,2
13,24,5,1
1,47,3,3
62,42,2,3
15,74,3,1
21,15,4,3
45,73,4,3
59,44,2,3
93,62,1,3
42,86,4,1
46,6,4,1
37,47,5,2
73,72,4,3
49,41,1,1
38,29,4,2
81,78,1,2
92,53,2,1
71,90,1,1
3,19,3,2
49,30,1,3
24,22,4,2
70,9,5,2
2,35,3,3
77,81,1,2
40,25,1,2
93,83,5,1
55,7,5,1
24,16,5,2
15,47,5,3
62,10,1,3
38,90,5,1
86,2,5,2
77,57,5,2
87,59,2,3
27,65,4,3
57,41,4,2
12,5,1,2
72,7,5,1
11,78,1,2
55,24,2,3
29,59,1,1
64,9,4,1
38,14,4,3
39,53,3,2
23,80,3,3
87,29,1,3
74,36,4,3
81,10,3,3
24,48,3,2
57,56,2,2
92,17,4,3
12,25,4,3
23,90,4,2
27,5,3,1
34,19,1,2
86,39,4,3
12,5,4,3
68,31,3,2
7,88,2,2
85,3,4,2
86,24,1,1
7,66,4,1
93,18,3,2
16,47,4,3
12,5,4,1
27,9,4,1
19,43,3,1
48,19,5,3
71,87,1,1
56,56,3,1
55,62,1,3
55,29,2,3
56,85,4,3
49,61,1,2
11,86,4,1
25,70,5,1
69,51,1,3
72,77,1,2
11,70,4,1
59,13,1,2
10,39,4,1
3,92,2,1
35,30,5,1
81,47,5,2
14,71,4,2
17,26,5,2
59,5,3,1
78,4,5,3
77,52,1,1
10,46,5,3
66,56,3,3
64,44,5,1
24,42,1,2
27,3,2,2
68,1,5,3
70,14,2,2
24,72,4,1
72,56,2,3
18,46,3,2
90,16,5,1
68,3,2,2
5,84,2,1
48,53,3,3
54,37,4,2
17,83,1,2
25,81,2,1
2,9,1,2
76,3,4,1
6,66,5,1
36,70,5,2
80,48,2,3
2,54,4,3
92,92,2,2
76,36,2,2
16,33,1,1
26,82,3,3
73,5,4,1
77,89,3,3
44,51,5,2
83,40,3,2
52,86,3,1
31,9,2,1
48,20,3,3
1,80,2,3
52,3,1,1
92,75,3,1
35,2,5,3
6,7,4,2
47,91,3,2
20,50,1,3
92,37,1,2
5,17,4,1
39,87,3,1
55,56,1,1
66,11,5,2
45,11,3,1
18,78,3,2
40,11,3,2
41,20,3,3
43,42,2,2
24,80,4,2
25,39,4,1
4,43,3,1
2,4,4,2
55,66,5,3
4,73,4,1
52,25,3,1
91,12,5,2
41,26,1,1
79,32,5,2
83,20,1,1
29,21,5,1
37,8,5,1
20,32,4,1
14,87,4,2
41,25,1,3
67,90,2,1
40,52,1,2
10,56,3,2
29,79,3,2
38,76,4,1
40,14,4,1
32,84,2,2
81,4,2,1
4,68,1,3
27,90,2,3
16,89,1,2
32,48,2,2
13,49,3,2
52,88,4,2
63,36,3,2
64,41,4,3
22,93,4,1
57,17,4,3
64,69,4,1
25,82,2,3
57,64,3,2
22,14,3,2
10,25,3,3
83,58,4,3
23,45,4,3
81,35,2,3
49,3,2,1
17,33,5,3
83,65,1,1
77,72,2,1
91,91,1,3
62,90,3,2
4,33,4,1
28,68,2,3
39,60,2,1
42,74,5,2
5,68,4,2
75,62,2,2
56,31,2,3
15,65,1,2
14,10,2,1
60,36,5,3
19,86,4,2
92,87,2,3
81,18,2,1
36,81,4,1
64,40,3,3
16,32,3,1
2,15,1,3
26,4,3,1
82,22,1,3
14,82,5,2
72,69,5,3
10,51,4,3
37,86,4,1
7,24,1,1
54,3,5,1
66,7,4,3
63,42,1,2
40,92,3,3
46,35,3,1
1,61,4,2
18,38,4,3
62,23,4,2
14,39,4,1
49,59,1,1
91,69,1,2
54,80,4,3
16,31,3,2
90,30,5,3
30,62,5,2
55,14,3,3
89,17,1,3
86,8,3,1
34,70,2,2
78,60,5,2
76,60,1,3
72,63,2,2
51,66,5,1
10,27,2,1
13,70,4,3
69,42,2,1
77,16,5,2
76,46,3,3
87,53,2,1
67,20,1,3
30,24,2,2
15,60,5,1
58,27,5,2
60,38,3,3
63,41,2,3
85,30,5,2
36,38,2,3
4,43,5,3
65,85,5,2
38,74,3,1
4,35,5,3
60,21,2,3
38,43,5,1
45,80,4,2
51,86,3,1
70,15,1,1
80,83,2,1
87,15,3,3
74,5,3,2
4,61,5,1
16,41,4,3
24,91,5,3
73,90,4,3
12,87,4,3
9,27,3,3
17,46,4,1
87,48,1,1
67,85,5,1
71,80,2,1
8,30,2,1
68,51,3,2
37,42,5,2
49,34,3,2
70,73,2,2
62,89,1,1
90,72,2,3
25,12,1,2
1,41,5,3
81,71,4,1
39,32,2,1
44,88,2,1
50,39,2,3
50,81,1,3
11,74,1,2
5,56,2,1
4,82,3,2
19,8,3,2
10,6,2,2
52,62,4,1
76,47,4,2
78,25,5,1
20,8,4,2
89,55,1,1
23,61,3,2
5,83,1,2
87,60,2,3
7,16,5,2
76,8,4,3
78,14,5,1
40,86,3,1
60,72,2,3
43,1,1,3
80,77,5,1
39,45,2,3
30,60,2,1
1,78,3,1
23,90,5,3
58,42,5,3
32,82,5,2
8,77,4,2
86,11,1,2
62,37,5,3
50,80,1,2
78,88,1,1
12,50,1,1
55,34,1,3
48,64,5,3
13,18,4,2
45,84,3,3
3,84,5,2
24,85,4,2
13,89,5,1
59,67,4,2
71,49,2,3
63,55,3,3
59,54,1,1
32,32,2,2
68,82,2,3
91,22,3,3
56,47,2,2
85,74,3,1
17,43,1,1
53,67,3,1
51,66,4,2
1,68,1,1
4,21,1,2
56,90,2,2
50,34,4,1
60,82,2,1
28,69,2,1
6,61,1,2
70,2,3,3
29,24,4,2
16,73,5,2
86,59,2,2
63,62,5,2
35,44,1,2
52,1,5,2
74,79,2,3
53,28,2,3
8,75,5,3
66,32,2,3
74,93,5,3
42,14,3,1
3,79,1,1
57,51,4,3
42,11,4,2
54,67,4,2
25,91,3,3
2,65,4,3
52,3,1,1
55,34,5,1
76,69,3,2
79,31,5,1
67,14,5,2
29,15,2,2
22,3,3,3
83,12,5,1
25,5,5,1
81,56,5,1
15,62,1,3
41,3,3,2
60,78,4,3
87,23,2,3
81,56,1,2
88,91,1,2
44,74,5,1
6,85,2,3
27,15,2,3
79,24,3,1
12,3,3,3
15,23,4,2
23,18,1,2
50,76,3,3
72,83,5,3
83,38,4,1
88,53,2,2
69,75,4,3
30,47,5,1
25,8,1,3
91,55,5,3
22,42,5,3
73,49,3,3
51,16,2,2
80,47,1,2
28,23,4,2
44,56,3,1
41,19,2,2
45,56,2,1
1,36,2,1
73,41,4,1
75,40,4,3
73,19,4,3
44,11,1,3
92,92,5,2
91,55,5,2
47,29,2,2
15,86,5,3
85,61,3,1
34,83,5,3
5,81,5,1
3,78,5,2
8,45,2,1
4,14,1,2
6,66,5,2
18,53,2,1
90,5,3,3
38,6,4,3
32,30,2,1
62,15,1,1
83,85,1,1
40,39,5,1
3,93,5,2
63,15,1,3
41,75,5,2
7,24,3,1
66,29,2,1
25,13,3,2
25,77,5,2
66,88,3,1
57,11,3,2
41,50,5,2
74,62,5,1
20,19,3,1
56,93,1,2
20,35,2,3
20,8,5,2
84,14,3,2
45,23,4,1
18,26,4,1
93,81,2,2
24,8,1,3
56,36,2,3
24,8,4,3
85,34,4,3
24,11,3,2
76,22,5,2
21,92,4,1
79,3,5,2
8,22,2,2
20,50,4,3
60,16,2,1
41,52,2,3
51,90,4,3
44,60,4,1
5,51,2,2
83,72,2,2
50,91,3,3
73,42,5,2
87,18,2,2
72,7,4,2
84,74,2,3
31,53,5,2
76,12,4,2
14,33,2,1
40,77,1,3
89,24,4,2
16,34,4,3
72,24,2,1
23,35,1,3
34,47,4,2
14,32,2,2
84,79,4,2
57,30,3,2
16,4,1,3
18,27,5,2
78,92,2,1
74,56,5,2
19,71,2,3
25,5,3,3
77,59,4,3
67,17,4,2
8,12,1,3
21,82,3,3
82,72,3,3
23,33,5,1
18,44,5,2
84,22,5,1
67,88,1,1
8,81,2,2
43,80,4,1
1,44,3,1
26,74,4,3
4,9,4,3
43,49,2,2
83,85,5,1
58,52,4,1
17,21,5,3
68,68,1,2
48,16,5,1
45,2,4,1
89,46,2,1
38,89,2,2
41,84,1,3
45,92,2,3
76,29,4,1
84,61,4,1
50,1,1,1
30,51,3,1
69,25,4,2
42,84,5,2
58,83,1,3
8,89,4,2
6,18,2,1
38,31,4,3
63,38,5,3
46,31,2,1
41,58,4,1
21,88,1,2
48,11,4,3
16,84,5,1
66,50,1,1
57,19,1,2
17,74,3,2
45,66,2,2
90,91,1,1
33,26,1,2
82,8,4,1
44,62,3,1
92,83,3,1
2,82,5,3
58,28,3,2
62,84,5,2
16,61,5,1
31,74,3,1
16,88,3,3
56,36,4,3
80,92,4,3
14,72,4,3
41,35,3,3
25,66,4,3
56,72,2,3
2,48,5,2
77,53,4,2
58,41,4,3
23,61,4,1
77,8,2,3
67,83,2,3
28,46,3,1
40,44,1,2
28,81,2,1
77,16,3,1
23,68,3,3
16,24,1,3
42,57,2,2
9,45,1,1
34,36,5,1
31,61,1,1
31,24,3,3
22,81,1,1
11,79,1,2
91,31,4,1
69,72,3,2
6,53,2,2
2,48,4,1
56,60,3,3
14,33,4,1
90,57,1,2
9,60,2,2
80,60,5,1
37,57,2,3
70,20,4,2
33,50,4,2
49,50,1,3
81,20,1,2
22,78,1,1
78,58,1,3
41,34,3,2
67,25,1,3
56,16,1,2
25,92,4,3
72,71,1,2
88,87,3,3
84,35,3,2
55,39,5,2
85,10,5,1
11,41,4,1
12,63,5,2
14,92,5,2
14,5,1,1
55,70,1,2
81,65,1,3
30,32,3,1
45,51,3,1
6,48,3,1
82,75,4,3
46,50,5,3
53,38,1,3
64,18,4,1
38,31,5,2
19,7,1,2
60,50,2,2
34,75,1,2
63,13,2,3
50,39,4,2
16,30,1,1
2,78,3,2
91,76,5,3
31,18,4,3
27,42,2,1
30,64,1,2
56,10,5,2
36,63,2,2
41,91,4,1
50,56,4,1
41,57,2,3
56,44,5,2
77,54,5,3
87,91,3,2
89,26,1,3
73,25,4,1
6,48,3,2
33,55,3,1
88,73,1,1
14,8,5,1
9,71,1,2
70,57,2,2
8,59,2,2
51,34,3,1
80,7,1,2
32,46,3,2
16,74,2,3
31,3,3,1
50,78,5,1
73,22,4,2
74,13,1,3
16,12,5,3
67,44,4,3
5,84,2,1
72,67,4,2
61,39,5,2
33,14,1,3
34,31,1,3
6,85,4,3
9,71,1,1
49,69,5,3
34,68,3,3
6,74,5,2
74,47,1,2
61,66,5,1
73,82,1,1
51,46,4,3
20,25,1,1
88,71,4,2
35,6,5,3
59,75,1,1
60,80,1,3
83,36,3,1
7,79,5,1
17,22,3,3
52,32,4,2
3,68,2,1
89,10,5,2
9,18,1,2
22,62,3,1
5,18,3,1
88,40,3,3
44,21,3,2
49,25,3,1
43,37,5,2
51,35,5,3
55,69,5,3
9,4,5,2
91,12,1,2
47,30,2,3
93,61,5,1
30,45,5,1
21,1,3,1
66,92,2,1
3,43,5,1
25,85,1,2
8,66,5,2
76,72,3,2
16,14,4,1
3,49,2,1
2,5,5,1
67,40,4,2
28,71,3,2
17,52,1,3
93,64,5,3
70,33,3,1
26,46,2,3
78,68,3,1
34,71,4,2
33,7,5,3
49,69,2,3
13,2,3,3
41,11,4,3
87,88,5,3
64,40,2,1
66,85,3,1
60,64,4,2
87,23,1,1
77,28,5,3
9,14,2,2
52,32,1,2
28,47,3,3
38,41,4,1
62,25,2,2
11,50,5,3
92,90,5,2
53,29,5,1
38,8,2,3
10,8,5,3
19,78,1,1
60,74,4,3
51,11,4,1
63,16,2,2
91,31,3,3
55,32,2,2
44,59,1,2
84,83,5,3
25,71,3,1
73,40,5,3
82,9,4,1
78,59,5,3
49,23,5,1
44,82,2,1
15,8,1,2
67,24,2,3
46,82,5,1
43,87,4,1
7,25,4,1
7,25,2,2
87,79,1,2
34,40,2,2
74,52,3,3
49,18,2,2
3,60,5,1
34,73,5,2
65,15,4,1
30,50,4,1
50,24,5,3
76,22,4,1
23,17,3,3
31,14,4,2
32,46,2,1
17,68,3,2
9,55,5,3
12,54,2,3
47,39,5,2
36,51,1,3
92,56,4,2
45,45,5,2
21,67,2,1
43,93,1,1
2,9,3,1
19,93,3,1
44,32,2,3
43,64,3,3
11,22,5,3
54,92,5,3
3,68,4,2
32,84,1,3
34,19,2,2
61,2,4,2
93,11,3,2
19,38,2,3
15,91,4,3
31,92,2,2
87,3,1,2
81,76,4,2
14,23,3,2
3,91,5,2
5,48,2,1
4,54,4,2
52,81,1,3
4,83,3,1
79,7,1,2
48,25,3,1
17,19,2,1
22,73,1,1
17,71,2,1
65,56,3,1
48,71,3,3
68,16,1,3
69,50,3,2
15,3,1,3
75,78,3,3
35,28,2,2
23,5,5,3
16,92,4,3
86,80,4,1
36,70,5,3
33,66,3,2
32,66,3,3
53,34,3,3
16,6,2,3
10,84,5,1
59,46,3,2
92,60,1,1
58,91,1,1
33,79,4,2
60,56,3,1
51,76,2,1
71,1,1,2
54,68,3,2
39,20,5,2
72,66,3,2
2,29,5,3
70,13,1,2
52,70,1,1
12,56,3,3
20,45,5,3
7,49,4,2
50,54,2,2
18,86,1,2
91,26,5,3
51,11,3,3
53,73,3,1
92,38,3,3
44,4,2,1
11,2,3,1
78,36,1,2
60,8,1,3
38,17,2,1
77,30,2,2
62,14,1,2
44,38,3,2
48,81,3,2
33,29,1,2
1,34,2,1
62,55,1,1
64,1,1,2
62,17,5,1
28,32,2,2
2,16,3,3
17,85,2,2
45,87,3,2
67,69,1,1
83,79,3,2
85,38,4,2
48,19,1,3
80,31,4,1
30,72,3,2
63,14,2,3
17,29,2,2
18,3,1,2
39,16,4,2
2,17,1,2
19,19,4,3
41,25,3,3
70,18,4,2
46,38,2,3
22,50,3,3
65,91,2,1
60,58,3,3
58,73,3,1
4,16,2,1
24,30,1,2
84,35,4,2
68,33,2,2
76,80,2,3
41,37,4,1
30,21,1,1
6,26,2,1
24,7,1,3
62,21,5,3
6,1,1,3
78,55,5,3
5,23,2,2
51,88,2,2
30,2,2,3
40,39,2,1
33,79,5,1
35,45,3,1
79,25,4,3
82,18,1,2
35,13,3,2
4,28,2,1
40,55,2,3
19,23,2,2
88,62,1,2
85,28,2,3
14,86,1,3
41,46,4,3
8,72,3,2
38,60,2,2
45,8,2,2
73,50,1,3
1,20,4,1
71,92,2,3
38,47,2,3
48,18,1,2
83,60,5,2
65,13,4,1
61,24,1,2
45,73,3,2
1,79,4,1
46,48,1,1
20,32,4,1
76,88,3,2
23,61,2,2
16,49,4,1
11,34,3,1
80,15,3,1
30,57,4,2
83,83,5,2
77,67,3,1
63,69,2,2
49,73,1,3
22,69,3,1
19,77,4,2
91,19,4,3
72,1,4,1
76,84,5,3
77,85,4,2
79,50,1,1
63,4,1,1
25,50,5,2
65,62,3,3
46,62,5,2
13,5,5,1
41,3,2,3
73,1,4,2
93,89,2,1
8,47,5,3
56,81,3,2
6,24,5,3
58,3,2,1
39,60,2,1
42,60,5,2
27,91,4,2
27,64,4,1
72,54,5,1
69,28,1,1
3,22,5,3
21,93,2,2
81,73,3,1
78,24,2,1
17,27,4,3
61,19,5,3
5,22,2,2
56,61,4,1
31,17,1,3
65,35,4,1
71,15,2,1
28,61,2,1
11,44,3,2
62,48,3,1
63,43,2,3
89,87,2,3
28,80,3,3
85,48,1,1
80,75,5,1
41,8,4,2
27,61,3,1
56,73,3,3
32,13,2,2
7,85,2,3
78,86,2,2
63,77,4,1
43,79,3,1
86,58,5,1
23,35,4,2
41,78,1,2
46,6,2,3
10,64,2,3
26,40,5,2
68,41,5,3
80,92,1,2
79,31,3,3
62,12,1,1
24,1,4,3
83,22,5,2
41,88,3,1
45,89,2,1
77,17,5,1
49,86,5,3
64,17,5,1
58,25,4,1
69,41,4,1
52,92,5,1
44,32,4,3
38,39,3,1
77,34,4,3
73,82,3,3
29,2,2,2
42,22,1,2
25,91,5,2
74,46,2,2
77,56,1,2
71,42,5,1
41,45,1,1
33,84,1,2
74,37,2,2
88,34,3,2
67,43,3,2
47,62,3,1
2,33,2,1
87,31,2,1
61,30,1,3
90,4,1,3
82,35,1,2
51,70,4,3
50,60,3,2
32,71,2,1
90,45,3,2
14,1,4,2
10,43,5,1
27,79,2,1
73,69,1,3
51,26,2,1
85,34,5,2
65,22,5,2
21,41,5,1
46,24,4,3
89,39,1,1
27,21,1,2
43,43,2,2
68,30,3,3
36,36,4,1
15,71,2,1
40,34,5,3
27,54,1,1
30,6,5,3
18,13,1,3
16,45,5,2
90,41,1,1
39,79,3,1
36,29,1,3
8,25,1,1
88,55,1,3
49,33,4,1
30,5,2,2
4,20,2,2
17,91,5,1
28,79,3,1
41,59,3,3
57,92,5,2
84,53,2,1
79,80,1,1
30,30,4,1
20,69,4,2
8,59,3,2
83,63,2,3
52,35,2,2
42,79,3,1
47,36,1,3
6,86,1,2
57,33,4,2
24,83,3,1
12,70,1,2
59,50,3,2
70,38,4,2
3,36,5,3
32,61,1,3
55,28,3,1
7,32,1,3
23,81,3,3
70,1,3,2
16,31,1,2
55,8,3,3
42,34,1,3
83,24,5,3
20,81,1,3
4,45,5,3
5,47,1,2
22,86,1,3
54,53,4,2
38,12,1,2
73,20,1,3
58,45,2,2
43,32,1,3
57,82,1,1
80,3,5,2
48,22,4,3
6,88,3,2
20,92,4,3
1,18,5,1
24,49,3,2
55,50,5,2
6,21,5,3
34,58,4,1
8,1,3,2
50,33,2,3
88,57,4,2
47,76,2,3
43,79,5,1
24,81,4,2
76,48,2,2
81,24,3,2
18,64,2,3
6,2,5,3
51,67,2,2
25,59,3,2
50,26,4,2
1,24,2,2
56,90,4,2
68,27,4,2
82,61,5,3
60,48,5,2
79,40,5,1
34,32,5,1
9,33,2,1
15,46,1,1
36,39,2,3
67,40,2,1
22,80,4,3
35,34,3,3
2,46,4,1
55,15,5,2
85,25,2,1
71,25,1,1
5,4,2,3
31,70,2,3
77,80,1,1
50,79,5,2
33,36,1,1
21,28,3,3
39,68,2,1
32,65,4,3
21,89,1,1
19,36,5,2
30,39,5,1
77,73,5,3
34,26,4,3
58,83,3,3
68,50,4,2
91,6,5,1
27,51,4,2
2,60,5,2
48,6,5,3
42,32,2,3
78,20,5,1
79,53,5,1
64,82,1,1
70,15,5,2
31,16,1,1
82,58,5,3
71,62,5,1
8,64,3,3
40,76,2,2
86,12,4,1
25,3,1,1
4,20,1,2
79,41,1,2
66,53,2,1
56,63,3,1
62,24,1,3
26,39,1,1
33,29,1,1
47,15,4,3
30,55,2,2
65,18,1,1
58,36,5,3
60,4,5,1
16,59,3,3
55,8,4,1
36,90,4,3
46,41,4,2
38,37,5,3
12,64,2,2
76,6,2,1
88,18,5,1
93,79,1,2
66,10,2,1
20,80,1,1
75,6,4,3
42,57,1,1
64,51,3,2
81,53,1,1
73,26,2,1
1,15,2,1
12,5,3,1
12,78,3,2
21,7,4,3
49,87,1,1
76,75,1,2
49,13,3,2
88,84,2,1
65,34,4,2
50,13,2,2
19,9,3,2
9,33,2,2
27,41,1,1
48,93,1,2
18,48,5,2
46,50,2,2
23,24,5,2
52,69,3,3
81,31,1,1
78,32,2,3
55,55,1,3
68,16,5,3
68,43,2,2
6,52,4,1
60,25,2,2
14,19,3,2
64,81,1,1
34,20,1,3
59,36,2,2
13,27,1,3
39,55,5,3
59,2,3,1
25,56,3,1
2,80,4,2
23,75,3,3
17,10,4,1
9,35,5,3
90,1,1,3
49,17,2,2
76,9,5,3
20,12,4,1
65,43,3,3
48,43,5,1
54,84,2,3
88,32,4,1
5,78,5,1
35,24,2,2
61,43,3,2
47,36,1,2
39,86,1,2
3,88,1,2
83,62,1,3
86,27,1,1
40,38,4,1
83,3,1,2
32,37,5,1
9,29,5,1
5,29,1,2
78,23,1,1
49,31,2,2
9,14,3,3
56,27,2,1
23,23,1,2
30,49,4,3
32,66,3,2
34,16,5,1
91,14,4,1
81,12,5,1
44,14,3,3
4,13,2,2
32,89,4,1
38,79,1,1
89,4,1,3
56,38,3,1
88,46,4,2
53,60,5,1
14,79,4,1
24,44,4,1
47,36,3,1
88,91,3,1
11,74,2,2
73,73,4,1
46,67,4,3
53,5,2,2
12,70,3,1
12,57,1,3
33,86,5,2
41,87,5,2
82,22,4,2
88,65,3,3
49,64,2,2
38,23,2,1
25,73,5,3
21,4,1,2
29,21,1,1
38,66,1,1
88,59,4,2
44,7,1,1
40,18,2,1
76,75,2,1
47,12,2,1
44,81,1,1
77,48,1,2
48,72,3,3
77,13,2,3
76,9,5,2
57,41,2,2
51,59,1,1
6,41,3,1
15,62,3,2
74,33,2,1
45,52,5,3
58,50,2,1
90,47,5,2
42,28,5,1
58,53,4,3
41,46,1,1
75,39,2,3
70,9,1,2
42,27,3,3
19,9,5,2
10,8,2,1
47,66,1,1
63,75,4,2
82,89,4,1
65,35,4,2
76,33,2,2
20,80,2,2
93,5,1,1
21,2,5,2
23,21,2,3
47,23,1,3
60,64,2,1
5,16,2,1
4,40,1,2
89,84,1,3
9,89,4,1
57,50,3,2
69,51,5,2
34,36,5,3
60,54,2,1
65,5,3,3
65,88,4,3
28,14,2,2
23,74,1,2
73,77,4,1
41,4,4,3
49,13,1,1
76,14,3,1
30,73,2,2
48,91,2,1
43,70,3,3
35,78,2,3
76,23,4,1
89,86,5,2
82,76,2,1
68,4,2,2
56,45,1,3
48,22,1,2
40,23,4,3
75,42,5,3
80,50,4,2
57,54,5,3
51,85,3,3
53,27,3,1
39,68,3,2
58,11,1,2
86,89,4,3
73,17,2,3
41,51,4,3
78,7,1,1
14,51,2,3
80,1,4,2
59,54,1,2
1,58,3,2
8,73,3,3
64,65,4,3
62,15,2,3
4,7,5,1
90,30,3,3
40,7,5,2
41,16,5,2
60,91,3,2
93,23,2,3
51,57,2,2
1,15,1,2
76,67,3,3
45,38,1,3
13,37,3,1
3,13,1,1
44,47,5,2
17,86,5,1
76,31,1,2
52,45,2,2
71,66,1,2
83,6,1,3
92,86,5,1
34,75,2,3
5,8,3,1
31,79,3,1
55,5,1,2
33,15,2,3
43,86,5,3
70,79,2,2
4,36,3,3
14,71,3,3
22,25,1,1
83,92,2,1
87,57,1,2
69,52,5,2
89,54,1,2
62,22,2,3
86,55,4,2
24,49,5,2
61,16,3,3
5,52,2,3
45,56,3,1
16,37,5,1
40,60,5,2
66,53,3,1
33,10,1,2
41,55,1,2
20,42,2,2
1,74,2,1
16,56,5,3
7,48,1,2
91,58,5,1
48,69,1,2
36,18,1,2
83,71,3,2
78,52,5,2
40,55,4,2
66,12,4,2
33,83,4,2
58,13,3,2
16,59,3,2
26,63,4,3
54,15,3,2
85,90,3,3
48,56,1,3
73,11,3,1
60,88,4,3
24,15,1,2
47,59,4,1
64,46,5,2
69,83,5,3
35,87,3,1
32,7,3,3
74,39,2,2
53,44,5,2
44,82,2,1
57,72,4,1
19,23,4,1
91,88,4,2
56,39,1,2
59,35,3,3
22,40,2,1
21,23,4,3
62,67,1,3
92,13,2,3
12,31,5,2
43,93,1,1
89,83,1,1
80,85,3,3
3,15,4,1
87,54,4,2
28,3,3,2
33,44,5,2
5,89,2,3
54,73,5,1
47,60,2,3
54,31,3,3
30,73,2,1
26,16,5,1
8,81,1,2
90,35,4,1
41,16,3,2
45,30,3,1
38,63,1,1
10,49,3,2
39,31,4,1
5,49,4,2
68,42,2,2
78,44,5,3
49,72,4,3
41,39,4,2
43,48,3,3
31,16,1,3
18,27,4,1
9,14,5,1
92,73,4,3
44,70,2,3
9,43,3,1
28,21,2,1
61,91,1,3
7,51,4,3
80,25,5,1
70,38,5,2
44,86,3,3
93,48,3,3
9,59,1,1
42,54,3,1
93,8,5,2
50,24,1,1
7,42,2,1
68,89,2,3
65,52,2,1
3,60,2,2
28,26,3,3
30,43,1,1
78,48,3,2
4,78,2,3
51,11,2,1
64,73,1,2
66,49,2,1
53,54,3,2
27,8,5,3
58,81,2,2
54,74,5,1
32,73,4,1
54,1,1,2
58,7,4,1
61,3,1,1
61,33,1,3
54,23,4,2
7,24,5,3
11,66,3,1
92,63,3,2
72,56,5,3
33,50,2,2
61,57,1,2
59,36,4,2
39,51,5,1
89,24,1,1
25,59,5,3
47,21,4,1
11,13,1,1
22,59,3,1
27,2,3,1
21,30,2,2
25,91,4,2
33,8,3,3
81,44,5,3
61,26,3,2
64,23,2,2
21,66,1,1
20,66,1,3
49,56,4,2
19,39,5,1
70,1,2,1
91,40,3,3
28,41,3,2
86,72,4,1
57,13,3,2
39,68,3,2
91,54,3,2
78,87,1,3
60,83,1,3
1,88,3,1
72,93,4,1
57,4,3,1
13,70,2,1
91,27,2,3
56,76,3,3
86,19,2,1
9,37,3,3
85,33,1,1
16,46,5,2
86,30,4,3
53,43,1,1
48,63,5,1
11,44,3,1
2,52,4,2
84,25,3,1
8,34,2,3
68,89,2,3
91,75,4,1
57,57,2,2
28,84,1,1
16,42,3,3
4,91,2,3
66,57,1,2
78,69,4,2
79,69,5,3
69,85,2,2
50,17,4,1
47,29,4,3
28,42,4,1
79,32,3,3
6,78,3,3
67,93,1,3
57,1,3,1
68,77,4,3
23,93,5,3
41,42,1,2
88,45,1,3
72,92,5,3
60,54,3,2
2,13,5,2
30,55,5,1
67,86,1,1
13,2,3,2
45,6,2,1
81,59,5,2
72,29,2,2
48,36,5,3
6,39,3,2
24,42,2,3
20,92,5,3
33,90,1,2
86,46,4,1
77,11,4,3
28,3,1,3
16,79,1,2
66,46,4,1
89,1,3,2
75,36,1,1
28,63,3,2
46,87,4,2
8,31,4,3
35,68,1,3
90,35,3,1
28,41,2,3
63,41,1,2
20,2,3,3
30,83,5,2
36,78,2,3
36,59,3,2
57,35,1,1
81,12,5,1
55,40,4,3
34,79,4,3
17,26,2,3
18,14,2,2
54,88,5,3
55,69,2,2
17,7,4,3
58,30,3,2
60,93,2,1
68,28,4,3
19,90,4,3
90,61,1,3
89,34,4,3
73,87,1,1
33,62,3,3
10,26,3,3
73,41,4,1
74,49,1,1
84,58,3,1
39,30,1,3
38,19,3,1
72,87,3,1
55,28,4,3
5,50,2,2
26,89,3,2
93,93,2,3
37,59,1,1
78,7,3,2
23,14,2,2
79,81,1,1
42,34,5,2
74,89,1,1
28,53,1,3
43,55,2,2
32,3,1,3
88,73,4,1
92,47,2,3
23,65,2,3
31,68,3,1
30,30,3,3
24,37,3,3
55,86,1,2
71,70,2,1
86,7,5,3
64,85,3,1
53,23,4,2
87,41,2,2
83,44,4,1
85,81,1,3
80,46,4,1
90,92,1,3
84,79,5,3
23,13,1,3
26,46,1,2
6,48,5,2
24,79,5,2
22,82,1,3
37,62,4,2
57,31,4,3
70,8,5,1
71,3,2,2
91,52,2,1
57,78,3,2
50,89,3,1
38,33,3,1
29,16,1,3
87,5,5,3
83,14,2,3
43,16,3,3
70,8,5,3
84,46,1,3
18,54,2,3
8,64,5,3
59,61,4,1
58,80,3,2
11,9,2,3
19,57,3,1
29,57,5,1
60,25,5,1
64,61,4,3
19,12,3,2
91,32,2,1
35,44,3,2
18,38,2,2
79,40,5,2
10,91,1,2
21,43,1,1
64,42,1,1
23,24,3,1
63,88,1,1
37,1,5,1
82,2,2,1
66,57,1,3
79,32,4,1
50,93,1,1
5,10,5,2
93,41,3,3
82,32,4,2
56,86,4,1
11,61,5,2
64,70,3,1
31,35,3,1
21,40,3,2
11,23,4,1
90,68,4,3
62,52,1,1
30,15,3,1
18,86,2,3
43,60,1,2
89,7,4,2
31,84,4,2
51,73,3,2
80,7,4,3
40,5,3,2
27,87,2,2
31,9,3,2
41,61,2,2
90,60,3,3
41,13,1,1
91,52,5,1
52,29,1,3
36,59,1,2
58,87,3,2
87,2,1,2
78,61,5,2
33,52,1,2
20,42,3,2
84,50,4,2
42,31,3,3
28,66,5,2
72,12,2,2
75,58,1,3
24,56,3,1
84,28,3,2
87,20,5,2
42,73,2,3
69,4,1,2
18,3,1,2
88,11,1,3
37,90,4,3
36,37,2,2
31,42,5,2
25,63,3,2
13,21,3,2
31,56,4,2
6,78,3,1
39,11,3,1
10,5,4,2
85,46,3,1
18,79,1,1
65,67,2,2
47,5,3,3
2,79,2,2
11,59,2,2
92,75,2,2
24,13,5,2
76,1,3,2
34,55,1,1
72,52,4,2
89,27,1,3
91,54,2,2
18,62,3,1
5,33,2,3
90,29,4,1
6,55,1,1
21,6,3,3
93,8,4,1
29,83,1,1
82,19,2,1
23,24,1,3
19,37,2,1
66,22,2,3
37,69,5,2
22,6,1,2
68,80,4,2
1,17,5,2
93,9,4,3
25,14,3,3
79,22,3,2
86,90,3,2
70,8,4,1
17,60,2,2
5,11,1,3
87,19,4,1
27,16,2,3
77,5,3,1
5,35,2,1
52,56,3,1
12,81,5,3
52,11,5,1
93,61,2,3
40,46,4,1
12,64,5,1
18,35,4,2
82,54,1,2
22,40,1,1
90,69,5,2
65,92,1,2
85,28,5,2
6,10,4,2
89,81,2,1
45,44,4,3
25,2,3,2
92,84,1,1
90,66,5,3
63,57,2,1
12,83,5,1
52,45,5,2
56,59,5,2
19,28,3,1
93,48,3,2
71,10,3,2
64,40,4,3
21,13,2,1
44,37,1,1
74,80,5,3
3,91,4,1
20,75,1,1
39,33,5,2
90,2,2,2
58,6,2,1
68,52,2,2
6,18,3,1
46,3,4,3
28,61,2,1
15,5,2,2
71,19,1,1
23,54,3,3
6,75,3,2
21,12,5,3
38,70,4,1
74,15,4,1
16,55,3,1
75,26,1,1
74,37,5,1
46,2,4,2
39,13,5,3
70,2,1,3
6,61,2,3
10,81,4,2
6,65,3,3
35,39,3,1
60,36,4,3
73,67,5,3
29,2,2,1
82,90,2,2
66,1,3,3
52,4,2,1
70,37,3,2
75,48,1,3
38,88,2,2
2,87,1,1
47,63,5,1
24,82,5,3
86,68,4,1
89,52,4,3
86,21,1,1
2,6,5,2
37,80,3,1
74,62,3,3
10,14,5,1
34,35,2,1
32,53,5,2
78,45,4,3
88,18,5,2
54,36,3,1
87,11,3,2
46,9,5,3
8,38,4,2
31,26,3,3
7,18,4,3
45,50,2,1
18,62,3,1
84,73,3,1
15,7,2,1
34,84,2,1
66,43,1,1
24,16,4,2
61,16,1,2
16,69,4,1
85,47,1,2
48,16,3,2
26,39,5,2
15,93,2,2
39,70,3,3
52,82,3,3
92,93,3,3
36,3,4,3
50,43,4,1
49,52,5,1
25,52,4,3
91,86,4,1
63,22,5,3
15,11,3,2
28,28,4,3
68,59,3,3
33,91,3,1
47,16,5,1
88,74,1,3
86,31,2,2
1,87,4,1
42,24,5,1
55,20,2,1
64,56,5,1
45,66,4,3
35,17,1,3
39,65,1,2
11,39,1,1
23,27,1,3
30,67,5,1
27,46,3,2
52,53,4,1
6,12,1,1
29,18,3,3
2,33,3,2
71,25,4,1
69,83,2,2
15,10,2,1
66,29,5,2
59,56,5,2
82,24,5,1
45,31,3,1
65,23,4,1
79,35,4,1
1,14,5,3
46,60,3,2
75,58,4,3
17,79,3,2
69,27,1,1
42,31,1,2
22,83,3,1
19,78,5,1
93,68,4,1
20,10,2,3
36,83,3,2
70,43,2,3
35,6,4,2
3,50,4,2
8,22,1,1
91,42,2,3
23,88,5,3
72,53,1,2
43,89,3,1
57,12,4,1
55,91,1,1
16,63,5,1
14,57,2,1
4,21,4,3
49,77,2,3
60,19,5,3
15,50,4,1
60,91,4,3
20,86,4,3
64,14,4,2
27,80,4,2
91,33,5,2
92,69,2,3
65,62,1,1
86,45,2,3
57,61,5,3
1,4,5,2
14,69,4,3
72,83,1,3
66,58,3,2
18,37,2,3
82,14,4,2
3,20,1,3
4,38,1,2
17,50,1,2
43,14,1,3
8,46,5,3
77,35,2,1
32,34,1,3
15,18,2,1
90,17,1,3
67,46,1,2
6,53,5,2
61,68,2,2
85,77,2,1
92,54,4,2
62,75,1,2
68,60,4,3
59,66,5,1
9,69,3,3
92,35,1,2
24,78,4,3
65,30,5,1
33,59,1,3
64,11,4,1
23,89,3,2
13,25,5,2
20,33,5,1
39,92,4,1
11,67,2,2
5,6,3,3
30,83,2,3
54,28,3,3
87,3,2,3
7,36,4,2
46,5,2,3
67,12,5,1
40,35,3,1
84,61,1,2
90,60,5,1
74,55,5,1
35,74,4,2
90,53,5,3
74,56,5,3
50,26,5,3
56,44,3,2
38,89,3,2
38,88,5,3
3,12,2,2
39,11,5,2
49,68,3,2
76,59,2,3
6,30,1,3
27,16,2,1
48,82,3,3
55,93,5,2
51,93,5,1
79,5,1,2
43,59,5,2
43,28,5,3
43,18,2,1
39,10,2,2
87,74,1,3
92,62,1,2
62,47,4,1
44,7,1,1
66,50,5,1
56,1,3,3
42,90,2,3
44,54,3,2
89,22,3,2
44,89,1,2
41,43,3,1
13,56,2,2
7,92,2,2
54,28,3,1
82,41,2,1
17,82,1,1
73,35,5,1
25,29,3,1
4,17,4,1
21,34,2,1
41,63,4,3
66,14,5,3
3,17,5,2
6,59,2,1
81,75,1,1
35,89,2,3
75,81,3,3
1,74,4,2
85,7,2,3
45,77,2,2
84,53,3,2
21,64,4,2
85,6,5,1
40,6,1,1
65,75,4,3
29,15,5,3
72,60,4,1
83,78,4,1
15,83,1,2
90,86,1,1
28,62,5,1
40,14,1,1
92,75,2,3
74,34,5,3
26,91,4,3
1,25,1,3
61,14,4,3
8,84,1,2
32,11,2,2
85,39,2,2
11,80,5,3
87,58,1,2
65,72,5,1
43,14,4,3
41,9,4,2
80,33,1,3
10,21,3,3
28,20,4,3
11,41,5,3
41,62,2,1
33,9,2,2
12,71,2,3
87,9,2,3
92,12,4,2
34,35,5,1
60,24,5,2
2,42,2,2
65,2,1,3
90,75,3,3
46,74,3,2
10,32,1,2
59,70,3,1
72,64,3,2
66,20,1,2
68,31,3,2
27,26,1,2
1,45,4,2
49,48,4,3
54,45,5,2
86,73,2,2
39,29,4,2
51,56,1,1
74,49,5,1
53,18,2,1
28,40,2,3
32,56,1,1
25,4,3,1
79,68,1,3
92,73,4,1
53,68,1,3
1,33,3,2
12,62,1,1
78,58,5,2
85,26,5,3
27,9,4,1
59,5,1,1
76,2,2,2
81,78,2,3
15,90,4,3
29,59,1,1
85,83,5,2
23,76,3,2
13,61,2,3
44,10,1,3
19,2,3,2
68,91,5,3
90,27,3,3
34,71,5,2
48,57,4,2
84,84,3,3
34,69,1,3
74,24,1,3
49,73,2,2
47,82,5,1
70,31,3,3
82,89,4,1
15,81,1,3
92,26,2,1
30,56,3,3
62,81,3,1
29,39,5,3
50,90,5,3
14,32,2,3
21,29,1,2
89,19,1,1
19,19,5,1
84,76,5,3
88,30,3,2
44,72,4,3
41,27,2,2
56,4,3,1
12,91,1,3
12,46,1,1
43,89,5,1
70,9,2,3
17,22,1,1
65,42,1,1
14,29,1,3
45,85,5,1
81,31,2,3
84,3,1,3
78,68,3,3
6,92,1,1
77,34,3,1
46,90,2,3
10,63,4,2
44,39,3,1
9,44,2,2
46,37,2,2
76,73,2,2
35,68,3,2
27,85,3,1
19,93,1,2
67,29,2,1
53,73,3,1
84,29,2,3
26,41,4,3
25,90,2,2
73,45,2,2
15,27,2,3
61,65,1,2
58,37,3,3
92,62,1,3
10,25,5,1
15,5,4,2
17,45,4,2
83,14,4,2
15,75,2,3
1,27,3,2
63,62,1,3
85,83,1,2
21,92,4,3
83,56,2,1
41,9,3,2
73,85,3,2
8,88,1,3
5,13,5,2
85,14,3,3
60,53,4,2
73,60,4,1
19,24,3,3
88,49,5,3
13,61,5,1
18,5,3,3
87,60,3,1
11,20,2,2
21,68,2,2
8,45,5,3
36,58,2,3
70,35,1,2
68,51,5,3
26,40,4,2
18,27,5,1
83,21,3,1
43,3,2,2
5,50,4,3
41,50,4,1
48,64,1,3
86,40,4,1
13,80,5,1
76,17,2,1
26,82,4,2
49,75,3,3
61,14,3,2
10,36,2,1
74,37,5,1
9,82,4,3
8,32,5,3
69,83,1,1
65,80,1,1
6,62,2,3
67,63,3,3
45,74,1,1
52,88,1,3
25,18,5,1
22,43,5,3
26,37,4,3
92,45,3,2
54,52,3,2
76,15,4,1
56,5,2,1
56,47,1,1
14,14,4,1
25,64,5,3
39,14,5,1
52,63,1,3
80,11,3,1
65,35,5,2
75,67,4,2
69,3,5,3
54,62,3,1
62,7,5,2
62,19,4,2
52,55,1,1
72,14,2,2
68,28,1,2
70,49,3,1
50,21,1,1
45,61,3,3
35,87,5,1
4,86,1,1
1,15,1,3
33,19,3,3
18,60,5,2
30,63,2,3
46,44,3,3
17,30,2,3
15,22,5,2
84,77,2,1
11,54,3,2
78,82,5,1
80,81,4,3
63,61,4,1
33,91,2,1
20,23,4,3
16,74,3,1
20,29,1,2
3,26,5,3
87,37,4,3
25,65,5,1
28,31,2,2
87,79,4,1
3,85,5,3
50,65,2,3
2,8,5,3
51,79,1,2
9,19,2,2
63,69,4,3
75,37,1,3
50,57,5,3
90,93,4,3
61,46,1,1
74,31,5,2
44,14,4,1
34,61,4,2
84,69,5,2
76,63,3,2
16,4,1,2
19,78,5,1
93,74,4,1
28,51,5,2
21,52,4,1
40,41,1,1
33,89,4,2
77,40,3,1
91,1,1,3
20,35,4,3
75,21,1,3
80,45,1,3
13,61,2,2
59,66,4,3
63,5,4,2
83,29,2,1
22,18,2,1
48,93,4,2
43,85,4,3
31,49,5,2
45,55,1,1
6,89,4,1
56,63,4,3
15,71,3,1
92,2,4,2
10,68,3,2
78,3,1,1
42,82,4,2
44,70,5,1
6,22,1,2
36,71,5,1
65,20,2,2
14,91,5,3
19,8,1,1
26,7,2,1
13,45,5,1
66,10,2,1
19,28,4,2
77,24,5,2
54,36,1,1
56,19,5,2
37,10,5,2
31,55,5,3
92,8,4,1
82,9,4,2
81,50,2,1
15,31,3,1
93,63,4,3
87,9,3,1
89,24,5,2
42,62,1,1
89,68,5,1
78,92,3,3
51,67,1,3
41,61,4,2
86,8,1,2
33,70,3,2
35,2,4,1
68,78,2,1
39,45,2,3
41,61,4,3
34,21,1,2
59,90,5,1
47,57,1,1
66,48,2,2
80,88,5,1
38,52,4,2
93,66,3,1
77,79,2,1
87,66,1,1
59,20,2,1
90,26,2,2
47,66,3,1
91,20,3,3
71,77,4,2
72,27,2,2
18,75,1,3
32,44,4,2
20,89,2,3
41,60,1,3
10,84,1,1
24,19,3,3
53,54,4,1
38,27,5,2
56,23,1,2
74,44,3,1
6,17,5,1
34,7,5,1
91,31,4,2
8,70,1,2
73,84,1,2
23,7,3,3
68,88,1,3
25,1,1,3
9,90,3,3
31,25,2,2
15,46,1,1
69,56,3,2
35,92,4,1
66,1,1,2
57,91,4,2
14,44,5,1
61,55,4,2
93,18,5,2
89,46,2,3
74,7,2,3
51,23,2,1
43,17,1,2
71,58,4,1
11,27,1,1
50,41,3,2
10,51,5,1
55,26,5,2
70,60,3,2
74,64,1,1
23,15,4,3
10,63,5,2
55,7,2,1
91,61,5,1
64,49,1,2
2,90,4,2
40,31,2,1
2,76,2,1
69,5,5,1
79,75,2,3
91,39,2,1
89,41,3,3
3,49,4,2
24,48,2,1
24,71,1,2
9,87,3,3
65,56,3,3
1,12,3,2
27,37,2,2
5,85,3,3
80,90,1,3
55,9,2,1
40,68,3,1
76,23,4,2
89,20,2,1
32,61,2,1
41,42,2,3
46,83,5,3
28,93,1,3
39,43,2,2
30,73,1,3
51,68,2,3
75,86,3,3
64,48,1,3
68,90,4,2
65,85,5,2
49,91,5,2
62,78,2,1
63,45,3,3
31,91,2,1
2,54,2,2
47,68,5,2
22,36,5,1
14,61,5,1
36,41,3,2
82,81,4,1
2,29,3,1
49,1,1,2
88,38,3,1
80,48,1,1
83,51,3,2
49,13,2,1
12,29,2,2
46,30,2,3
27,93,1,3
19,78,4,1
71,5,3,3
53,87,5,3
90,1,2,2
59,4,1,3
84,48,5,1
58,50,4,2
90,72,5,2
48,69,2,3
16,65,3,1
36,5,4,3
91,81,4,1
12,55,1,2
64,16,5,1
67,58,5,1
77,43,4,3
79,9,2,3
28,20,4,2
42,2,3,3
73,8,2,1
53,87,3,2
65,65,1,2
30,92,5,2
92,48,1,3
44,34,3,1
91,23,5,2
15,55,3,2
90,3,4,1
10,59,4,1
55,49,5,3
39,71,5,2
44,72,5,3
30,54,2,3
76,31,3,1
25,11,4,2
14,16,3,3
25,82,2,3
82,40,2,1
36,80,2,3
66,56,4,3
69,50,4,1
32,4,5,1
15,14,2,2
39,2,5,3
53,2,1,1
37,49,5,1
10,63,4,2
24,86,2,1
93,32,4,2
13,41,5,2
63,7,4,3
16,14,2,3
38,81,1,2
34,76,3,3
84,81,3,1
23,81,4,1
82,78,5,3
26,83,3,2
47,90,4,1
32,8,2,1
26,65,2,3
24,81,4,3
12,69,4,2
77,92,4,2
61,93,3,2
53,48,1,1
50,41,5,2
21,80,2,2
28,6,5,1
75,24,4,2
70,34,3,3
3,29,4,3
81,52,1,3
52,55,1,2
33,55,2,1
70,35,4,3
81,3,2,3
93,35,5,1
43,70,3,2
24,90,5,1
23,85,1,2
77,85,2,3
23,43,1,2
65,81,1,3
8,11,4,1
60,23,4,2
53,27,3,3
82,2,1,3
1,11,5,1
18,8,3,2
48,32,4,2
36,47,5,2
53,93,4,1
32,86,1,3
55,3,3,3
32,50,1,1
65,52,1,2
83,22,1,3
2,51,2,3
45,53,3,2
65,31,5,2
48,49,1,3
43,83,3,1
89,76,5,3
47,20,5,3
21,87,5,2
13,44,1,2
62,60,1,2
7,23,4,1
3,82,1,2
4,5,1,2
3,77,4,1
34,92,5,2
13,36,4,1
67,61,1,2
58,66,4,2
49,87,1,3
56,93,3,3
73,41,5,3
4,84,5,1
74,11,5,2
77,35,2,3
10,92,4,2
69,57,2,1
48,34,4,3
74,79,4,3
37,87,5,2
12,17,4,3
6,34,4,1
43,91,3,1
41,13,2,2
66,4,1,1
91,46,1,2
85,54,1,1
84,12,2,1
73,83,5,1
60,15,2,2
54,48,4,1
18,84,1,2
80,15,1,2
62,60,3,3
93,24,5,2
69,12,1,1
82,44,4,3
70,75,1,3
67,88,5,3
84,30,1,2
22,37,1,3
85,56,3,1
93,40,2,1
72,92,5,1
10,3,3,2
49,77,2,2
12,30,1,3
72,36,4,1
31,40,2,1
85,56,4,1
83,9,2,3
87,88,4,1
54,38,2,3
68,26,4,3
65,19,4,2
27,55,1,2
57,38,2,2
13,49,4,3
39,51,3,1
38,25,3,3
35,13,2,1
83,19,1,3
57,75,2,3
9,59,3,1
2,52,3,1
32,24,1,1
90,43,5,2
36,10,2,3
45,38,4,2
35,52,5,3
2,15,1,2
21,8,5,1
31,8,1,3
26,62,5,2
64,52,1,2
53,85,5,1
81,25,4,2
83,73,4,3
19,87,4,3
8,91,4,1
57,20,4,1
71,50,1,2
28,55,1,1
8,67,1,3
56,42,2,1
1,66,1,2
67,54,4,1
88,53,2,3
37,73,3,3
80,91,3,3
46,84,1,2
54,6,3,2
41,71,4,2
42,43,2,3
41,84,5,2
73,84,4,1
50,80,5,2
52,10,3,1
34,14,4,1
85,43,1,3
14,71,2,1
51,51,1,2
66,78,2,3
64,68,4,1
52,11,1,1
34,10,4,3
61,19,4,1
38,33,1,3
92,28,3,1
58,61,3,3
37,3,1,1
1,41,5,3
11,70,3,1
87,3,3,3
4,16,1,1
35,72,2,3
72,82,1,1
64,35,2,1
90,48,2,1
17,54,2,1
22,55,3,1
14,35,3,3
93,73,4,1
79,7,5,1
56,21,3,3
42,58,4,3
46,41,1,1
67,57,2,2
51,11,5,3
8,24,1,3
91,38,4,1
14,2,2,3
19,65,1,3
26,55,5,3
45,15,2,3
2,91,5,3
77,70,2,1
55,55,1,1
55,17,2,2
80,60,5,3
41,24,5,2
44,93,5,3
43,45,3,2
11,66,2,1
76,22,2,1
92,42,4,2
81,25,4,3
78,10,3,3
62,65,5,1
72,21,4,1
81,67,3,3
9,26,1,1
7,67,3,1
68,36,4,2
46,11,4,2
26,1,4,3
9,21,3,3
67,54,1,1
71,43,2,2
69,92,5,3
93,83,4,3
88,28,5,1
89,46,1,1
80,41,4,3
83,6,4,3
7,75,5,3
86,46,1,3
1,44,2,3
23,83,3,3
62,63,3,3
52,86,2,2
12,7,1,3
32,58,4,3
14,42,4,3
60,70,4,1
9,64,5,3
51,45,2,1
29,76,4,3
51,39,2,2
80,21,5,1
21,39,5,3
21,70,3,1
89,49,4,1
39,53,5,3
41,15,5,1
42,37,4,1
90,18,1,3
89,19,2,2
43,59,1,2
77,21,1,2
28,22,4,2
46,35,4,1
70,59,3,3
74,6,1,3
72,11,5,1
57,36,3,2
54,46,3,2
63,86,2,1
67,60,1,3
77,29,4,3
59,52,2,1
26,25,1,1
58,8,4,2
85,31,2,1
16,64,3,2
22,63,1,1
80,26,4,1
54,4,2,3
89,67,1,3
6,4,5,1
46,66,2,3
50,5,1,1
26,77,3,3
36,75,4,1
46,58,3,1
13,37,3,3
9,38,2,3
31,32,5,2
87,46,2,2
66,79,5,2
88,18,4,1
7,43,4,1
55,86,1,2
81,86,2,2
19,11,2,2
88,11,1,1
57,17,4,3
26,90,4,1
58,53,3,2
48,87,3,2
76,75,2,1
52,29,2,1
54,91,3,2
16,77,3,1
43,30,2,1
9,72,4,1
76,82,4,1
5,6,1,2
17,11,5,2
14,30,5,2
41,48,1,1
36,14,5,1
81,72,1,3
80,65,1,2
66,80,2,1
25,30,4,2
21,82,1,2
26,67,5,2
53,82,5,2
62,21,4,1
3,19,5,1
21,35,3,3
79,5,2,3
57,62,4,2
35,80,4,2
74,15,1,1
86,80,2,2
1,59,4,3
16,84,3,1
19,68,5,2
36,11,1,1
51,73,2,3
22,47,1,1
43,28,1,1
28,50,4,3
78,68,5,2
22,36,3,2
75,81,5,1
36,51,2,2
46,86,4,1
79,14,1,1
74,20,2,2
6,30,5,1
80,38,4,2
8,12,5,3
6,58,5,3
70,15,3,1
83,18,4,2
10,66,2,3
34,80,2,2
73,76,3,2
68,7,2,3
43,44,1,2
52,46,3,1
55,69,1,3
64,45,2,1
84,89,1,3
43,81,4,1
46,48,1,3
65,73,4,3
16,62,1,2
59,41,5,1
35,79,5,2
22,64,5,3
30,27,3,3
19,76,4,1
11,81,5,3
42,79,1,1
76,70,4,2
41,38,1,1
60,4,4,2
61,71,3,2
85,37,5,2
35,83,2,1
73,25,1,2
44,3,1,3
61,82,1,2
72,41,1,2
24,33,4,1
14,36,3,1
76,44,5,1
65,48,4,3
7,8,4,3
45,74,3,3
93,28,5,1
67,85,3,2
67,18,2,1
20,60,2,2
24,85,5,1
2,67,5,3
62,1,1,2
57,82,4,1
16,93,5,3
63,63,4,3
77,46,4,3
24,88,4,1
5,62,3,1
15,30,5,3
13,48,2,2
47,39,3,2
52,17,4,3
