"UserId","Review Text","Rating","Time","Reviews Count","Followers Count","Photos Count"
"33822369","Very excellent food and nice place to have dinner . Situ and Shantanu helped well to choose best dishes and attended very politely. Prawns is a must try.",5,"2019-05-18 23:21:20",1,24,0
"83042451","Bahaddur is very good in service... He awesome... And the taste is tooo good and i love abs gachibowli.................................................. Insha Allah soon visit. .i have to visit 10 times in a month inshaa Allah",5,"2019-05-18 20:44:59",1,1,0
"2255300","Excellent service. Staff is very attentive. Kitchen made us special dishes because we were only eating chicken.
Our waiter Krishna was very attentive and and gave excellent service.
Recommended for family and friends",5,"2019-05-18 20:00:36",3,7,0
"43946430","Good interaction with chefs directly suggesting a special items as per our taste, so over all good experience this time,Special thanks to chef Pankaj..👨🏻‍🍳",5,"2019-05-18 16:25:11",1,3,0
"35843350","""THE BEST"" Barbeque in the city or across many cities. The food quality, food taste, food variety everything is just awesome. And the best part is service. Waiters are very well trained and polite. You would simply love this restaurant. Has vallet parking too.",5,"2019-05-18 15:46:54",15,20,0
"34989498","The food was good. Lots of option in non veg ... highlight were the chaat items and pasta... service was good too...  though veg options can be more .. also due to the heat it gets a little suffocating bcos of the heat from the grill....",5,"2019-05-18 14:25:52",2,22,0
"61594509","Excellent service.. Maintain the same. caring the customers needs staff and maintains was good enjoyed lot food and ice cream and infrastructure ",5,"2019-05-18 14:04:33",1,1,0
"49673534","I had a very nice time and good in AB's in Gachibowli... Sheff Pankaj was very polite and friendly., he had specially made dishes on our request.. Overal 5 star experience... Too good",5,"2019-05-18 14:00:55",3,1,1
"44459809","Very delicious food with lot of varieties for non vegetarian. Quite delighted by their prompt service. Starters, Main course and dessert ... all were excellent .",5,"2019-05-18 13:57:58",5,3,0
"39212369","Excellent food and excellent service by bahadur rahamat and ripen we are fully happy to there service also excellent environment also again visit soon love abs ,,,,,,",5,"2019-05-18 13:44:30",1,4,0
"47578495","Excellent food and excellent service by Nandan and santun and C2 we are fully happy to there service also again visit soon and....also will try lots of verity... manager is very friendly",5,"2019-05-18 13:22:14",7,2,0
"40717458","Nandan and kohli ,yogesh and ijujaare once of there's is in service the dishes. The food was simply amazing and on point .will definitely visit again with a happy face",5,"2019-05-18 12:59:15",3,2,0
"54962025","Yesterday i went here with my teammates for dinner.they served delicious food and what the nature of serving boy. Excellent.must recommend everyone to visit here.thanks abs for making our day. 5 star for service and food. Thanks again. Hopefully i will be visit again.... ",5,"2019-05-18 10:14:16",1,2,0
"72098984","We were overwhelmed with the service and food. Would recommend others and get back soon. Rahamat was assigned for all the food orders and was amazing at service. Thanks to Rahamat.",5,"2019-05-17 21:06:39",1,1,0
"1473387","Excellent service by Bahamas and Reheat... Quality of service is also excellent... Hospitality is marvelous and also the ambience, deserts and choose your bird sections are great. ",5,"2019-05-17 16:01:08",1,8,0
"40832505","Had very good time, food is excellent and the ambience too.. Rehmat's service is excellent. Mexican fried ice cream is a must try.. Starters are good. ",5,"2019-05-17 15:36:54",2,2,0
"41983582","A fine dine place with variety of cuisine available to try on
Usually the starters are so delicious , we get tummyfull with that only , still we hop on to the meal :D 
Also good liquors available. With good crowd
The one thing to be work on is the heat. 
As there are grills on evry table and giant grill in the pantry, the temperature should be regulated or get little more cold to balance thr heat of grill.
I was having tissue papers and handkerchief in my second hand while enjoying the food. ",4,"2019-05-17 14:11:16",10,7,0
"52701167","Great ambience and the staff was very responsive and friendly (sittu , santunu and badal). A must visit place for food lovers. If u are looking for buffet, this is the best place to try it.",5,"2019-05-16 21:35:20",3,3,0
"58298228","Izazul bahadur and ripan were very good at service kebabs,sizzlers and live counter service was extraordinary ambience is nice and the desserts are mouth watering ",5,"2019-05-16 16:02:56",1,1,0
"80569662","Excellent food ,very good service value for money nice ambience I wish ever body once try this restaurant u will be satisfied thank you Nandan and varun",5,"2019-05-16 13:39:55",1,1,0
"47508385","Went to ab's yesterday for dinner. Excellent food and very attentive and helpful Steward overall a wonderful experience.....my advice keep some space for the desserts special mention for ali and monty who was extremely helpful",5,"2019-05-16 12:05:12",6,2,0
"47560979","Ali and Muntu did a fantastic service. The food and the service was excellent. The table service was good and hygenic, and the atmosphere was very welcoming and warm. The staff was very friendly and supportive, they took good care of us.",5,"2019-05-15 23:11:31",1,2,0
"31918959","They need an improvement in veg barbecues, many choices in non veg but very low choices in veg, today we visited the restaurant with our 60 team members, out of which 10 to 12 members were vegetarians",2,"2019-05-15 19:12:59",2,1,0
"51033671","I felt this is somewhat bigger compared to Jubliee Hills branch but here the passage is covered with main course dishes so complete restaurant will be looking like crowded. Coming to the taste, yes asusual ABs is always perfect in taste and varieties of items. This time also am satisfied and enjoyed the food to maximum. 😊",4,"2019-05-15 15:14:21",43,27,0
"29796153","This place is awesome. Great service.
C2 , shantanu and badal awesome service.
The food are also great . Great family place.Must visit.
Thanks for the awesome service",5,"2019-05-14 22:52:56",6,39,0
"36513963","Rahamath and Bhahadur are one of the best there is in serving the dishes. The food was simply amazing and on point. Will definitely visit again with a happy face.",5,"2019-05-14 20:58:10",1,5,0
"36674649","Good food and nice service. Friendly environment.. desert are really good and American cheesy potato must try ,if you will visit 4thbtime it's free for one person ,Rahamat have provided us excellent service we are really Happy",5,"2019-05-14 20:54:27",1,3,0
"51586519","Very nice restaurant. A must visit place. Food is damn good. Staters,main course etc everything here is just lit. And special thanks to Bahadur Rahamad & Surjet for making this day so special. Loved your service. Thanks alot",5,"2019-05-14 15:57:58",1,4,0
"57056520","Best place to celebrate your special occasions with loves ones. The staff is very courteous and will make you feel at home. They make sure you taste all their delicacies and that you are fully satisfied. Thanks to Mr. Bahadur and others for their excellent service.
As always will love to come back to this place every occasion we have. Thanks guys",5,"2019-05-14 14:54:58",2,3,0
"58745914","Excellent food and excellent service by bahadur rahamat and surjeet we are fully happy to there service also again visit soo n love abs 'xxxxx..........mmm....",5,"2019-05-14 13:37:46",1,2,0
"77997865","Excellent food and excellent service by bahadur rahamat and Surjeet we are fully happy to there service also again' visit soon love abs ,,,,,,,,,,",5,"2019-05-14 13:34:15",1,2,0
"50985881","We here to celebrate our 5th Anniversary. We had fun and tummy full of amazing food. The starter, main course, side dishes and dessert were just right...we end with the traditional celebration process of songs and cake to cut. Kind and helpful staff made the day...thank you.",5,"2019-05-14 00:12:24",5,23,6
"53578600","Very good experience..great dinner,,,,awesome experience....Shantanu and situ was great...come again...love abs...keep it up...great team....love you",5,"2019-05-13 23:38:23",1,38,0
"29204653","Visited this place with my friends strong recommendation and great reviews seen.
To be honest it didn't live up to the great reviews and great reputation it has.
Food spread is huge and too many varieties are there so a big thumsup for the same.
Quality of food is not wow but very average, prawn barbeque and chicken was very average.
Service is good and taken good care of.
Ambience was ok, it was feeling hot and we were sweating inside.
All in all a average ok experience.",3,"2019-05-13 22:53:36",4,41,1
"43938788","Excellent service by shantanu , situ . Excellent food its a great experience all together. Thank you AB’s
Looking forward to see visit again ",5,"2019-05-12 21:23:34",2,36,0
"59174838","Very nice food and excellent service and hospitality specially by Nandan and Varun. The grills and deserts were excellent specially pan ice cream.....",5,"2019-05-12 20:55:50",1,3,0
"56307603","Excellent food and ambiance one should definitely visit this place.especially services provided by Nandan and Varun them is awesome.even Nandan is cool guys.try egg pellets there.",5,"2019-05-12 20:47:48",1,4,0
"57875335","Excellent food, good service good value for money& nice ambience i wish everybody once try this restaurant u will be satisfied thank you
- MD Alam",5,"2019-05-12 15:46:24",1,3,0
"84745463","Very friendly and helpful customer service by Ijajul and good food..wide variety of starters. Been regular customer here.. Good ambience.continue the same.. Spicy fish was too good. Enjoyed finally. ",5,"2019-05-12 13:53:26",4,12,0
"57765156","Food was very tasty and very good service would love to appreciate the service by nandan and Varu..well done guys... keep it up again visit soon",5,"2019-05-12 13:29:00",1,3,0
"34593843","Excellent food and excellent service providing by nandan and Varun  we are fully happy there service also again visit soon love and ......thank to abs guys ",5,"2019-05-12 13:23:42",1,12,0
"44832421","It's an absolute awesome experience.....gone with mom and she loved it.....Alam and around are a very good help vgood v go vgood vvvvvvvvvvvvv",5,"2019-05-12 13:20:47",1,3,0
"69338186","Nandan and varun did excellent and awesome service please vosit and request this service keep up the very good and treat everyone as good as possiible like this",5,"2019-05-12 13:17:52",1,3,0
"35789970","Very good experience today...we were very satisfied with the service and food..Ali and Shantanu were very good.. will visit again..keep it up ...love ABs...thanx
........",5,"2019-05-11 23:51:47",4,6,0
"59039545","Best service and especially by Mr. Bahadur who is a very pleasant gentleman helping us out. Overall was a very good experience with the food and the service. ",5,"2019-05-11 23:36:30",1,2,0
"36672995","Been here after seeing the rating but somehow disappointed. Starters was okay. Main coourse was very limited, i mean like common fr 700+ bucks dey provide less items. Dessert was good. Mexican fried icecrm was smething i tried fr d first tym but again the menu was limited and the quality of the cakes and pastries was very bad. My frnds nd me too could sense a foul smell as if it was nt fresh. Coming to the special items duck, rabbit squid, quail was on live and the chef cooked all the items in same way in same sauce. So i couldn't just feel the difference between all those special to be dishes. The place is nt properly built as i could smell the smoke of cooking and burning as well. Staff were very courteous and polite. Special mention to lassi and my favrte aam Panna was lit. ",2,"2019-05-11 22:39:15",9,6,0
"32818203","It was my new job party and had a lot of fun. The food was absolutely stupendous and staff was very welcoming. Kudos to my table coordinator Mr. Shekhar who took care of our every requests. Keep up the good work. ",5,"2019-05-11 22:16:30",3,2,0
"54451353","Fabulous food, fantastic service by Bahadur.We are very happy to there service also again visit soon love abs 🙄🙄🙄🙄😳🙄😳😳😳🙄🙄😳😳👌🏻🙆‍♀️🙆‍♀️🙆‍♀️🙆‍♀️🙆‍♀️🙆‍♀️🙆‍♀️🙆‍♀️🙆‍♀️🙆‍♀️🙆‍♀️",5,"2019-05-11 21:27:15",1,3,0
"49422318","Hey! It was my birthday today.. and Ali and Shantanu just made it amazing. The food was good.. and the hospitality was of top notch. The dahi kababs were something that I tried for the first time. Cheers to your restaurant and services. Thank You for a good time.",5,"2019-05-11 21:11:55",2,27,0
"238557","The food was amazing..the service given by Ali and Shantanu was a delight..we would love to come back soon!! the ambience was at par with the food and we came for a birthday didn't expect people singing but it was a pleasant surprise.",5,"2019-05-11 21:05:35",1,3,0
"76901283","Very nice food and very good sarvice very nice sarvice and very good food and very nice please and very nice desrets and staff name shekhar and mantu sarvice is nice sarvice",5,"2019-05-11 20:59:22",1,3,0
"40783767","It is amazing place to hangout with your frendz. Even they will provide cake for different occasion such as birthdays,anniversary etc and plays music as a background .... amazing concept. Starter were amazing but veg starters were less in compare to non veg but everything was yummy. Main course was good so as desserts. Staff were concerned and coming to your table at regular internal 
Staff 5/5
Food 5/5
Ambience 4/5",5,"2019-05-11 20:55:43",7,12,2
"29292922","Nice food options in starters, main course and sweet dishes. Our host Ali made sure that we were treated really well. Any changes required were immediately accommodated.",5,"2019-05-11 16:20:10",2,40,0
"52578287","Thank you Bahadur for nice gesture of welcoming , we love the way have taken care of our order..wish to receive this gesture again....
Once again Thanks",5,"2019-05-11 15:53:52",2,4,0
"42749262","Shantanu Ali and team given me a great experience for my 1st time experience in AB's. I suggest my friends to visit and I refer you all who read this approach them for your great experience. ",5,"2019-05-10 23:30:59",3,5,0
"97868402","Shantanu Ali did excellent and awesome service please visit and request his service keep up the good service and treat everyone as good as possible like this",5,"2019-05-10 23:28:43",1,4,0
"101667524","Best Place to Hangout...Rahamat and Bahadur has served is with very good we are very happy to there service also again visiting soon love abs ..........................",5,"2019-05-10 22:55:10",1,3,0
"36819685","I was here for my B-Day occasion.. It was good good and the waiters was so friendly..
I loved it, last time in anniversary I was here. It was such lovely hence revisited 😍
Do visit here for sure... Very tasty food, deserts was tasty.
Excellent food amazing ambience and most importantly fantastic service by all the people",5,"2019-05-09 23:15:52",2,44,3
"1046871","foood was very tasty and very goos service.would love to appreciate the service by Surajit ,IIjual and mahali...well done guys...Keep it up...",5,"2019-05-09 23:11:39",1,29,0
"39206774","Very nice food and excellent service and hospitality specially by Rehmat. The grills and deserts were excellent specially pan ice cream.....",5,"2019-05-09 20:28:45",1,3,0
"37782269","Excellent food and excellent service providing by Mr bahadur vrahamat and ripen we are fully happy there service also again visit soon love and ,,,,,,,,,,,",5,"2019-05-09 15:59:38",1,2,0
"43386810","Been to this place for the first time.
Absolutely loved the experience and service.
Would come back here again everytime I visit Hyderabad. A must try!",5,"2019-05-09 14:11:58",1,3,0
"101956502","I love the food and service mr chef Pankaj and  bhadur give excellent excprince today I like the most crispy corn and chef special mutone and paan shot ice cream 👌👍👌👌👌",5,"2019-05-09 14:01:20",1,2,0
"55134956","Waiter: Bahadur, very well spoken and serves fast.
Rahmath, Ripun - good job 👍🏻we are very happy there's service also lovely pic again visit soon love abs ,,,,,,,,,,,",5,"2019-05-09 13:37:17",2,2,0
"32822711","Good food and ambiance one should definitely visit this place.especially service provided by them is awesome. Even nandan is cool guys.try egg pellets therw",5,"2019-05-09 13:32:36",1,40,0
"72397725","Food is pretty good here and the service is just awesome... You cannot
experience this kind of service anywhere.. It is that good. Food made by Chef pankaj is excellent. ",5,"2019-05-09 13:29:20",1,1,0
"33297201","Very nice food very service very good staff and very good staters and deserts and staff is politely and very nice place and good staff name shekhar and mantu sarvice is nice",5,"2019-05-08 16:10:36",1,26,0
"87681962","V good service And food is nice and very great service and and staff is good and very nice and polityly and very good food and staff is good staff name shekhar and mount very good ",5,"2019-05-07 22:44:43",1,2,0
"45223232","Very nice food and good staters very nice staff good service and so many types of staters and bufect and daserts very nice and staff name shekhar and mount sarvice nice",5,"2019-05-07 22:40:48",1,3,0
"43125792","Extremely nice environment with awesome service and tasty food. Will definitely refer if you are interested in celebrating birthday and anniversary. Situ, partho and mahali provided an awesome service!! Thanks a lot!! ",5,"2019-05-07 14:07:47",4,2,0
"47069000","Very nice food and very nice sarvice and verypolitely staff and very nice staters and mean corse and desartes and staff is good and staff name is shekhar sarvice is nice ",5,"2019-05-06 15:32:06",1,4,0
"35752050","Very nice food very nice place very kindly staff very testy food and sisters be very nice and service racket and staff name shekhar service is nice",5,"2019-05-06 14:24:25",2,20,0
"51875602","Had a fantastic time at AB’s today...Situ and Shantanu played terrific hosts. Kebabs on grill and water melon was Tasty. Great ambience, goo d food, and fantastic deserts!",5,"2019-05-05 23:07:11",1,2,0
"51745609","Great food and ambience. Great service. Situ and Santanu and Badal provided great service. Thanks guys! Looking forward to our next visit. The barbeque was great. Desert selection is good. Worth the visit. ",5,"2019-05-05 21:25:59",1,2,0
"36105631","Very polite staff and excellent food. Situ, Santanu and Badal are awesome. Must try place for foodies. Good ambience, good no words to say. Thanks...",5,"2019-05-05 21:14:14",1,27,0
"57356305","The best place i ever visited for a family!!❤️❤️❤️❤️loved it
Will visit again 
Even celebrated my son’s birthday 
Me along with my family always visit this resto for all the occasions ",5,"2019-05-05 19:32:57",1,4,0
"34243275","I really had a terrible experience. I waited and waited for the tables to be served; but the dishes were being just repeated and we weren't getting what we were asking for.
We ordered a drink and it never came but it was in the bill. We had to deal with that too. 🤨",1,"2019-05-05 15:56:00",9,8,0
"51629394","Excellent very good response nd food is ttly excellent citu santhunu bhadal desserts are good nd the service also very good the service was excellent",5,"2019-05-05 15:44:29",1,3,0
"53053423","Food and Service are very good. Ambience is nice. Ijajul and Parthav done the best service and made us to try all good varieties. Starters and Deserts are best part.",5,"2019-05-05 14:31:35",3,8,0
"53044642","Excellent food and excellent service. Ambiance is very nice. Must try items honey pineapple,fish and prawns . Main course is ok ok. Service provided by ijajul and pardhav is very nice",5,"2019-05-05 14:31:31",2,4,0
"59164096","Food is very good and behavior of staff is appreciable specially Rahmat main course and desert is very good. I will prefer for family also. .",5,"2019-05-05 00:10:14",1,3,0
"36072455","Rahamat provide good service..food is good along with service..
Grill was good and also drinks .
Biriyani was also perfect .. overall is good.",5,"2019-05-05 00:08:31",1,2,0
"105808554","Good service and good food. Mainly the service men are good. Rahmath, you were awesome ☺️ starters are tasty.i liked fish items mainly. Sugar candy was awesome today. But i felt the buffet little costly. ",5,"2019-05-04 23:54:48",1,1,0
"35054552","Very good service
Awesome staff good food
Love the potatoes and chicken
The pineapple with the cinnamon and the love counter are awesome
Ijajul and kisna",5,"2019-05-04 20:59:28",1,14,0
"46614388","Excellent place to chill with your friends. One should definitely visit this place. Especially service provided by them is awesome. Even rahmad is cool guy. Try egg pellets therw.
......,
......
.......
......
.....
........
........
.......
......",5,"2019-05-04 20:28:52",2,4,0
"46621038","Good service by rahamat and excellent food by restraurant.Excellent desert and great taken care by the restaurant staff.delecious starters with great live counters.",5,"2019-05-04 20:27:59",1,2,0
"51367760","The food was asusual so tasty and really worth a visit!!
Ali and santhnu...these really did do their job well in taking care of us....hope to meet these guys again !!!! I really loved the cheese potatoe and crispy corn....they soon became my favorite here and mutton seek kebab were really really good!!! Hope to come visit this place again soon!",5,"2019-05-04 16:37:04",2,7,1
"3169557","We visited ABs Gachibowli today. They have huge spread of starters and main course. We were attended by Ali and Shantanu. Very friendly staff. Awesome ambiance and food.",5,"2019-05-04 16:25:42",1,2,0
"3184179","I have been to ABs in Bengaluru (BTM) and Hyderabad (Jubiliee Hills & Gachibowli), The food tastes exactly the same throughout. The taste is generic across the franchisee unless you ask them to change the taste which they are very happy to do. Staff is very hospitable and obliging. Food taste is amazing. Main course is good too. I usually fill up myself with starters and move directly to deserts (most of the times). Suggestion :Fish and mutton barbecue varieties can be more.",5,"2019-05-04 15:30:13",4,5,0
"33249977","Food is very tasty and service is awesome ijajul and Krishna best service gives thanks you guys I am full Happy and I love abs apical thanks to my anniversary ",5,"2019-05-04 14:13:29",1,4,0
"39338362","Excellent food and excellent service by bahadur rahamat and ripen ,,we are very happy there service also we are fully enjoyed again visit soon love abs ,,,,,,,,,,,,,,,",5,"2019-05-04 13:43:08",1,10,0
"110443032","Very nice food and very nice mean course and very good service and very nice please and very politely and very good staters and very good service staff is good staff name shekhar and mount service nice",5,"2019-05-03 22:54:22",1,3,0
"110442689","Very nice food and very nice place and very politely Sarvice and so menu types of foods and very nice staters and staff is good and staff name Shekhar and mount sarvice nice",5,"2019-05-03 22:52:21",1,2,0
"36545991","People here were professional and very friendly. Especially Sakith who was not only professional but also very polite. Overall was very satisfied by the service",5,"2019-05-03 22:51:50",1,5,0
"32993280","Very nice place and very nice staff very nice food and very politely and very nice bufect and very nice sarvice and staff name is Shekhar and mount service nice",5,"2019-05-03 22:50:24",2,2,0
"51315900","Ijajul
Food and employee Serving is very good.. I like the wish grill.. I love the abs I am rugalar castamb to gachibali abs thank you guys",5,"2019-05-03 22:30:52",3,2,0
"83247312","Excellence good and excellent services by bahadur rahanat and raoen wecare fullyvhapoy there service also again visited soon love and ☺☺☺☺☺☺☺☺☺☺☺😅😅☺😅☺😅☺☺😅",5,"2019-05-03 19:22:37",1,1,0
"60837676","Excellent food and excellent service by Natalie Ragnar and ripen we are very happy there service also again visiting soon love and,,,,,,,,,,,,, ",5,"2019-05-03 19:17:45",1,1,0
"47776538","Great service, Amazing Food.. Must visit!
Thank you Rahmat for the service!🙂
Nice live counters, ice cream and desert counters for the one’s who crave for deserts..!",5,"2019-05-03 16:23:11",1,2,0
"5552271","Excellent food and excellent service by bahadur rahamat andvripen we are very happy there service also again visit soon love abs ,,,,,,,,😊😊🎂❤️❤️❤️🎂🎂😊😊😊😊😊😊🎂",5,"2019-05-03 15:49:31",1,1,0
