"UserId","Review Text","Rating","Time","Reviews Count","Followers Count","Photos Count"
"65078105","Curries and dal are not tasty, no spice no salt, onions half cooked.not worthy .not recommended. Food is not hot.only plus point timely deli",2,"2018-11-17 14:26:27",1,0,0
"54085374","worst bread quality",2,"2018-11-02 22:12:00",2,1,0
"54305133","Very very disappointed. I ordered one full meal in which Rajma, Paneer curry, Phulka, even the simplest Aloo curry was half cooked. Daal was watery as it could ever be. It was very easy to make out that Papad was cooked in a bad quality oil. Only edible properly cooked things in the whole meal were plain rice and raita 🙁
Not worth having at all.",1,"2018-10-10 15:31:22",4,4,0
"43902984","Yesterday, I ordered aloo masala and plain khicdi as I was missing my home food and guess what I got, A COCKROACH in my food. We called them and complained about the issue but they were like it might be some fried onion.Seriously, a fried onion dont have legs and wings. They didn't even care.
Really not a good place. These people are playing with our health. ",1,"2018-09-22 12:29:02",4,4,0
"43864056","curry has very less salt. tasteless",3,"2018-09-21 21:17:50",8,8,0
"54181651","We order malai kofta but we got veg kofta. In which kofta is not dere",3,"2018-09-02 22:44:52",1,5,0
"33276781","good",5,"2018-08-13 08:52:37",4,9,0
"55938788","I visited this restaurant many times. Its good place to have home like food in affordable price. You can have hot and fresh roti which were cooked in front of you only. They generally have 3 types of veggies  along with butter milk and bati churma. You can opt for ghee roti as well based on your need. ",4,"2018-08-13 00:57:17",21,52,0
"48209484","Worse taste and the food which is mentioned in the menu was different from delivered food.... I never recommend this restaurant... ",1,"2018-07-27 18:32:10",6,1,0
"42373339","The worst khichdi I have tasted now. Please improve the taste guys",1,"2018-07-18 22:26:11",1,24,0
"36572737","due to mistake the delivery boy, deliver me wrong food packet which I didn't order . but any way the rec'd food quality not so good to repeat the order again. ",1,"2018-07-18 21:24:09",3,4,0
"58601053","thierd class , they provide foods in polybag , tatse is also worst . I will never order again from zomato and this restaurant .",1,"2018-07-14 15:36:10",1,0,0
"40408387","Panneer do pyaza was tasteless. Panneer quality was also very bad",1,"2018-07-03 23:18:47",6,1,0
"53091106","Daal bhaati choorma is wonderful man😙😙😙",5,"2018-07-03 22:27:05",19,1,0
"33711470","good food in reasonable price",4,"2018-07-01 09:20:49",1,1,0
"52531613","gud food",5,"2018-06-25 20:12:30",2,1,0
"41233243","got different items.",1,"2018-06-24 14:42:23",6,6,0
"55756293","Very nice place and  fast service you will enjoy eating in this place and you can order online also from Zomato it os very good very nice and tasty ",5,"2018-06-20 11:59:41",1,1,0
"1541101","there is water inside my food.. even after waiting i cant eat now",2,"2018-06-11 22:27:07",1,134,0
"31246370","good",4,"2018-06-10 21:02:19",1,0,0
"52426675","quantity was very less for full items",3,"2018-06-07 22:37:05",1,1,0
"56641554","subzi is so much",2,"2018-06-05 22:10:24",2,1,0
"32054624","Ordered food for home delivery! The food was not good. Dal Fry was spoiled and was smelling! Had to throw entire thing away! Also salt in Paneer Do pyaza was more...",1,"2018-06-01 14:24:07",2,0,0
"55237339","food was very spicy and oily, dessert tasteless",2,"2018-05-29 21:01:17",1,1,0
"35550620","missing items",1,"2018-05-29 20:30:05",1,2,0
"41993095","best food in gachibowli",5,"2018-05-27 22:48:33",5,3,0
"52288964","Superb food. ",5,"2018-05-27 21:48:26",1,11,0
"34371711","loved it",4,"2018-05-26 22:03:07",2,4,0
"36891412","aaa",5,"2018-05-24 21:36:57",1,11,0
"35957440","bhindi masala was good",5,"2018-05-23 22:28:14",4,1,0
"16161871","It’s tiny place in a bylane,  but if u miss ghar ka khaana u should have their thali and daal baati 
In thali they’ve bajra, jowar , gehu ki roti  , 2 curries one dal , boondi raita ",4,"2018-05-20 19:15:55",144,1027,1
"43518980","roti was not cooked properly and curry also no masala",1,"2018-05-17 22:30:14",4,1,0
"38346574","food was good but rice was not cooked properly and in dal salt was too less .",3,"2018-05-17 20:58:10",1,5,0
"1491249","Ordered full rice they sent half",1,"2018-05-17 13:48:04",6,4,0
"31161404","wrong order",1,"2018-05-13 13:57:22",1,32,0
"54881889","They did not send the ordered rotis. Instead of jowar and besan rotis, they sent normal phulka. ",3,"2018-05-12 15:30:40",6,6,0
"52649183","good",4,"2018-05-11 12:17:02",2,0,0
"52554427","food was okay. delivery was good",4,"2018-05-09 22:05:22",6,1,0
"53387126","Food is worst in taste didnt xpected this quality rice quality is not at all gud",1,"2018-05-09 14:43:25",1,1,0
"51742899","delivery boy talking very bad with us and behaviour is very worst...
he is not suitable for this job....",1,"2018-05-09 13:14:10",2,1,0
"54181397","Not good",1,"2018-05-06 19:47:49",1,2,0
"2009668","the food was full of oil, the aloo curry was stale , the paneer curry had no taste in it, the dal was bland,the chapati was undercooked.Overall the whole thali was really bad.Complete waste of money.",1,"2018-05-05 22:37:45",20,69,0
"34801827","it has excessive oil.",3,"2018-05-05 17:45:21",8,3,0
"43499533","Beign your regular customer I m really upset with the experience with this restaurant, i havent received correct order. I ordered Dal Makhani for my lunch but i got some onion curry, that was taste less, no salt, no dal, just diluted curry..  It is really disappointing that zomato which known for its best service, hasnt provided me right food. I would request you to refund me the amount of my meal. ",1,"2018-05-05 15:37:28",1,1,0
"53948444","fine service...",4,"2018-04-30 22:27:18",1,1,0
"52696728","dal fry very bad taste, adultery product",1,"2018-04-30 14:45:16",1,1,0
"38869531","I had not received my order. Forget about delivery on time. The delivery boy is not lifting the call. no customer support is there to help in a satisfactory way. Totally waste. Cancel the order and refund the amount of the order I placed.",1,"2018-04-26 22:01:28",1,1,0
"43315515","Didn't delivered the whole order",1,"2018-04-25 22:16:37",4,31,0
"52102029","didn't received order",1,"2018-04-25 21:51:34",1,2,0
"35506337","Food is not delivered to me but it is showing delivered. What a pathetic service is this. I have waited for so long and now it is showing the food is delivered without even delivering. I want my refund. This is worst service and not expected from your side.",1,"2018-04-22 22:08:36",1,0,0
"53549016","good quantity food , delivered hot",5,"2018-04-17 20:53:03",1,1,0
"53045282","i didnt like food",2,"2018-04-15 22:37:28",2,1,0
"51980280","food is tasty. but the quality of oil used in aloo pyaz is bad",3,"2018-04-15 16:49:38",3,1,0
"52151088","nice",5,"2018-04-15 11:41:48",3,17,0
"52306135","food quality is not good",1,"2018-04-14 23:06:49",1,1,0
"35170977","bit oily but good tast",4,"2018-04-14 21:09:28",2,1,0
"47586124","worst order ",1,"2018-04-14 15:32:18",1,7,0
"53310742","This is a horrible place. There is more oil than curry & the place is stinking. The owner is concerned only about filling his pockets but pay a deaf ear to customer feedback & complaints. Please do not forget to check your bill, which is in cryptic language. You may be cheated if overlooked... Better to avoid the place.",1,"2018-04-13 19:38:47",1,2,0
"27880197","Food was pathetic never order from here ",1,"2018-04-12 17:32:57",1,30,0
"41490017","taste of food was not good",1,"2018-04-10 22:16:28",1,1,0
"52846792","Roti is not good",3,"2018-04-05 20:45:56",4,6,0
"37435358","kadhai paneer was very bad at taste",1,"2018-04-05 16:59:05",2,1,0
"1231476","Ordered food from here, so my review will be totally based on food and not ambiance and service...Firstly the prices were low and totally justified for the quantity provided.. Orders veg meal and panner zafrani..
The veg meal was totally delicious and had 2 curries that were yummy.. One mutter panner and gatte ki sabji... Had rice and aloo curry with dal.. It also had 2 rotis.. With raita.. Yeah all these were there.. Everything was just yummy and delicious.. Panner zafrani was the best of the lot.. Fresh panner and spicy curry just made my day.. I would love to order again from here.. ",4,"2018-04-05 01:09:56",136,1601,2
"312877","Decent",3,"2018-04-04 18:17:11",18,115,0
"40747728","many items were missing ",1,"2018-04-03 22:25:15",1,6,0
"37631515","Not delivered on time",1,"2018-04-03 22:01:46",2,0,0
"3511491","what is written was not delivered",1,"2018-04-03 21:16:18",3,92,0
"52763070","not good",2,"2018-04-03 18:56:03",1,29,0
"29124009","ordered Rajasthani favorites dal bati churma. everything was as expected except churma. it's not the mixer grinder one. it's d one made from hands..a bit disappointed with that. else everything is good",4,"2018-04-01 19:32:30",31,70,0
"52642387","Burnt roti. Tasteless food. Packaging could have been better.",3,"2018-04-01 15:20:20",12,6,0
"34402271","Packaging isn't good. ",4,"2018-04-01 15:07:03",5,0,0
"52608070","late deliver....",1,"2018-03-30 22:57:30",1,6,0
"50170912","good",5,"2018-03-29 20:24:02",2,1,0
"2537878","Delivery Review:
Ordered regular thali/meals and plain milk.
Food Quality : 2.5/5
The gravy/sabji were doused in a lot of oil. You could see a thick layer of red coloured oil over all of them. The vegetables were small in quantity compared to the wet gravy.
The plain milk was hot but had some kind of brown dust (or) substance floating in it (not talking about the cream/malai). It seemed they had used a dirty pan for heating the milk.
The rotis were usual sized phulka and regular white rice; no complaint there.
Food Quantity: 4/5
The meal included around 6 rotis (phulka), bowl of rice, buttermilk, 5 gravy/sabji (mostly wet), sides.
Food Packaging: 3/5
All gravies were packed in thin plastic covers and had oil dripping all over them. Use of aluminium foil covers for rotis and plain milk.",3,"2018-03-29 15:48:09",26,597,0
"40031743","good",5,"2018-03-28 13:43:11",6,1,0
"44127067",".",3,"2018-03-27 15:46:45",6,1,0
"52408742","package should be improved",4,"2018-03-27 13:17:28",7,2,0
"35365518","Quality of food at affordable price. The Food was tasty and Worth for money. However, they should focus more on the quantity of Rice served. Zomato should work on timely delivery.",3,"2018-03-26 13:30:48",2,11,0
"34772476","Roti can be better ",4,"2018-03-24 23:28:43",3,0,0
"29890699","wrong place to have food and owner is arrogant and doesn't provide bill and when we ask for paytm they say they will charge extra. quality of food is pathetic. will never visit again.",1,"2018-03-23 22:24:14",2,48,0
"51339577","worse packing and quality is horrible, Kondapur branch provide better food",1,"2018-03-22 20:37:06",2,1,0
"42629449","I ordered a regular thali and was disappointed by the curry offered, they didn't put salt in any of them also the taste was pretty ordinary, the only plus point was the quantity it's sufficient for two people.",2,"2018-03-21 20:40:26",4,0,0
"51772286","aloo parotha sucks here. it is all made of allspice and black pepper with every bite.ordered three but not even able to eat one",1,"2018-03-21 15:19:55",3,2,0
"35600169","paneer butter masala was not good",3,"2018-03-21 13:25:13",3,5,0
"34555589","The food quantity is a lot. 2 people can easily share it. There were 3 sabzi, 1 daal, 1 dahi, 6 rotis, rice, pickle, and papad. The food was good. This is perfect combo for 2 people who are not looking to spend much and yet hoping good food.",5,"2018-03-19 21:30:25",5,9,0
"14404121","It was too salty!",2,"2018-03-19 00:10:09",6,7,0
"33078758","late delivery",2,"2018-03-18 23:09:41",4,2,0
"42328930","Worst",1,"2018-03-18 21:07:29",5,12,0
"16198749","peas/ mutter raw, roti was worst i ever had, gatte ki sabji horrible. quantity was good",1,"2018-03-18 14:40:15",26,19,0
"37760344","delivered before delivery time",5,"2018-03-17 21:05:36",8,6,0
"51754836","good food..",5,"2018-03-15 13:35:45",6,0,0
"50481925","Good",3,"2018-03-13 21:20:41",10,6,0
"51754836","good ",5,"2018-03-12 13:43:16",6,0,0
"47828798","Chapati was not properly cooked , dal fry was also not gud . ",1,"2018-03-12 00:30:00",1,1,0
"32847023","incomplete order",1,"2018-03-11 21:27:50",2,30,0
"51756067","NA",2,"2018-03-10 20:43:04",1,1,0
"32916661","I ordered the special thali and it was great. They gave real Jowar roti which I liked a lot. The curries were also well-prepared and good quantity-wise. The rice was a little less but still alright. Next time I'm thinking of ordering the regular thali and noting what is different about it. ",5,"2018-03-07 21:40:33",14,7,0
"38310618","Not at all tasty ☹️",1,"2018-03-03 13:17:44",1,24,0
"50097753","lassi was not as per expectation.",4,"2018-02-25 20:13:58",2,0,0
"63735","bad food tastes bland and the curd served was buttermilk. But delivery was on time.",2,"2018-01-28 14:40:31",6,59,0
"50221664","very bad ...",1,"2018-01-28 13:11:44",5,2,0
"38967053","i actually ordered combo in which gatte ki sabzee was thre.but it was not thre ...well for money n.portion pov this food is decent.cud be good option fr students more.actualy ",2,"2018-01-26 18:59:18",40,18,0
"38143950","average",3,"2018-01-15 19:10:46",19,7,0
"36749263","Been here many times becoz of Rajasthani food. Love gattay ki sabji, dal, churma. They serve ghee separately very generously. I find it yummy plus a total value for money.",4.5,"2018-01-11 18:36:29",13,12,0
"45702493","This place is pocket friendly although the food is too spicy. The owner looks at you as if you did any crime but the working staff is good. Food quality doesn't meet the standard and sometimes you might even get upset stomach or a heartburn after consuming their extra spicy food. Rice seems to be of cheap quality, may be they add some soda in it.
If you are ordering any customized dish like Aloo Paratha then make sure to inform them about your spice meter.
Also FYI..... For 100 bucks, you will get unlimited food but eat at your own risk :P",2.5,"2017-12-25 00:15:48",9,65,0
