"UserId","Review Text","Rating","Time","Reviews Count","Followers Count","Photos Count"
"45706508","Kaju Biriyani is AWESOME one must try this for sure. I love this most in this restaurant.Apart from this other items are also good. I strongly recommend this restaurant near Gachibowli ",5,"2019-04-24 19:23:30",1,27,0
"40223276","This place is good for any food though the main highlight is the special biryani. Biryani lovers will happily go home tummy full. Also the chicken fried rice is a must try here.",4,"2019-04-23 22:48:04",6,1,0
"38021566","Pocket friendly place which delivers food. Quick service. Ordered the biryani from this place. Loved it. Served with raita. They have a variety of options to choose from.",4,"2019-04-21 17:22:10",77,305,0
"51695641","good job",5,"2019-03-27 22:58:45",8,1,0
"53766349","Food is too spicy Schezwan chicken fried rice that we cannot keep it in mouth. Had to throw all the food. Waste of money. I think they kept chilli powder on top",1,"2019-03-24 16:43:26",1,1,0
"67674076","I ordered a veg panner Biryani the taste was not satisfied and it was not good taste and the quality also low I am not satisfied with this quantity ",1,"2019-03-17 16:13:21",1,0,0
"50931643","Ordered Paneer Masala Curry and Butter Naan through Zomato. Delivery was quick and packaging was perfect.
Paneer masala was little bit spicy and tasted ok, paneer pieces in curry were less though. Butter Naan was soft, liked it.
Had also tried Chicken Biryani from this place, taste was ok. Biryani rice was flavourful but the rice was little undercooked. ",3,"2019-03-05 07:54:56",74,64,0
"213321","Pocket friendly, sumptuous and decent quality. 
This place is my goto for late night deliveries. Their Kaju Biryani is a personal favorite. 
Well flavoured rice with a generous helping of cashews fried in butter, this one is comfort at its best. 
Their other options are good too and the helping is perfect for two. ",3,"2019-02-11 16:02:00",96,1068,0
"55715758","got delivery in time ",5,"2019-02-02 00:12:23",1,1,0
"72946346","Daal & chapati was good. I have ordered Mix veg but it is like okay okay.. please try to make more tasty. Order received on time. Packing was good.",4,"2018-11-20 23:03:50",1,0,0
"51716937","Odred and got biryani,,, this guys don't know different between biryani and fried rice,,, named as biryani food is almost fried rice except chicken peace,,, ",1,"2018-11-19 00:23:28",1,1,0
"47377852","We went many times along with my office colligues to being hungry. The place was very small and congested. We have ordered chicken lollipop, dry veg munchurian , kaju pulao,egg biryani,chicken biryani, panner biryani, chicken drumsticks,chicken 65. All starters are simply superb.I liked veg munchurian very much.coming to pulao and Biryanies, chicken items are simply superb. But in panner and kaju pulao the masala is very less. I felt like I am eating plain rice. If they would have been added little bit spices it would be great. But after that I have ordered veg munchurian dry many times.",4,"2018-11-18 16:38:16",48,15,0
"51357448","the taste is absolutely very bad",1,"2018-11-16 11:16:32",4,1,0
"34510152","I was in Hyderabad for around 3 years... During that time I have visited this restaurant more than 50 times... Most of the time have ordered biryani and egg chilly... Dum biryani has been always my favorite here... Never disappointed.... ",5,"2018-10-31 23:12:38",35,1216,0
"42555137","The food was absolutely wonderful, from preparation to presentation, very pleasing. especially the special biryani was awesome. Very friendly staff and owner too...",5,"2018-10-30 13:49:12",1,1,0
"56597275","Food color is more. Worst food which I ate in Hyderabad. Unable to eat.Paneer biriyani is full of food color. Mushroom 65 is also full of food color.",1,"2018-10-27 16:00:27",1,1,0
"32432115","Small outlet with amazing and tasty food. Every dish here has always been great. My personal recommendation is being hungry special biryani, lemon chicken, chicken tikka ,chicken lollipop. Pocket friendly. ",4,"2018-10-19 17:30:59",6,72,1
"42012702","nice food value for money... with spoons designed to eat perfectly. grave and curd with Onion's are well added.  simply super...",4,"2018-10-19 15:38:02",3,2,0
"54243931","on time delivery ",5,"2018-10-06 20:18:37",2,1,0
"35539463","Chilli potato and Dal tadka is best at this place... Food is very spicy and tasty. We regularly order food from this place. Good food at reasonable price.",5,"2018-10-05 20:51:11",3,1,0
"30171042","We ordered alu parathas from here which turned out to be a mass of poorly cooked dry mass of wheat. Do not know about the rest of the things they serve but not ordering again for sure. ",2,"2018-10-05 09:28:39",96,350,1
"58234407","ordered special chicken biryani and hallelujah, i can feel i'm blessed with one good meal. Thank you so much for this amazing meal and i definitely am ordering from you guys",5,"2018-09-26 16:33:04",1,0,0
"1097493","This place serves delicious food with proper blend of spices . I prefer non veg food and the taste is truly amazing . Pocket friendly , good food quantity and appreciable staff service .",5,"2018-09-25 21:47:09",2,1,0
"16226398","Go for chicken rara.. specially if u like quantity with quality ! A pocket friendly place with decent menu!! Smart and co-operative staff ! Definitely try this place if u haven't !",5,"2018-09-25 21:15:57",2,0,0
"842741","Good food at a cheaper price. You can get very good north Indian food at this place.
Highly recommended for non vegetarians.
I am in love with this place.",5,"2018-09-24 23:22:40",2,37,0
"70867320","less quantity",1,"2018-09-24 13:11:06",2,0,0
"71400205","good ",5,"2018-09-21 15:19:52",1,0,0
"68683082","Rice is test and no chilly on chicken pieces,
Do well next time..properly
I eanjoy this food.
Overall test is good.
And correct time delivered.",5,"2018-09-15 20:30:39",2,0,0
"59619268","too much spicy...tastes like Manchurian....not good",1,"2018-09-15 17:37:48",4,2,0
"52032049","fast delivery",5,"2018-09-15 15:12:09",1,2,0
"70026956","I Had order Special Non Veg Biryani and Chicken Lollypop, the taste was superb. They given more chicken boneless pieces in Special Non veg Biryani.",4,"2018-09-12 11:37:27",1,0,0
"29239005","Worst chicken tengri kabab I ever had. It wasn't cooked well at all. I hope BeingHungry Kondapur you guys are aware of the fact that customer is everything for you . Serve quality food man.",1,"2018-09-09 12:23:45",1,0,0
"53425713","Good Taste",4,"2018-09-08 01:59:59",3,1,0
"64324878","very less quantity.",2,"2018-09-07 22:18:20",1,0,0
"58038446","boneless chicken looked like chicken manchuria not exactly boneless",3,"2018-09-07 15:03:16",1,0,0
"9200251","If you can’t get a simple dish like chicken drumsticks right then I don’t know what you can make right",1,"2018-08-31 13:02:22",4,124,0
"67607977","good response from him delivered before the time",5,"2018-08-27 12:28:37",1,0,0
"57713673","Very nice & well mannered",5,"2018-08-25 21:40:35",1,0,0
"33134825","I had ordered thrice from here and each time the Chicken Dum Biryani was mind-blowing! Superb taste and with two pieces of leg pieces most of the times, it's total value for money!! But unfortunately I was going to order it again and see that they have removed that Chicken Dum Biryani from the menu..😒 That's bad! I really wish they put it again so that I can order it again...",3,"2018-08-23 14:41:14",37,969,0
"54703550","Awesome service ",5,"2018-08-19 00:29:25",1,1,0
"31084345","I ordered Chilly Chicken and Butter Naan. The butter naan was alright but the chicken needs to improve a lot. Although the gravy was fine, the chicken was not upto the mark as it seemed tasteless. To conclude it's okay but it really needs to improve a lot on a number of points.",2,"2018-08-18 00:48:51",14,4,0
"15331441","Ordered veg Singapore rice while on work and it was really awesome with respect to quality and quantity. This would be the signature dish of being hungry. Ordered based on the review given by friend and it is really worth ",5,"2018-08-15 20:15:41",41,100,0
"44725617","The food was really great when I went with my office colleagues. The staff was not much supportive and made us wait a long time but as per food, the taste was great, the paneer lababdar was great. Paneer chunks were soft, the curry had all the flavours, the butter naan that I ordered, I must say , had too much butter but tasted great. The special chicken biriyani my colleagues ordered was great also. The staff were little on the edge, but the food was really great.",4,"2018-08-15 18:34:05",34,51,0
"65324326","Worst order I ever had, no chicken in butter chicken, only a glimpse of tiny 4 5 pieces and a full of oil. I will never order from this place.",1,"2018-08-15 18:00:12",2,0,0
"64853048","very bad.. ordered special biryani,but it was mixed with dum biryani and completely dry.if you guys dont have specific item please dont display in menu..",1,"2018-08-11 13:25:59",1,0,0
"3093673","This place is quite close to our office, but still instead of going, me and my colleagues generally order from Zomato. I have tried a number of their dishes, but the only one thing that stands out is their Being hungry special chicken biryani. My father has a restaurant in Delhi, and he ensures that whenever I'm travelling to Delhi, I get that biryani for him from Hyderabad. So that's the level of love my family has for this biryani. Do try it out. P.s. you guys may check out my Instagram page for interesting food feeds @simbas_sister ",4,"2018-08-11 13:06:07",66,83,0
"55283415","good",5,"2018-08-11 00:20:33",1,1,0
"58159245","good delivery from person UMAKANTH",5,"2018-08-08 22:58:17",2,0,0
"62021847","gggg",5,"2018-08-08 15:07:51",5,1,0
"62021847","good",5,"2018-08-07 23:50:19",5,1,0
"58159245","good ",5,"2018-08-07 22:48:18",2,0,0
"59165998","good",5,"2018-08-05 16:29:36",1,0,0
"52664210","not tasty, too sweet",3,"2018-08-05 09:41:46",2,0,0
"61943312","Loved the food. ",3,"2018-08-01 20:06:13",1,0,0
"57310553","Food is too bad, I ordered Cashew biriyani and I can count the cashews on fingers, taste is also very bad, just plain steamed rice with some masala cashew become cashew biryani. Waste of money",1,"2018-08-01 09:10:13",1,2,0
"63223580","food quality was not good as expected",2,"2018-08-01 02:21:39",1,0,0
"52569128","good ",5,"2018-07-30 23:53:51",2,0,0
"53083389","not so tasty",1,"2018-07-30 21:18:14",4,3,0
"56621894","Nice rider ",5,"2018-07-29 22:58:20",4,4,0
"57813958","Great",4,"2018-07-29 22:03:11",0,0,0
"59972495","Should be bit less oily and spicy.",4,"2018-07-29 15:33:23",0,0,0
"51075839","very good ",5,"2018-07-29 06:59:55",4,0,0
"52127330","good",5,"2018-07-28 20:57:31",3,1,0
"41630406","Food is nice as always.",5,"2018-07-28 16:45:23",13,7,0
"51758875","the food was delivered tooo late",1,"2018-07-28 13:04:04",1,2,0
"62021847","good",5,"2018-07-28 00:51:53",5,1,0
"62021847","Good",5,"2018-07-28 00:21:40",5,1,0
"51911814","good taste",5,"2018-07-28 00:16:01",4,1,0
"51801086","good tast",5,"2018-07-28 00:04:09",1,1,0
"53995977","Good",5,"2018-07-28 00:03:21",0,0,0
"58796059","Wowww!",5,"2018-07-27 22:39:55",2,0,0
"51075839","very good ",5,"2018-07-27 01:59:32",4,0,0
"53995977","good",5,"2018-07-27 00:22:07",0,0,0
"9675761","good",5,"2018-07-27 00:17:31",0,0,0
"59324713","food is awesome",5,"2018-07-26 23:20:07",1,6,0
"56449459","good",4,"2018-07-26 22:47:43",1,0,0
"41630406","Food is always good. ",5,"2018-07-25 17:17:42",13,7,0
"51910612","worst quality",1,"2018-07-25 13:19:27",2,11,0
"60940185","no butter added",2,"2018-07-24 23:04:59",1,0,0
"443483","Good ",5,"2018-07-24 20:20:43",5,1,0
"45000992","dal was really bad and Chinese veg Manchurian was actually pieces taken out from gravy",2,"2018-07-24 19:37:20",1,1,0
"57744077","they teached me how to eat the zeera rice with fork",1,"2018-07-22 21:55:18",1,0,0
"49452491","good ",4,"2018-07-22 21:51:34",3,3,0
"61991422","Didn't give much masala rice, but got decent amount of chicken",4,"2018-07-22 21:28:55",1,0,0
"51963196","good",4,"2018-07-22 20:46:48",3,1,0
"53005291","it's nice but too spicy....",4,"2018-07-22 15:18:20",2,0,0
"55847426","very good",5,"2018-07-21 23:43:01",7,1,0
"52791399","Delivered cold food. food is not even warm. ",2,"2018-07-21 22:33:05",1,1,0
"53763127","super",5,"2018-07-21 11:52:44",1,12,0
"53589653","good",5,"2018-07-21 02:05:45",1,1,0
"55847426","a very good good",5,"2018-07-21 00:18:22",7,1,0
"55756943","very OILly inspite of saying put less oil but good quantity",3,"2018-07-20 23:12:00",2,1,0
"37586626","Not so good..",2,"2018-07-20 21:10:01",2,47,0
"59431869","waste",2,"2018-07-20 14:32:42",3,0,0
"41630406","Ordered food online and I clicked the part wherein it says ""for someone who is feeling unwell"" or something like that and it was delivered on time.
The food was great. The delivery guy also was so polite.",5,"2018-07-20 14:27:54",13,7,0
"61498665","Taste less Biriyani...not following Delivery Instructions",1,"2018-07-20 07:23:25",1,1,0
"61551944","Not cocked ",1,"2018-07-20 06:18:55",1,0,0
"55847426","very good",5,"2018-07-20 00:14:22",7,1,0
"56621894","",5,"2018-07-19 23:55:16",4,4,0
"57349021","excellent",5,"2018-07-19 20:54:41",1,0,0
