"UserId","Review Text","Rating","Time","Reviews Count","Followers Count","Photos Count"
"36111060","This is a nice cozy place with such great ambience and amazing hosts! Please do try to come and support them. The food is great and the staff are really courteous.",5,"2019-04-15 23:16:45",17,84,3
"34153138","Awesome veg food too, was expecting good non veg,but surprisingly veg was also very nice.
Had thread paneer, veg fried rice, and choco lava is one of the best I ever had ",5,"2019-03-26 20:01:53",1,2,0
"1904466","Been to this restaurant today. Ambience is good. Very limited items in the menu card. I had
Chilli paneer - tasted good. But paneer could have been little smoother
Butter naan - nice in taste
Mix veg curry - tasted good
Methi chicken - very tasty
Service and over all experience is good",3,"2019-02-15 02:29:08",156,726,13
"1349101","At the entry of Nanakramaguda road, decent place to sit and have a meal.
Didn’t try too much from the menu, although the chilli chicken was okay. Efficient service.",3,"2019-02-10 14:58:35",186,13393,2
"1296747","Pretty decent chinese options. Had tried it couple of times from Swiggy pop. Fried rice, noodles and paneer manchurian is a safe bet here. Would try more dishes for sure. ",4,"2019-02-02 23:56:18",119,597,2
"39249919","Don’t bother going to this place, menu is extremely limited to 4-5 items, restaurant without chef. We checked before entering and post waiting for 15 minutes they come and say no chef",1,"2018-12-24 19:22:18",5,7,0
"49921342","This restaurant opened in the same place where  Eatico was there. Had Butter chicken with Nan. 
Ambience:4/5Taste:4/5Service:4/5Value for Money5/5Overall Experience:4/5",4,"2018-10-06 14:49:07",72,42,2
"47044583","Great butter chicken!
We have been ordering from this place for a long time now and the butter chicken is absolutely delicious! Great food, good delivery!",4,"2018-09-16 14:09:28",5,15,0
"45258154","I took garlic naan and paneer butter masala from Blu Ginger today(15th September 2018). The naans are completed blackened and are like rubber. The paneer butter masala curry is also not tasty and I am sure they are using very low quality material for cooking. I don't recommend this place to any one.",1,"2018-09-15 20:44:16",1,1,1
"52491900","Grill and bluginger both  are the same in the same building they run two restuarants with different restuarantsz...you can visit this restuarant it will be good starters are super ....chicken manchow soup excellent....biryani ok ok",4,"2018-09-11 14:48:50",16,27,1
"65549760","pieces not cooked properly and flavour of the rice is not as previous orders ",3,"2018-08-14 21:33:05",1,0,0
"42987090","We ordered crispy corn which is ok-ok in taste but quantity is less for price. kadhai paneer which is pathetic in taste and waiter brought it while having starter only. So all main course was got cold.
We already told the guy who took the order that we want curry super spicy so make it super spicy but don't know which language he know to understand what is ""super spicy"" means.
Lastly we ordered veg pulav which was tasteless with no salt in it. I was very disappointed with food and with manager also. ",1,"2018-08-12 22:58:51",9,10,0
"50140601","I wondered as if I am having a corn soup or noodle soup? fried rice was also bland.... ",2,"2018-08-06 17:23:27",2,15,0
"62718977","If you are a biryani lover, please avoid/skip this place. Nothing special about it, just plane biryani no unique flavor to it or i would like to say no flavor at all.For the price I paid 261 rupees through zomato, would not be sufficient for one person also.",1,"2018-08-05 22:27:48",1,1,0
"52943214","Less quantity... High price ",2,"2018-08-03 20:22:56",1,0,0
"63078691","excellent",5,"2018-07-30 12:27:18",0,0,0
"51075839","good",5,"2018-07-30 11:19:43",4,0,0
"51827576","the worst food ever.. no onions or raota or sauce is provided..the chicken is worst and was not even boiled properly .. I will make sure will never order from this restaurant",1,"2018-07-29 13:33:47",6,2,0
"60756400","i have ordered Andhra chicken fry but you are sent half of the item.Order quantity is very less and it is not enough for single person.Very disappointed by this order.",1,"2018-07-27 20:25:56",0,0,0
"1807457","The curry was really yummy and chicken was so tender",4,"2018-07-27 12:55:51",30,348,0
"59756199","good",5,"2018-07-24 20:02:44",4,0,0
"52310155","nice quality",5,"2018-07-21 20:05:02",5,1,0
"56918188","kadai chicken doesn't taste good and is salty, the naan's are hard and they missed to add onion salad",1,"2018-07-21 15:09:48",2,0,0
"404050","hot and sour soup was not good at all ,while Paneer biryani can get some good point",3,"2018-07-20 21:05:57",8,0,0
"50963864","food was great but you should follow when someone's asks for no chilli. even though I mentioned, my food was very hot n my kid was unable to consume.",3,"2018-07-20 16:51:54",12,10,0
"60442356","item not available",4,"2018-07-19 12:44:48",3,0,0
"31978443","ordered biryani n fried rice. no accomplishments (salan n raita) and no cutlery were provided.",1,"2018-07-17 23:58:49",2,0,0
"51894984","nice",5,"2018-07-16 14:44:25",3,1,0
"53377924","Waste services and aggressive behaviour to customers ",1,"2018-07-14 13:19:52",2,1,0
"57576458","I order a chicken biryani but I was not satisfied with the quantity main even with the quality very upset with this .",1,"2018-07-13 22:17:39",1,0,0
"53276808","good",5,"2018-07-13 21:48:16",1,1,0
"60442356","improve packing and quantity",3,"2018-07-13 13:51:49",3,0,0
"41401059","Packing very bad, cost in zomato is 324 but bill given for 290. Quantity small. Only for taste given 2.
Packing very bad, cost in zomato is 324 but bill given for 290. Quantity small. Only for taste given 2.
Packing very bad, cost in zomato is 324 but bill given for 290. Quantity small. Only for taste given 2.",2,"2018-07-13 13:26:00",3,1,0
"2094166","The food is disgusting. I want to send this back and get a refund.",1,"2018-07-13 01:11:08",3,34,0
"54318597","Tasty yet packing not properly done which resulted in cold food.",4,"2018-07-11 20:24:54",6,4,0
"52303938","Sent wrong food",1,"2018-07-08 19:39:13",2,1,0
"32473465","The quality of food is going down ",2,"2018-07-07 19:25:10",8,3,0
"52310155","nice",5,"2018-07-06 23:29:32",5,1,0
"51555160","Rice not cooked properly and taste is also not good",2,"2018-07-06 21:32:34",1,4,0
"51667894","Stale food",1,"2018-07-06 20:26:01",2,1,0
"32473465","Good ",5,"2018-07-06 00:31:30",8,3,0
"59467354","quantity",4,"2018-07-05 12:13:54",1,0,0
"53904742","BIryani was to sticky ",3,"2018-07-04 12:34:43",2,1,0
"59421746","taste good",5,"2018-07-02 20:57:14",1,0,0
"53895609","taste was not that expected as before",2,"2018-06-30 15:54:12",1,0,0
"51365142","taste was worst. Lollipop was over burnt/fried giving the taste of charcoal. Fried rice was ok and not ₹200 worth. No salads even after specific mention.",2,"2018-06-29 22:03:06",3,8,0
"57745390","Average ",3,"2018-06-27 21:58:56",2,3,0
"52856345","peaces are not build enough",3,"2018-06-25 19:40:25",5,1,0
"45521772","I got two insects in food. Please make sure to serve with clean food.",1,"2018-06-25 18:57:22",2,8,0
"55003740","Good.. ",4,"2018-06-25 00:40:55",3,3,0
"53010620","little bit late but ok",5,"2018-06-24 16:32:24",2,1,0
"32473465","Good spicy food ",5,"2018-06-24 13:46:10",8,3,0
"52590816","Yesterday we have visited this restaurant. This is the best place to have grilled stuff. Even the curries and biryanis are awesome. The price list and the food quantity with quality is decent. Clean and neat simple superb ambience. ",5,"2018-06-23 23:14:35",2,1,0
"52770982","good taste",4,"2018-06-23 19:25:09",2,1,0
"58189862","gud",4,"2018-06-23 17:27:10",2,0,0
"58022798","put oil inspite saying not to but still less compared to other restaurants",3,"2018-06-23 17:04:32",3,0,0
"53904742","Biryani is bit Raw not up to mark",3,"2018-06-23 13:33:29",2,1,0
"52740812","I have received food before estimating time.  I am very happy to get order....😊😊😊",5,"2018-06-22 19:53:09",2,1,0
"40384080","good",3,"2018-06-22 19:51:39",3,2,0
"32769229","Good ",4,"2018-06-21 19:29:01",1,0,0
"42018707","good",5,"2018-06-18 12:57:15",1,1,0
"56468062","a good taste with little delay .",5,"2018-06-18 12:35:33",1,11,0
"57655026","good",4,"2018-06-16 15:11:03",1,0,0
"52902952","good",5,"2018-06-16 01:41:42",1,1,0
"55005653","super taste",5,"2018-06-15 13:03:14",2,1,0
"52448692","worest food service qualify",1,"2018-06-14 22:02:01",1,1,0
"57474649","quantity was low",3,"2018-06-14 20:59:39",1,1,0
"55205199","good",5,"2018-06-13 21:43:06",3,1,0
"32581543","Wrong dish was delivered",2,"2018-06-10 14:08:18",1,5,0
"56918188","the taste of chicken dum biryani is great....the chicken pieces can be more for the cost",4,"2018-06-09 23:06:08",2,0,0
"54790454","super",4,"2018-06-09 20:41:16",2,1,0
"56974911","super",5,"2018-06-09 15:26:41",1,1,0
"51995277","food good but for delay for delivery it was no hot",3,"2018-06-09 02:11:24",7,1,0
"51643222","deliver is slow",3,"2018-06-08 21:46:47",1,1,0
"51043640","The quantity which you are providing is not reasonable for that fare..!! ",3,"2018-06-08 03:43:43",5,1,0
"29612697","quantity ",4,"2018-06-07 17:14:31",1,54,0
"54790454","Very delicious food....",4,"2018-06-07 14:54:55",2,1,0
"54720584","I mentioned for an extra onions but, no action was taken for it...
food was pathetic, garlic naan, and butter naan was like a stretchable plastic material...uneasy to eat.
biryani was too good, excellent for it.
but North Indian food seems like they don't even know how to prepare it.",3,"2018-06-03 19:05:50",2,1,0
"53837117","In the chicken Biryani, chicken piece was not cooked properly ",4,"2018-06-01 21:39:11",2,1,0
"56338060","good",4,"2018-06-01 21:32:56",1,0,0
"35836801","The things that I've tried from here are..
Veg/ mushroom fried rice
Veg manchurian
Chicken manchurian
Grilled fish.
Quanity wise the fried rice is enough for 2 people. Its a good place for chinese food in reasonable price. ",3,"2018-05-31 21:09:46",247,316,0
"53521593","good",4,"2018-05-29 21:30:59",2,19,0
"211838","always great achari chicken",5,"2018-05-27 20:45:46",4,2,0
"54435927","Good",4,"2018-05-27 13:41:25",1,1,0
"54456087","we had delivered biryani but seems like fried rice with more oil horrible taste ",1,"2018-05-25 21:42:15",4,1,0
"39065449","Ok",5,"2018-05-25 20:13:14",2,1,0
"2562074","We have ordered food a couple of times from here, and both the times we have absolutely loved it. The chicken tikka, fried rice, noodles, chicken in oyster sauce, Veg Manchurian and Schezwan fried rice taste very good from here. Ample quantities for the prices that they charge. The packing is also very good, and are neatly labelled.Definitely a VFM.",5,"2018-05-23 04:38:53",66,192,0
"55264715","taste is fantastic however quantity was not as expected. chicken jumbo was not sufficient for 5 people. i would have rated 5 if quantity was sufficient. just increase quantity by 10%.",4,"2018-05-20 01:39:21",1,1,0
"38074906","taste was not good...starting it was delicious but now it Is not ...pieces were not cooked properly ...hope next time I won't be disappointed.",2,"2018-05-19 18:37:33",1,0,0
"55017851","today's Biryani is not much good as like previous",3,"2018-05-14 23:13:58",1,1,0
"43987780","Not good",1,"2018-05-13 16:57:35",1,9,0
"54476254","fish was smelling very bad",1,"2018-05-10 20:45:10",2,1,0
"53930471","good",4,"2018-05-09 17:05:42",1,2,0
"54416840","The restaurant has kept fancy names of ordinary dishes, more like Narendra Modi.
Ordered Dum Ka Mutton got egg Bhurjee with hard uncooked mutton of pieces. Called the restaurant and guess what.... the chef does not what Dum means. What a waste of money",1,"2018-05-08 22:54:41",1,1,0
"51827875","average",2,"2018-05-06 13:24:02",3,1,0
"54528435","i got fried fly in fried rice.",1,"2018-05-05 22:32:02",2,0,0
"39489257","taste good but quantity is very less",1,"2018-05-04 15:07:05",1,1,0
"31152985","Ordered curd rice. Poor quality. Offered quantity is less than other restaurants in similar price range. Blu Ginger didn't even provide plastic spoon with the order.",1,"2018-05-03 14:59:37",2,0,0
"54269429","All food delivered was leaking and whole food is ruined.",1,"2018-04-30 23:33:28",1,1,0
"52614035","good",3,"2018-04-30 14:15:22",5,1,0
