"UserId","Review Text","Rating","Time","Reviews Count","Followers Count","Photos Count"
"1777677","Place for tasty Dabelis and Vada pavs. Bit pricey but quenches the crave for the chatpata snack. Chai is the next thing, thats okay okay. But lot of varieties.",4,"2019-02-22 20:04:56",18,146,0
"58427161","Best vada-pav in Hyderabad with well trained workers
Well behaved owner, best place for vegetarians & fast food lovers at night.must try if you are in Hyderabad",5,"2019-01-12 21:25:27",1,0,0
"507433","Best Vada-Pav i had so far in Hyderabad! I have tasted their vada-pav, butter dabeli and sev puri so far. Eating Vada pav and Dabeli frequently from here. Best thing is, it‘s a late night joint and therefore good for a rescue.",4,"2018-10-04 18:56:35",92,349,0
