"UserId","Review Text","Rating","Time","Reviews Count","Followers Count","Photos Count"
"34873585","Awesome ambience .Very nice food.. Nihal Shekar , the chef here is such an excellent cook, who will serve the best food suited for the taste buds and the time as well as the mood of the day..Thanks Nihal for making the night merrier",5,"2019-05-06 23:08:48",5,5,0
"1705045","Rooftop sitting ensures nice breeze even in the summers. Food though a tad pricey, is well made and the portions rather fulsome. Service can improve though staff acts in earnest. Tacos and nachos stand out. On a negative note, the music requires some attention. Started with nice Latin American lounge types but somewhere it shifted to some radio channel with hindi and telugu songs which seemed out of place for a lounge, not to mention even some ads being played in between!",4,"2019-03-25 19:34:28",119,110,0
"99895106","A very good place to hangout. Friendly staff. Good food. Special thanks to Mr.Sunil (the Manager) for making our evening a beautiful one by arranging a lovely candle light dinner totally as per my requirement. Had a great time. 😊",5,"2019-03-11 09:53:07",1,0,0
"2452778","After a lot of thinking (uh-uh), finally we were here and we do not regret this decision. It was lovely evening and what more can make the weekend start beautiful other than meeting an old friend over drinks and dinner by the pool in a rooftop restaurant with live music. The breeze pleasantly caressing the hair. Oh yes! We just loved it. This Brazilian-Mexican restaurant was an absolute delight for this evening. They have quite a romantic setting for a dinner date.
It was my first time to try a completely new cuisine and I must say I was overwhelmed. We ordered Coxa De Frango (Brazilian entrée) and Baked Fish in Veracruz Sauce (Mexican entrée). Well starting with the Mexican dish- the fish fillet was soft, saucy, mouth watering with sweet and sour tastes of Veracruz with Chopped 🍅, bell peppers, onions, seasoned with oregano but wasn't served as mentioned in the menu. On the other hand the Brazilian dish had nicely fried chicken which was juicy & tender on the inside, with beautiful aroma and spicy flavours and again wasn't served as mentioned in the menu. Seriously!!! What the hell is wrong with you guys 🤔🤨😧😠. That was very disappointing. If something is not available or change in the way it is served then why not inform the customer.
My Overall rating- 3.8/5. Sorry guys it wasn't served as promised in the menu. Thats disappointing. We order coz of the whole package not just a part of it. The food is little over priced as you may not get exactly what you ordered.Souvik Banerjee",3,"2019-03-04 20:05:10",70,2035,0
"41451016","Went to celebrate wedding anniversary. Restaurant is at terrace so the calm coolevening weather is a big plus to ve experienced. But the place layout is too mixed up with the hotel swimming pool also setup there. Saw a lot of male gentry as opposed to the couple's place promoted by the hotel. Food is tasty but way over priced for the setting provided. Smoking by other patrons is also a big problem. Live band is ok,not great. Staff available to wait on tables is seriously limited. Overall we ate soup and appetizer but then moved downstairs to Cascade for main course. To summarize - food is excellent, a tad pricey. Setting is poor in terms of layout and decor. Smoking is a big turn off. Potential to become a hit among couples but still a lot of distance to cover....",3,"2019-02-23 09:21:02",1,1,0
"57271590","A beautiful place with Pleasent weather, cool ambience at the roof of radisson hotel. Food was very good, chef nihal and the service team were very welcoming. Will soon visit again. Food 5/5,ambience 5/5,staff 5/5,pricing 4/5,",5,"2019-02-06 21:32:10",2,1,0
"1543407","We ordered Camarao and a chicken dish. Camarao is a prawn dish and was really well cooked and tasty. Chicken dish was really good but the prawn was best that I had in Hyderabad. The staff was very courteous and chef Nihal did an amazing job. ",5,"2019-02-03 22:27:13",5,4,0
"42662830","Loved the band & food - chef Nihal is a very good cook - check out the place for yum sizzlers & courteous staff & good ambience 
The soup & appetiser were very good ! ",5,"2019-02-03 00:10:39",3,10,0
"56095376","It’s been a while since I stayed at a Radisson hotel and was completely awestruck. Happened year and I was disappointed to actually leave.
Everything right from the service, rooms, the food, aesthetics were perfect! The rooms are really large, I actually enquired which category of room I was in because I thought I had got a business class room going by the amenities and size of the room.
The hotel has some great dining options and each restaurant is more beautiful than the other. It’s also amazing how competitively their menus are priced! It’s cheaper to dine at the hotel than to go to a nice restaurant in the roof top Which I think is a very wonderful Mexican and Brazilian decor strategy.
The staff is very warm and hospitable. They make an effort to make their guests feel special. Special thanks to two of their chef dayal , nihal. Doma Resaption manager mr sumit for their personal touch!",5,"2019-01-02 19:13:09",1,3,1
"8007021","My husband and I bought the voucher for the New Year Party 2019 in the terrace but unfortunately my husband got a sports injury the same morning. He couldn’t stand for long durations because of the leg injury. We attended the terrace party thinking we wouldn’t be able to stay for long. 
But, inspite of the rush and festivities the Manager Mr.Sunil Kumar Mohapatra quickly arranged a seating for us at a different party location and helped us out. We appreciate his quick thinking and coordination with his colleagues for making the necessary arrangements so smoothly and quickly. We were able to stay and enjoy the party till 12:30 because of this timely help. 
The venue was excellent as usual, the staff were kind and welcoming, the food selection was delicious and the presentation was simple and elegant exactly the way I like it. The pool looked amazing in the beautiful lights and great music to match the mood. ",5,"2019-01-02 16:13:21",14,7,0
"52809964","I attended the party which was suggested by one of the staff member named Sunil. The food was healthy and tasty. The ambience was good. Loved it !!",5,"2019-01-02 11:16:49",1,3,0
"34216011","Amazing food with courteous and friendly staff.Had ordered sizzler, chicken tacos,pollo a la Crema,Belgium pork loin. Loved each and every dish.Had a good time with family.",5,"2018-12-31 14:54:58",2,4,3
"32792467","Well I wouldn't term it as a Mexican cuisine joint that I fell in love with. I would just term it ok. So let's start with a bit of detail -
1. Ambience - it looks more like a space they had and wanted to use it to earn. There is nothing charming about this roof top place and decor is also just ok.
2. Food - ordered a chicken fajita and New Zealand lamb chops. Fajita's tortilla was sad, looked more like a crispy flour roti. Guacamole was a paste unlike the clunkiness you should have it and more importantly the taste was completely off. Sour cream was better though. Chicken was dry and rice was a pass. Now for the lamb chops, they were definitely decent of not falling off the bone great.
3. Price - well it's Radisson so they command a price for their brand, but frankly for 1700 bucks for lamb chops and 950 for chicken fajita, I wouldn't spend again there.
4. Service - probably the only thing that didn't fail. Courteous, attentive staff and fast service.
Overall, you can have much better food and ambience for lesser price.",2,"2018-12-30 22:32:17",52,54,0
"43319132","It was our 100th restaurant and 1st anniversery so i decided to surprise her by giving her a romantic lunch the management is soo kind they helped to give a wonderful surprise tysmm u guys made our day food; atmosphere music everything was excellent and the service given by chef dayal was appreciating ur really a very good human being tysmm lòoking forward to visit again 😊☺",5,"2018-12-28 23:17:24",1,3,1
"87170680","The food was very good and tasty. Chef Dayal received us very nicely. The hospitality is very good. They have all the Mexican Italian food with the Indian food.",5,"2018-12-25 10:29:29",1,2,0
"70354506","we had great dinner at radisson chama guacha
which was wonderfull food and service i love hear tex.mex food
like nacho chicken .burrito. chimichanga .
i realy appricate .with chef and service .was great .
food 5/
service/5
atmoshphere .5/",5,"2018-12-23 20:24:18",1,1,0
"1609003","Been here during my stay, they didn’t disappoint. We had a 3 course meal, which needless to say, matched the expected ambiance. There was live music as well, to add to experience of Al fresco dining. All in all, a good place to be. ",5,"2018-12-23 20:12:36",1,59,0
"48429190","Very good experience. Roof top and gorgeous ambiance. Chef Dayal service is just exceptional. I recommend others too spend some quality time on the top of raddinson",5,"2018-12-17 09:20:47",1,2,0
"85107287","Food is very good and fresh, in chama guacha also staff is very helpful, we feel like we are in home while staying in radisson dayal and service people help us to get check in and check out its very nice to be therein.
Thank you",5,"2018-12-10 14:32:40",2,3,0
"83528258","Excellent service and hospitality by chef dayal , he took care of all our all needs for food and beverage. Would love to be served by him again and again. The hospitality he showed towards us was heart touching, wishing him luck for the future the. dinner food was great",5,"2018-12-02 12:53:34",1,4,0
"44415519","I had an excellent stay at Radisson hotel from 9th Nov. to till date. I have to mention the food in particular the nifght dinner chef dayal prepared all the day excellent dinner and served across. The food was so good that i felt like having hone food the caring nature of the chef gave me even home feel. The Brazilian by the chef was awesome. In short it was a very homely feel and excellent food served by the chef for dinner.
All the staffs have been very courteous and very good.",5,"2018-12-01 11:46:33",2,14,0
"3476871","Nice ambiance with pool side setup and live music you would love the food and enviornment there and specially Chef Dayal & Priyanka has been exceptionally well in their service. ",5,"2018-11-28 20:42:07",12,20,0
"8206371","Good place with cool ambience. Food was good and special care was taken by chef Dayal to make my experience as great as possible. Live music was really soothing to hear.",5,"2018-11-25 19:34:02",6,13,0
"65357296","It’s a very nice place to relax. The ambiance is amazing. The service is very quick and staff are very courteous. Me. Arun, Mr. Lakshmikant and chef Dayal and Nihal are very friendly, kind and polite. We had a great time at chama gaucha with dinner and music.
-Meghana Dhakan",5,"2018-11-11 23:19:59",2,10,0
"41209815","It was a great place with a pool side view and a live band.My birthday was celebrated with the pleasant music, delicious food and people over there are very polite and disciplined. It was a great experience.",5,"2018-11-10 16:28:40",1,11,0
"54675580","The food was absolutely wonderful, from preparation to presentation, very pleasing. Nihal nailed it perfectly and i highly recommend to go for this restaurant",5,"2018-11-09 13:31:06",3,11,0
"39290390","First of all being in a roof top , and that too in 16th floor is awesome experience. I have tried almost all the sizzler while I was there staying in the hotel.All of them come with a unique taste. Also the live music and behaviour of the stuffs are something you will remember. I am giving the experience as 5 rstar, and posting few photos along with it. I would recommend you guys to come and have some good food.",5,"2018-11-07 21:47:42",2,7,3
"77274519","The food was Excellent.....and the Chef's Dayal & Manager Laxmi Kanth , Praveen as well are humourous in terms of their hospitality and i really thank you for all your time during our party. ",5,"2018-11-02 22:38:16",1,9,0
"51682937","Chef. Dayal The food was very good. Food name is Mexican and Brazilian. Once your guys try this then when ever you want came Hyderabad. You will have that definitely",5,"2018-10-30 23:22:08",1,12,0
"73625229","Staff is very polite n friendly,, specially chef Dayal helped a lot n made food as per my request.., Preferred for both veg n non vegetarian, it's good live music n swimming pool rooftop bar..",4,"2018-10-29 10:07:40",1,13,0
"78026591","I like food it's fantastic. Specially macixan and brezialin food. I like shaif way he approach coustemars. Thanks for giving as such n nice dinner.",5,"2018-10-26 23:09:02",1,13,0
"41419133","Radisson hyderabad hitec city
Roof top restaurant
Hats off to the amazing atmosphere
Food was lip smacking
Starting from bread board to sizzling brownie.
Thanks to chef nihal for making awesome lamb chops which was finger liking
Must visit place",5,"2018-10-22 18:32:05",1,21,0
"50676905","Hi zomato
Radisson hyderabad
Chama gaucha
Must visit roof top restaurant
Amazing food
first Mexican and Brazilian experienced
Live band was really good
Chef nihal made wow food and made the evening.",5,"2018-10-21 18:14:00",1,15,0
"54671224","Chama gaucha
Cool breeze, cool staff, cool ambience, hot food, simply superb,
Chef Nihal made the evening more memorable.
Must visit place for all",5,"2018-10-20 11:46:35",1,14,0
"76765738","hay chama gaucha yesterday night we visited your place for dinner with my family  
The food here is really tasty. We ordered  spice chicken wings and grill  chicken steak. The chicken was yummy  and delicious. And the brazilian  bread was soft and crisp on the outside. The chicken wings was good as well. chef and rohit our server was very prompt and courteous.we had good  Enjoyed with  mexican food . Will surely come back to try other dishes
service 5/
food/5
ambiance /5
staff/5",5,"2018-10-20 11:16:58",1,117,0
"39453100","Hi pearl city hyderabad
Chama gaucha restoo
Awesome food
Cool ambience
It's the best Brazilian and Mexican food
Thanks to chef nihal for making a fantastic evening with a perfect Brazilian food",5,"2018-10-19 13:34:05",1,13,0
"55028864","Hi hyderabad
Great place for classic Mexican and Brazil food
Pleasent ambience
Energetic staff
Must try tacos
Churasco cottage cheese
Lamb chops was the best
Thanks to chef nihal and rohit",5,"2018-10-17 11:13:12",1,14,0
"52010282","Hey peeps,
Have been to Chama Gaucha before it's a cool place to hang out nice Brazilian and Mexican food Thanks to chef Nihal and Lakshmi Kanth.Must visit this place
Must try:
1.Nachos
2.Churasco Chicken
3.Salmon",5,"2018-10-16 11:26:16",1,14,0
"76344810","Hey peeps time to new review .
Firstly thank you for all the love on the previous reviews and pictures.
Let me start by introducing the name and venue of the new place I visited second time
️Venue ️-
5/5
ambience 4.5/5
A very Mexican type of ambience, with a vibrant red colur and brown colour combination. The seating arrangement is done very smart way,comfortable sofas as well as bar stools are available.. So you can choose accordingly where ever you wanna be seated...
Service
5/5
The staff attended us very well, they suggested us accordingly what to eat what's their speciality... One more thing I observed about all the staff was that, they all were well qualified for the job they were doing... All the servers had knowledge about the different food items as well as the drinks and cocktails being served.... As well as all the servers as well as managers were doing all the jobs,one our table we had the head staff pick up plates, which was very rare to see. They looked after everything on our table very efficiently. They appeared to be very jolly and energetic people.. Which adds brownie points to the place.. It's always good to see happy people around.
And I have to mention few names who added to the happy time spent. Mr Laxmi Kant Mr rohite and Mr chef nihal were very courteous and treated us very well.
Starters
1.mexican style nacho - we had chicken wings crisper, crispy shrimps and potato skin... You can choose accordingly.
2.mix and match fajitas - grilled chicken and grilled chicken mixed with onions and capsicum with four soft tortillas and a very orderly served Mexican rice , two types of lettuce, and sauces... The fajitas was very tasty. I made my own fajitas according to my taste.
3.crumb Fried fish and chips, can't explain the mouth watering fish, and chips... They served two huge pieces of fish chunks with fries...
I have to mention the dips which was served... Theres was tarter sauce dip, mustard and honey dip, which was my personal favorite.
Drinks -
1.mexican sunset
2.whiskey lemonade
Deserts -
1.sizzling brownie with ice cream.
The Browne was actually very sizzling... The brownie I ate here was by far the best brownie I've eaten.. The ice cream and brownie were Melting in the mouth.
Overall this place was amazing, do visit if you want your taste buds to taste something Tex mexHelpful?
Team and management",5,"2018-10-16 06:52:48",1,139,0
"76009644","Perfect in every way
Loved everything about this hotel. Ergonomics of room well thought out. Fantastic location. Fabulous food and drinks on roof terrace. Gorgeous breakfasts. Love the Brazilian bread in particular. Staff very helpful and polite. Great chillout music. Fab decor
Hopefully will be back. Thank you and the team chama gucha Mr Laxmikant and chef nihal. so much for making a memorable stay .
Great job radisson Team
Your best regards
Rupesh Jaywardenan",5,"2018-10-15 08:34:43",2,36,0
"75523551","If you're visiting radisson , look out for these traditional dishes to get a real taste of the Mexican and Brazilian cuisine. Here's our pick of the top 4 must-try fajitas. Salmon. Lamb chopped and mind blowing nachos which was really wonderful and Real test of the country's I really appreciate with. Chama gucha Tea.m. And specialy chef.s.who made my great wonderful day at night life.
Service also brilian.
Food value. *****
Service value. *****
Many value. *****
Ambiance. *****
Over all. *****",5,"2018-10-11 07:42:29",2,11,0
"74259925","I visited this place last month with my family  and really enjoyed my time there. I visited it tonight after it was really amazing place 
Not a lot of people around when we came. Just another table or 2 filled. There is some incomprehensible english music  in the background (thankfully not loud enough to drown out conversations). The ambiance is quite colorful and that's what I would expect from a mexican restaurant.
We had ""Atomic nachos "" For appetizers. It tasted good, crespy and a tope of layering cheese but it tasted good anyway. I think my wife  has the grilled chicken (fajita )which is made by chef and grilled prawns. To taste a wonderful  of everything, I had the Veg tacos  (1 mexican rice, 1 chimichanga and 1 soft  shell taco)
The veg tacos  i had was brilliant. The taco was cripsy and yummy. the mexican rice was flavorful, the right amount and the chimichanga though I had late 
Although one of my friends said in terms of quantity the grill items might be to more but need to reduce  
over allgood service also really great 
Ambience: 5
Staff: 5
Food: .5
Must try in my opinion :) and will get back surly thank you so much for the chama gaucha team especially chef and management team  who made our wonderful night keep it up the rocking food",5,"2018-10-11 00:02:48",1,8,0
"33597072","Awesome food and great hospitality. I had Mexican sizzler and it was amazing cooked by head chef Dayal Singh. Looking forward to taste more yummy food here",5,"2018-10-10 23:28:04",2,25,0
"75375363","Just had a business meeting here with 6 co workers. The drinks were very average but things went way up from there. as par the chef recommendation which I given highlight below
The fajitas chicken and enchiladas new menu offering was fantastic. Great flavor and the porki was unbelievabl mind blowing . My boss and coworker enjoyed the fajitas and the quesadilla respectively. The fajita was I can't say which was amazing and mind blowing
They also have lamb copped on tap-totally awesome!!! Great job! Radisson keep it up the same standards ",5,"2018-10-10 08:28:25",1,13,1
"53796606","Food is good and tasty. Great ambiance with pool side view and with lovely and enjoyable live band.. Friendly staff provided great hospitality..",5,"2018-10-01 15:37:00",1,6,0
"37647553","The service rendered by Rohit and Laxmikant is exceptional . The food is so good to die for along with the Saturday night Live Band performance . Try more of non vegetarian dishes to enjoy the vividness of the cuisines . So you get an overall package of satisfaction and nirvana . Go for it, make your weekend nirvana over here.",5,"2018-09-22 23:40:31",3,5,2
"72019597","Excellent services and food, very courteous staff and very friendly, food and drinks quality is top notch. highly recommended.
Chef Dayal and Manager Laxmi ",5,"2018-09-22 23:15:20",1,6,3
"71867884","Amazing experience, the service was extremely good, mainly Chef Nehal and Arun. These guys are incredibly attentive, friendly and helpful. Celebrating on rooftop was the wise decision. The live music band is just AWESOME they made our evening a better one and thanks much for sharing the stage with us to sing along. Thanks a lot for the entire Radisson management. I'd be waiting to visit this place soon. ",5,"2018-09-22 13:43:45",1,4,0
"52857947","I have visited this Restaurant with my colleagues for team dinner. Food was delicious, ambiance were good and the service provided by Arun and Lakshmi Kanth and team is Top Notch I would recommend my friends as I liked the services there.",5,"2018-09-22 03:38:03",1,3,0
"53294962","Hello Zomato team!!!!!
I'd like to tell we went chama gaucha (Restaurant)as a corporate gathering for dinner.. I really appreciate the place and ambience.... Representative : Arun Kumar has took time and helped alot......... If there is a chance give him a raise in salary...",5,"2018-09-21 23:23:58",1,4,0
"53813138","It's a nice place ...we've went here with the team...the staff was so kind and understanding...they treated us very nicely... especially Arun...will recommend everyone to visit for corporate breaks or with friends..!! ",5,"2018-09-21 23:21:17",1,5,0
"70326387","The atmosphere is very good. The staff is very helpful and cooperative. The rooftop Garden is a must visit place.. Thanks to Mr ARUN and Laxmikant",5,"2018-09-21 22:35:46",2,4,0
"44031656","Thank you so much for the delicious food and the way were treated was awesome special thanks to Arun... I'll definitely refer my friends hope they'll be stepping out with a smile on their faces thank you again Arunnnnnn",5,"2018-09-21 22:03:39",1,11,0
"71002701","This place is ashtonishing! I experienced a very delightful and delicious mexican dishes which craved me to visit again to chama gaucha i appreciate mr Arun for the wonderful service ",5,"2018-09-21 12:27:03",1,2,0
"71460614","We had a very good time at chama gaucha with mexcian staff ......loved food and service special thanks to Mr Arun and Laxmikant to makes ower days so special love you guys.hope you see you soon again ..will suggest ower team agin and again .......
Keep rocking guys ",5,"2018-09-20 01:04:50",1,2,0
"70371551","Rated 5
It is a good amazing place to go If you have a tooth for Mexican cusinie The hospitality and food quality is good Ambience and music is wonderful Recommended to visit once in a while if you wish for a change from other cusine Justice to mexican cuisine
My below rating for this restaurant
Food 5
Drink 4/5
Chef 5
Staff 5.
Ambience 4/5
I will give few advice you guys you need to put more Mexican dishes because of in Hyderabad city no one can find like purely Mexican food thanks and regards
Lata Gariya",5,"2018-09-17 00:46:14",1,19,0
"70716970","The best place to hang out..! With the pool view and amazing food taste.. ! Must visit place.. The staff is amazing and super friendly.. ambience rocks too",5,"2018-09-16 00:41:21",2,6,0
"70878283","It is good to be in such a place to enjoy our night with my family to have such a tasty and good food. And also I appreciate the survice that they did tonight was was the best of all.",5,"2018-09-15 22:57:39",1,2,0
"44137672","Extremely in love with the ambiance, gives you a complete awesome weekend feel at the terrace...Love the customer services and the kind of hospitality they serve including food, drinks and a very warm-hearted staff those who make you feel home-like, etc....Mr. Laxmikant doing a great job managing the entire F&B servivces at Chama Gaucha.",5,"2018-09-15 21:11:45",1,3,0
"15782916","I had my birthday celebration at Chama Gaucha.....the entire staff had put in lot of efforts to make it special for us.....right from cake cutting till the desserts....my birthday turned out to be special and memorable one....thanks to the team [Mr. Lakshmikanth, Priyanka, Arun and Rohit]....cheers!!!!",5,"2018-09-15 18:06:57",1,2,0
"15675464","To begin with : Thanks a lot for making our evening special ❤ It was really amazing to see the efforts put in by the restaurant manager (Mr Lakshmikanth) for making this happen and a memorable one.
The decoration and the food was customized based on our preference and was delicious. The ambience was superb and the location was just perfect for a beautiful evening. I would recommend this restaurant to all there out who want to have good food with an amazing ambience and location.
Cheers to all !! (Lakshmikanth, Arun, Priyanka and Rohit)",5,"2018-09-15 17:47:49",2,40,1
"35694979","Amazing place with live band and a pool side view. I was just blown away.
The food is typical Mexican Brazilian so would be kind of bland. We started with bread rolls n sweet bun which were kindoff okaish. The chicken soup was nice and the only thing close to spicy. The chicken wings were amazingly tender and delicious.
The main course had Mexican rice served with fish, lamb and chicken. I liked the fish much more than the other two.
The evening ended with banana cake crowned with an icecream which made for an apt climax for an evening well spent.
P S. One extra rating is purely for the ambience.",4,"2018-09-12 09:56:40",113,1194,5
"36252844","The best thing which we did for celebrating our son’s first birthday was selecting this beautiful roof top pool side restaurant. All my guests had good words for this restaurant starting from delectable mouth licking food to the courteous and friendly staff to the refreshing pool side ambience it has. This place is a must visit if you want to enjoy some quality time with your dear ones with good food, 
drinks and melodious live music which will make a perfect relaxed evening.",5,"2018-09-09 23:50:14",1,7,0
"460103","Big portion sizes. Each sizzler is enough for 2 people. Their complimentary amuse bouche was lip smacking. The pool isn’t very big but overall the terrace ambience and non intrusive service leaves a good impression. The visible kitchen is also a highlight. ",3,"2018-06-02 18:17:25",90,514,1
"53664796","Total waste of money and highly charged, poorest service I have ever experienced yet, rather u will get a much better service in any local dhaba than this. Very minimal staff not even bothered to attend you. Even in fixed course of menu, u need to wait for nearly 15 mins for the next dish to be served and also the food was not at all satisfactory. It was pathetic.
Only I can say is that band playing live and the ambiance was good.
Food- 1/5
Service-0/5
Ambiance-4/5
Music band live-4.5/5",1,"2018-04-21 13:31:08",1,7,0
"36290843","We came here for Dinner and drinks on 9th April and let me tell you it was amazing experience. Food and beverage choices were excellent. Taste of food was at par. Bartenders were really great Srinu and Rohit were beyond expectations. They were polite, friendly and courteous. Live music band was wonderful and ambience is to die for ( or may be to kill for). We had amazing evening and extraordinary experience. I’d recommend all to visit once.",5,"2018-04-12 16:49:13",2,3,0
"2648830","Nice and beautifully lit place. Grt ambience , the bar is well decorated. Food is good..Great place to hangout with friends with good music and food.",4,"2018-03-27 16:58:05",72,1064,0
"50233109","This is NOT brazilian food. Don’t be fool. Too expensive for the quality of the food served. There are incredible restaurants with foreign cuisine in the city with a more reasonable price.",1,"2018-01-29 00:08:51",1,9,0
"49498411","A very unfortunate choice. We went in a group and were strongly disappointed at the food. This is NOT a Brazilian restaurant by far. Only very few items in the menu are from the Brazilian cuisine. The two we tasted, the cheese breads and coxinhas were not particularly good, specially given the very expensive price tag. Everything else range from bad to mediocre. The Brazilian rice and beans is outrageous given its lack of resemblance to what is actually cooked in Brazil. Deserts were small and we received liquid ice cream in one of them. Although the view is beautiful, service was not particularly courteous and the overall experience was extremely underwhelming. I would not recommend to anyone. ",1,"2018-01-29 00:06:01",3,46,0
"50328427","This is the only place in Hyderabad,where you get Brazilian  and Lebanese food on a roof top with good ambience.
Got to know this restaurant with the flexi in front of Radisson  gachibowli but funny you get indian food too... then what's the use of speciality restaurant ?..
Good place to visit...",3,"2018-01-27 16:04:34",1,1,0
"30770089","The ambience was amazing and our host was warm and eager to help.us out but somewhere it didn't click..we order baked fish n mashed potatoes. The fish was okay but the potatoes were too oily. I would consider definitely giving them a second chance. I am very sure they are gonna buck up.
P.S. Highly recommended for romantic dinners...the pool view is amazing",3.5,"2018-01-23 11:00:54",344,975,4
"27193546","Well it was a special occasion, a Lohri day and a success party for professional 
embarkment , and we wanted to eat in silence.
Chama Gaucha is part of Reddison Gachibowli ,with rooftop and a beautiful 
Quite pool side seatings. Full marks, well done.
Its specializes in Brazilian and Lebanese. We started with a bread basket 
which included some incredible dips , Ordered Falafel ( Chickpeas , pita and hummus ) ,and a Lasagna , a Brazilian preparation in that ,to be honest its not the one we should have selected.
But yeah overall good , just go with the mood is my suggestion.
Staff is courteous and we had a good time , in my opinion you should try the bar , its good to drink in good ambiance , but please do not drink and drive.",3.5,"2018-01-20 12:23:46",21,47,2
"7107681","Tried the chicken sizzler and it was bad because it had an overdose on pepper, could not taste any other flavor. Otherwise ambience is good and service is good",2.5,"2017-12-20 22:20:44",8,1,0
"31164944","If you want to enjoy a peaceful night with good view and food, you should try this place. I have been to this place couple of times and it always comes with addition of new food items ",4.5,"2017-12-02 20:56:37",5,6,4
"449915","The ambience of this place is quite nice. It’s relaxing sitting right next to a roof top pool and sipping a chilled beer.
We took a Nearbuy deal and went for office dinner. The choice of food was interesting and breads and dips were definitely appetizing. 
The staff was happy to serve us unlimited beer ( as per the deal)
Was disappointed with the food quantity and lack of rigor in offering and serving. All Items that were mentioned in menu were not being served. 
Not bang for the buck!",2.5,"2017-10-29 17:26:04",18,8,0
"327798","The only place  in whole of hyderabad which serves Brazilian cuisine.Isnt the thought it self exciting ;) ! The roof top restaurant of raddisson is a beautiful place to unwind at the poolside after a hectic day of work. One of the only few places which i personally love visiting. I was invited here to try their new oktoberfest menu which was launched in September. The ambiance no doubt is pretty impressive , i was more excited and curious about the food. So we started our dinner with bread basket which mainly consisted of sunflower seed bread with some amazing dips. Then came the chicken sausage soup which had chicken sausages, onions, tomato and carrot added to it. One of the best chicken sausages soups i ever had. I liked it so much that, i gulped down two portions of it. Some of the items in the menu which i really relished were tomato and pineapple sauce, coconut fish, non veg platter, choco pudding and linzer torte. out of all the dishes, coconut fish was my star. The tender fish with coconut chunks and aroma to die for. A perfect delectable delicacy for the chilled night. I truly enjoyed being here. The staff and service was on point. Very friendly and smiling. I shall be back soon to try other items on the menu.",4.5,"2017-09-29 18:00:53",482,1686,0
"5377501","Chama gaucha the only Brazilian restaurant at a star property is hosting the Oktoberfest .. and what better place than this .. 
Pool side set up on the terrace of Radisson Hi-Tech city.. it's a perfect place to unwind after a days work or on a windy evening with your friends.. 
The assorted bread basket platter consisting of pretzels , sunflower seed bread , landbrot served with paprike butter was a perfect companion for kohlsuppe (cabbage soup ). Cabbage soup this good was beyond my imagination. 
Apple and fennel salad with lettuce was perfect .
Though the regular menu doesn't have anything for vegetarians in the main course. The chef was kind enough to serve Brazilian rice tomato flavour rice with kidney beans.  The grilled paneer cottage cheese steak made me fall in love with it. Though the pieces were huge in size the marination was perfect . The flavour was very well soaked . Properly grilled on all the sides . Creamy mashed potatoes , oven slow roasted potatoes , maple glazed pumpkins and steamed veggies along with mushroom form the perfect sides for the main course. 
From the compact mocktails menu I enjoyed sipping virgin colada . 
Warm choco pudding as the name suggest was served warn with vanilla ice cream. Linzer torte was like a perfect desert just a bit sweet but goes well with beer . The mild flavour of cinnamon just added to it's flavour.. 
#byinvite #reviewsession. ",3.5,"2017-09-26 22:05:50",352,2073,8
"125714","Hit to Chama Gaucha when you are looking for a cozy roof top and pool side setup in a star property. It’s Hyderabad’s first Brazilian churrascaria bringing you the centuries-old South America’s taste. When translated from Portuguese, Chama (Flame) is the essence of every Brazilian Steakhouse echoing the passion of Gauchos (Waiters) for their tradition and food. The waiters are supposed to move from table to table and serve different types of grilled meats by cutting the slices directly to the plate from the skewers.
Radisson is celebrating the spirit of #OktoberFest with delectable German food paired with fine selection of Beers. For Vegetarians, pricing for the fest is on a higher side. The set menu with unlimited Beer costs around Rs 2500++ or it could be ordered individually as well. 
The alluring platter of freshly baked Breads couldn’t have been a better start in the breezy environment. The assortment had Pretzels, Pide, Landbrot, and Paprika Soft Roll and each of them was delicious in its own way. The Tapenade, Saffron, and Paprika Butter served along made it difficult not to overload myself with carbs.
Next came the Kohlsuppe Soup, a mild and refreshing cabbage broth with just right amount of herbs and spices, so light on the tummy that I could eat every day. Apple Fennel with a base of crispy lettuce, seasoning delicious enough to nourish your body and your taste-buds prepared us for our next course of food. 
My fellow food blogger and I saw each other in disappointment when Cottage Cheese with a side of exotic veggies and Brazilian rice was served to us as a main-course. But, when we tasted the steak, little did we know about its deeply infused peri-peri flavor that just melted away as we took a bite. The mashed potatoes with a tinge of garlic, maple glazed pumpkin, cherry tomatoes, and oven-slow roasted potato attributed to plethora of flavors and at that moment, all I wanted was solitude to sink in the experience. 
Just when my senses were returning, Warm Choco Pudding and Linzer Torte made an appearance and were literally growing on me with every bite. The decadent chocolate pudding and in-house ice-cream was mesmerizing for vegetarians at-least. Linzer Torte deriving excessive sweetness from the Jam was bit off but the tiny cinnamon bites made a gracious attempt to balance the taste. 
The mocktails were just right, what you generally get at such places and nothing extra-ordinary. The dominating artificial flavors in my Virgin Mojito irked me, rest no complains.
The service was such that it elevated the dining experience to a new level. The Servers were not only attentive but took immense care while we were juggling between two tables to click pictures. The turn-around time was quick which reflects the co-ordination within themselves. The interaction with Chef Sunil Sunkavalli and the Management exuded warm vibe and their knowledge on the cuisine and concept left us impressed.",4,"2017-09-16 02:16:44",149,1676,20
"3589451","#Feedmehyderabad #InviteByManagement
Chama Gaucha, Labanese and Brazilian Grill restaurant, located on the roof top of Radisson Hyderabad Hitec City, is a beautiful, breezy roof-top place by the swimming pool - a place you would go to after a long day at work for a couple of drinks.
Since I was invited for the Oktoberfest promotion, needless to say, beers like Stella Artois, Hoegaarden formed the most important part of the evening. 
Cabbage Soup that came along with assorted breads was great. Apple and Fennel salad was good too. Grilled cottage cheese platter came along with a portion of mushrooms and creamy mashed potato. While paneer was great, mashed potatoes had no flavor and had no salt. 
Overall, it is a nice place. Service is very slow and it isn't an ideal place for a quick meal.instagram.com",3.5,"2017-09-09 17:17:21",279,1947,8
"260065","Chama Gaucha (which literally means “Flames of the South American Cowboys”) is the rooftop restaurant which brings Brazilian food for the first time to Hyderabad. Located at the rooftop next to the swimming pool and Velocity bar, the al-fresco seating overlooks the open kitchen. Churrasco in Brazilian is essentially barbecued meat, and the restaurant specializes in this. A churrascaria grill has been installed in the kitchen to prepare South American style barbecue. The imported meat grilled in the kitchen uses select South American spices and marinades.
Apart from Brazilian the restaurant serves Lebanese cuisine too. Mezze platters, falafels, shawarmas and shish touks as well as sweets like Basbousa and Baklava are all available. 
At a bloggers table, the restaurant served some signature dishes from the menu. We started with some bread varieties served on the table, the highlight of which was Pao de Quijo, a small and round Brazilian cheese bread. Mezze’s (hummus, labneh and moutabel served with pita bread) and couple of salads were next. 
Among the starters, Chicken Shish Touk and Fried Camaroes (crispy fried panko prawns) impressed. However the main dish from Churrascaria was Coxa De Frango, chunky chicken pieces marinated in a Brazilian sauce and grilled. The chicken, served along with rice and Abacaxi Assado (honey glazed grilled pineapple) was excellent.
On our request, the chef prepared some Australian Lamb Churrasco. The meat from the skewer was directly served on the plate. The rock salt rubbed on the meat made the preparation a bit salty and the meat in my opinion was a tad overdone, but still I liked the smoky flavoured dish.
The place also serve pizzas, pastas and burgers, of which we tried the Chef’s Special XXX Burger with fillings of roasted chicken and chicken salami.
The dinner ended with Dulce De Teche Tiramisu, which lacked the coffee flavour. 
I would revisit the place for mainly the grills. A few dishes on my radar are Costeleta De Porco (Belgian pork chops) and Seared Lemon Tuna. 
Visit my chronicles at:",4,"2017-07-08 21:32:18",331,4009,8
"319205","Chama Gaucha is setup as an open-air lounge on the terrace of Radisson Hyderabad Hitec City. I was invited to a tasting session featuring signature dishes pre-selected by the Chef. As I settled in, I was offered the Grande Bastardo. This turned out to be a fantastic concoction of Bourbon and White Chocolate that paired beautifully with Camaroes - fried panko crusted prawns marinated in garlic white wine sauce and spiced with peri peri.  Acaraje, a traditional Brazillian street food, is another great pub grub and the succulent Chicken Sheesh Touk from the Mediterranean grills was also quite impressive.
We were served two dishes from the Brazillian gril - Coxa de Cordeiro and Coxa de Frango. The former is grilled Australian leg of lamb while the latter is grilled Chicken legs. A Churrasco is traditionally beef, so I was a bit disappointed to not see it being featured at Radisson. Nevertheless, the Chicken was grilled beautifully and I loved the simple rock salt and paprika rub. The lamb meat was evidently of very good quality, but it was woefully overcooked and also high on salt. The final dish of the evening, Tiramisu, was also a disappointment. It lacked the lovely bitterness of coffee.
The Brazillian grills are clearly meant to be the main draw of Chama Gaucha. Unfortunately, even after two visits, I didn't taste anything from the Churrascaria that made me go 'Wow'. Go there for the ambience and the drinks that are ably complemented by the appetisers, but don't expect too much from the Churrascaria.hydfoodguy.com",3.5,"2017-07-08 19:12:52",128,1095,3
"3053087","Chama Gaucha is a new terrace top restaurant located in the Hotel Radisson, Gachibowli. Pronounced as ‘Shama Gaoosha’, it is a casual dining restaurant serving the Lebanese and Brazilian cuisines. With live music played by the poolside on the terrace top, this place has an amazing ambiance.I visited this place with a group of fellow bloggers for a tasting/review session. A special menu was curated for the evening which consisted of a full course meal....Read full post on mysticalfoodie.com",3.5,"2017-05-03 21:11:21",NA,1366,12
"37732446","The place is wow
..I had a great evening with Mr Aruni and Mr shrinu .redison has got great place on top...I got everything which is i am looking for holli day...the attention is very peace full with aruni. ..they played song which is people looking for.thank you Mr aruni.",5,"2017-03-12 21:43:54",1,28,0
"34624663","Mind blowing food corner for the foodies. Chef take special care of guests, personally accepts the requests. You guys need to try the honey grilled pineapple, harisha lamb, grilled fish, grilled chicken with honey and tamarind glazing. It's more than just money.....with the best ambience open sky restaurant and velocity bar.....",5,"2017-01-30 22:05:52",1,37,0
"1672505","A great for a nice date with your loved one. This is located on the rooftop of Radision. There are table placed  around the pool and the ambiance is quite laid back. 
There is live music which is pretty good.  The service was extraordinary. 
The food was good with mexican touch. 
Would love to go to this place again.
Overall rating :-
Food :- 4/5
Service :- 4.5/5
Ambiance :- 5/5
Price :- 3.5/5",4,"2016-12-15 22:29:32",154,908,0
"1200867","Radisson has opened its door to a brand new restaurant and guess what it serves Brazilian cuisine! Yes you just read that. South American cuisine is slowly but steadily becoming a trend among the epicureans and my gut feeling says that it is here to stay.
Located on the terrace of Radisson, Gachibowli this fine dine restaurant boasts of an open air ambience accentuated with embalming yet incandescent lighting and not to forget the overlooking pool and live music. Yes the ambience is set.
Now coming over to the food we ordered Abacaxi Assado- Pineapple, Cottage Cheese, Arroz Brasiliero, Coxa de Frango which was from their Churrascaria section and we concluded the meal with Cua de Banana and Basbousa.
To begin with each of the items had something new to offer thanks to the ingredients that were unique to Brazil and hence was a welcome departure from anything I have tried before. I especially liked the way how Abacaxi Assado was served. The presentation was immaculate and impeccable.
But what stayed with me is the service. Yes this is something I would want to emphasise on we felt like we were being cordially taken care of and that is what I find is their USP. The chef would actually be more than happy to explain you each of the items and the ingredients that went into it.
Oh yes we were also pampered with complimentary 😃
The restaurant also serves alcohol.
This fine dine is a must visit and we must appreciate Radisson for gifting food lovers with the taste of Brazil.",4.5,"2016-12-09 11:49:11",103,464,10
"553112","#FoodShaukeen #ChamaGaucha #Brazilian #Lebanese #PoolSide
Radisson Gachibowli has come up with South American (Brazilian) cuisine, probably the first in Hyderabad and Lebanese to add to the menu which is no new to Hyderabadis. This, however is their honest attempt to get the authentic flavors to the Pearl City. Chama means flame of passion- the true essence of authentic brazilian steak house (source : internet) , which on a whole means the passion and authenticity that they carry in food and service. Did they deliver it ? Lets find out.
Ambience : This Casual dine, pinned to the pool, does look amazing in their decor. As of now, this place is open for dinners. One can enjoy a candle light dinner along with a new feel of Pool Side with this new cuisine.
Price Factor: This place is located in a star hotel property, Radisson. Expect it to be pricey. Easily a meal could cost you anywhere between 2000-3000 for 2.
This food session was a bloggers table, invited by the restaurant and was on the house. Below review is true to taste and honest in the interest of fellow foodies and restaurant.
Food :
Most of the dishes are prepared with Rock Salt and not the salt that we use daily. Though it tastes pretty much like salt, it's very much subtle when compared to it.
Welcome Drink - Kiwi Crush : Blend of kiwi juice and sprite, tasted good. However, from such a place, I have expected a better mocktail make.
Bread Board - Bread board is one complimentary dish for all the cutomers who visit their restaurant ( this is what I was told), not sure it is for initial period or could be everytime. It had array of breads which had Brazilian Cheese Bread which is made of paramesan Cheese, turkish Pede Bread, Ciabatta an italian wheat flour bread served with butter,cashew & spice sauce and olive & broccoli sauce. I liked the breads and when dipped in sauces they were tasty.
Pita Breads served with Hummus, labneh,moutabel,tabouleh and marinated olives.
Pita Breads This was beyond words. Probably the best dish I have liked in the whole dinner spread. Very soft that it almost melts in your mouth. It also had their restaurant stamp on it, which looked quite good.
Hummus which is made of boiled chickpea tasted nothing great and could have been better.
Labneh made of yogurt soaked for 2 days along with cream cheese, added to it are garlic paste and lemon tasted good with pita.
Motabel made of egg plants and juice of onions and tomatoes was an okish affair.
Olives served had different varities of it. Green , black and a very rare available kalama olives.
Falafel a common dish in hyderabad if you had lebanese before which is made with overnight soaked chickpeas , garlic, coriander and spring onion did not carry the proper taste and felt that it might need more flavors/spices to make it better.
Coxinha De Frango is a Brazilian appetizer made of chicken mixed with mayo and cooked with flour topped over it to make it fried serve. This cooking process takes about 7 hours to bring out the authentic one and I loved it (y), among others.
Coxa De Frango was another Chicken serve which is made of grilled chicken leg piece, could have carried flavors much better.
Lamb Sheesh Kebab and Fattoush Salad were an OK affair and nothing great.
Cox De Cordeiro made of lamb (not sure if the name is correct) was a bit chewy and were not able to enjoy it for the same reason.
Cottage Cheese , Potato Wedges and Broccoli were fresh and tasty. There was however a lack of 'WOW' factor here.
Baked Pasta and Arroz Brasileiro ( Brazilian bean rice ) were also okish and havent found much of awesomeness in it.
Desserts:
Basbousa - A middle Eastern (lebanse) sweet serve, made of cooked semolina dipped in syrup and also called as semolina cakes, tasted good.
Tiramisu - coffee flavored Italian custard dessert made of mascarpone cheese and cocoa tasted delicious.
Service : Servers are polite and have good knowledge of the dishes. No downs here.
Thank You Prashansa Shahani for the hospitality and special thanks to Chefsunil Sunkavalli for his patience in answering my never ending questions about the recipes :)
Bottom Line: Though most of the food experience was okish, it is still in its early stages to judge. There were few hits and misses, however, after the enthu and passion that I have seen with Chef, I'm sure this place is soon gonna rock. All the best team :)",3.5,"2016-11-26 21:08:41",309,1998,32
