"UserId","Review Text","Rating","Time","Reviews Count","Followers Count","Photos Count"
"43940631","Definitely yummy tasting and unique stuff.
But one thing I really want the owners to look into is hygiene. I loved to order from here but once had been to the place physically and witnessed the store in the middle of their own garbage, I can't bring myself to get that picture out of my head.
A humble suggestion, you are doing great with the idea and flavours, why not do it right by also caring about the hygiene. It's a responsibility that comes with food. You can do wonders.
Their menu deserves 5*, but rating them as a business.",3,"2019-05-18 00:15:19",4,3,0
"45600191","A unique concept of creating mocktails using coconut water and fruits.
The sugar content can be a bit less. Quantity is good for the price.
Must try : Coconut Juice, Coconut Pomegranate mocktail",4,"2019-05-17 20:56:58",14,10,0
"5388971","Ordered 2 x coconut watermelon juices but got only one... All coconut based Juices are very tasty though... Coconut juice (coconut water + coconut malai) is the best!",2,"2019-05-14 22:50:32",2,20,1
"58707256","Awesome taste, juices are thick, low sugary, fresh fruits juice..coconut water with malai is just yummyyyyyyyyyyyyyyyyyyyyyyyyyyyyyyyyyyyyyy",5,"2019-05-12 01:05:42",4,4,0
"71549776","I've ordered coconut juice from here, much to my disappointment it's so diluted and tasted blanc this time. Visited this place personally earlier, loved the coconut juice and expected it to be the same. I hope they would retain their original standards until next time. However, thank you for the service. ",3,"2019-05-12 00:03:41",1,0,0
"1566761","Coconut Juice!!! one thing you so need today ! had it for the first time when this place was just another van out there in the street.. these guys are doing an amazing job to cool you off in this scorching heat in Hyderabad! this one at Gachibowli has the right recipe 👍",4,"2019-05-01 22:40:12",38,397,0
"39611297","I ordered the coconut juice from this place and personally it's the best thing you could have in this steamy summer.
It is tender coconut water blended with fresh coconut Malai and for all those coconut lovers out there, here's what you are looking for !!! It is served chilled and trust me it's a gulp of satisfaction when you take a sip. The packaging is leak proof and for 99 rupees the drink is completely Worthy till the last drop of it. ",4,"2019-04-27 11:45:44",22,92,1
"1969688","I would say a nice idea of experimenting coconut water and milk with many fruits etc. But I think they can cut down a little in their sugar quantity. ",3,"2019-04-22 15:06:19",36,111,0
"41976684","We have ordered three glass of coconut juice without sugar. But the juices delivered were filled with lots of sugar and it completely changed the real taste of coconut. It just makes it too sweet which overpowers the true taste. I would recommend the team to have a look at the instructions before sending item for delivery ",4,"2019-04-16 14:51:05",5,12,0
"51385400","Coco banana was good. The taste of banana was subtle. The taste was well kept to balance both coconut water and banana. As the fruit is ice blended you can see the icy formation on top. A recommend one. Coconut juice tasted like m a mixture of coconut water and grinded coconut. It was sweet in taste. Very happy with quantity. ",4,"2019-04-14 11:12:30",60,16,2
"2842328","The coconut watermelon was just amazing, totally refreshing. While the pineapple one had a little bit of concentrate kinda taste, but watermelon was just amazing. ",5,"2019-04-11 01:51:11",11,146,1
"80263819","Ultimate blending technique with coconut water....
Coconut special juice is awesome contains pure coconut malai chunks and coconut water...
Also... Try coco orange and kiwi mocktails ...
Coco pomegranate mocktail has a blend of coco chunks and mint.... Awesome combo....
Berry blast is a must try... ",5,"2019-04-09 23:48:28",10,4,0
"31413116","Amazing. Keep rocking !",5,"2019-04-06 20:32:43",6,45,0
"104333297","Best coconut juice i ever had in my life.. Just fell in love😍 I will order again. Coconut with malai.. Wat a combination.. Hats off to the chef",5,"2019-04-04 14:39:09",1,0,0
"578289","This place has amazing concoctions. The coconut juice that they make is amazingly refreshing! It would be great if they offered the 300ml glass of coconut juice through delivery and not just the 500ml one. ",5,"2019-04-02 17:15:51",29,131,0
"42741270","The idea of using coconut as the base of all their items may sound strange, but it is well worth a try. Coconut juice is a must try item.
NB: coconut juice can be addictive. Try at your own risk. ",5,"2019-04-01 00:41:59",2,16,0
"3032462","This place is highly recommended. Their coconut juice ( blended with tender coconut) is a must try. Other items (mint coconut juice and watermelon coconut juice) are also worth trying.",4,"2019-03-31 23:51:14",146,332,0
"32732516","The dry summers of Hyderabad demands hydration. I ordered coconut milk shake 500 ml and watermelon with coconut milk and pomegranate with coconut milk.
I loved all the three juices.
Too refreshing.
But it would be really great if they can writr over the content.
As it is ample sweet. I was in doubt if they have added sugar or if the coconut itself is this sweet.
Over all great experience.
Would order again. ",4,"2019-03-30 14:49:27",135,419,0
"35833726","One of the best juices u get with unique flavours..For the first time I tasted the coconut water mixed with the flavours which u like .My personal favourite is coconut with pomo and dates. ",5,"2019-03-21 12:48:04",1,4,1
"52169296","Pretty neat and hygienic, they gave us the idea that so much can be done with coconut water, which was just a plain summer drink for us. I loved the kiwi and coconut drink the most. ",4,"2019-03-18 02:06:22",108,241,0
"54372212","I drank coco watermelon here it's sweet mixed with coconut and watermelon in a perfect mixture it's like heaven which is costing around 50rs.My sister drank coconut juice which is costing around 50rs perfect mixture of sugar and coconut and it's yum.I drank near gachibowli still the hotel is getting renuvated and some construction work is going on their at present.So I suggest you people to drink this coconut drinks in the other branch.
Ambience is not at all good at present and may be it will be good in the future.
Drinks:5/5
cost is affordable.As the hotel is getting ready I have not taken any pics.but a must try coconut juice center.",4,"2019-03-16 22:33:56",58,2003,0
"50071238","What can I say about this little corner we've found. If you drink coconut juice mixed with Malai here and do not go crazy then are you even human!
They make the best coconut juices that could ever have existed. It helps your tummy too.
Highly recommended! 🤟",5,"2019-03-11 00:41:23",19,53,0
"48257693","What and where ?
Coco Mint & Coco Orange Coolers from Coconut Juice Bar
What it got for me ?
Coco Mint is just a perfect soothing one with right blend of coconut water n mint while Coco Orange tasted more like mix fruit juice.
And price ?
Rs. 99 each !!!
.
.
.
Keep following @mrsfoodieglobetrotter for more !atoneplaceonline.com",4,"2019-03-10 11:45:11",85,190,0
"39819841","I had ordered the most popular item from their menu, the coconut juice. I love tender coconuts. But didn't know that the blend of tender coconut water and the copra(malai) can be this amazing! This drink is very tasty, refreshing and energizing. The freshness of the coconut is worth all the money.
The packaging was pretty good and 500ml for a juice is quite a lot. ",5,"2019-03-08 22:47:33",18,41,1
"40178193","Wrote about not adding sugar in additional instructions but the restaurant didn’t seem to pay any attention to it. Not once but it happened twice. Very disappointing.",2,"2019-03-07 15:37:15",18,18,0
"34866082","You can easily spot this place huddled closely with other eateries, just opposite to DLF gate. Tried their coconut juice which is a blend of tender coconut flesh with coconut water. Extremely soothing I must say. Definitely going back for more!! ",4,"2019-03-04 21:27:53",43,314,1
"57917373","I thought it's pure cocount juice but never expected that they add sugar in coconut juice. Really waste of ordering from coconut juice bar..",1,"2019-03-04 01:25:07",3,0,0
"2317944","Coconut Juice! Yeah, it exists.
I love drinking coconut juice and when ever I see Coconut Juice on a menu there is a twinkle in my eyes.
🥥Coconut Juice Bar has many juices made with coconut water as it's base. Nothing excites me like coconut juice and I jumped in to order one.
🍹Fresh coconut water blended with tender coconut malai makes it a healthy and tasty refreshment to have. The white texture of this resembles Toddy. Delivered quantity (500ml) was a lot for a person and there was no size customisation.
🍶Who doesn't like to get coconut water delivered at the door step? Fresh 500ml coconut water was good.
PS: I love coconut juice 😍.",4,"2019-02-20 15:23:46",81,869,1
"57834788","I love this Juice bar and a frequent customer to this juice bar for Coconut Juice. This time I didnt like the taste, I can feel some burnt food smell and taste. Request the shop owners to take proper care while preparing.",4,"2019-01-26 18:28:23",2,0,0
"33131538","Good delivery and punctual",5,"2019-01-07 01:29:27",2,27,0
"54264592","VERY GOOD",5,"2018-12-30 13:34:43",3,1,0
"31223315","Coconut Juice - It’s really amazing. Must try for all the Coconut lovers.
You get juices from all flavours with coconut, prices are also reasonable.",5,"2018-12-29 20:01:06",21,14,0
"31346027","A unique combination of coconut and cream makes the coconut juice a must try here...their are other various combinations of flavours along with coconut as well...I liked it :)",4,"2018-12-28 13:53:21",4,27,0
"63854740","Good one juice like coconut with mixture of dates and well packed. Really enjoyed the taste of it and enjoyed with friends. Will get back soon. ",4,"2018-12-26 19:39:52",3,0,0
"51385400","Coco date smoothie was amazing. Definitely one of their best items on menu. Coco kiwi tasted good. Loving these healthy drinks and the concept  of coconut as base.",4,"2018-12-26 19:06:46",60,16,0
"33257364","Ordered through zomato, good packing and smoothie was not thick, coconut milk based shake. Overall good worth for the penny spent. Will go again",5,"2018-12-01 19:57:23",19,6,0
"1071070","Decent place to have coconut water.. priced at 50 and 85 for 300ml and 500ml respectively.. 
there are a lot of juice combinations(coconut water + some other fruit) to try here and the staff was friendly enough to kick-start conversations.. 😄😄",4,"2018-11-28 22:50:40",200,389,0
"50440032","Good restaurant with multiple varieties of coconut drinks,no option for dine in(sitting) only take away option or stand and have. Taste is awesome",5,"2018-11-25 05:03:18",2,1,0
"48975756","not so good, not so bad",2,"2018-11-18 13:23:23",8,1,0
"27313621","I ordered for coco pomegranate but I got coconut juice ",1,"2018-11-11 22:25:28",3,38,0
"52051475","Please improve. You were much better before",2,"2018-11-04 03:52:32",8,7,0
"59014066","k",4,"2018-11-01 23:54:01",1,0,0
"20546164","explicitly asked for no sugar :/",1,"2018-10-28 01:39:17",10,3,0
"68525458","Very good quality of juice at reasonable price. One should have coco-dates juice or coco-watermelon which are my favourite.
Regards
Mohammad",5,"2018-10-24 23:23:52",1,0,0
"40227655","Juice made with fresh coconut water which helps re-energize. Very good staff and they serve very quick.
Definitely try Watermelon.....
All the best",5,"2018-10-24 23:18:26",1,1,0
"77733673","One of the must try outlets when you are at DLF. Finally glad to see a juice bar that is healthy fresh and all natural.Love the service these guys provide. The range of the juices they have is worth mentioning. All the juices are coconut milk or coconut water based and trust me I was surprised more than once with the taste it gives especially the the juice with dates and coconut water.",5,"2018-10-24 22:08:57",1,0,0
"38139989","Superb intervention, I go there everyday, juices are awesome.. I would definitely give more stars if possible. It is a natural drink and everyone should definitely try it. Moreover it is not costly and very affordable. For sure u will love i ✌",5,"2018-10-24 22:07:46",1,0,0
"57148995","Very fantastic Juice bar...Which serves all varieties of juices ...The flavours are very Good...It is located at the DLF BUILDING ...Do visit this place",5,"2018-10-24 22:01:01",1,1,0
"55516042","It was a pleasant to see a healthy juice corner in DLF.I like the concept that all the drinks were based on coconut water,tender coconut Malai,coconut milk and fresh fruits completely natural....I have tried COCONUT JUICE AND COCONUT DATES both tasted very refreshing and did not overpower the coconut taste...
overall the service is very good and this place is definitely worth....",5,"2018-10-20 17:16:33",1,1,0
"52051475","No coconut lemon or honey. Disappointed ",2,"2018-10-15 01:39:47",8,7,0
"52051475","Heavily diluted ",3,"2018-10-14 04:14:37",8,7,0
"47260910","Ordered coconut mint cooler from this restaurant and it was good and reached my expectations. So, I ordered another flavour coconut malai via pickup  just to see how this place was and its ambience.
It was good and it is only for delivery and no seats available. Overall the taste was good ",4,"2018-10-09 19:58:35",8,3,0
"377245","I have tried their 4 items. Out of 4, one turned out to be good which is dates smoothy. Idea behind the menu is different however smoothy and shakes need to be milk based, it can not be coconut water based",3,"2018-10-08 22:02:13",24,48,0
"31008988","This juice bar is located just near DLF gate 1. The offerings are extensive considering the fact that everything has either coconut water, malai or coconut milk. I usually order the coconut juice(500ml) which come in variations of 100ml/500ml and a litre if you are visiting the place physically. The juice is basically tender coconut water which is blended with coconut malai. It tastes great and is very much refreshing. Overall the service is good and this place is definitely worth the money you spend.",4,"2018-10-02 10:49:58",192,866,0
"51150485","Super coconut juice, pomogranate is also awesome Which mixed with coconut water , they have to expand as soon as possible to every area.
Thank you for the out put",5,"2018-09-22 19:11:14",2,1,0
"68920188","This is the best place to drink healthy juices. There coconut juice & coconut date are really super must try place to every hyderabadi . We know Health is wealth, i think we can buy health here",5,"2018-09-22 15:25:27",1,2,0
"2519990","They used to be the best. But recently when I ordered the dates coco dates smoothie, they delivered coco dates water with a tinge of rose water for some reaaon! Another one goes down the drain after a rockstar beginning!",1,"2018-09-21 19:17:52",28,36,0
"39669440","He's really good. I liked his politeness ",5,"2018-09-17 00:27:26",5,33,0
"63934864","very goog",5,"2018-09-16 23:17:43",2,0,0
"34424653","best in finding location....",5,"2018-09-15 21:37:07",3,15,0
"27921088","It was a pleasant surprise to see a healthy drink corner in DLF. I really like the concept that all the drinks were coconut milk,water or malai based , completely natural without any added sweetener. 
I have tried the Coco mint cooler and coco kiwi mocktail, both tasted very refreshing and did not overpower the coconut water flavor.
The price may seem a little on the higher side but considering the ingredients used its worth a try .",4,"2018-09-04 00:51:34",95,299,0
"37898068","they are not mainting the quality. earlier it was very pure and good to taste. but now its diluted. the quality is reducing day by day,they have to look into this",3,"2018-09-02 19:03:34",1,1,0
"45449710","Writing this after tasting the juice for morethan 20 times.
They failed to maintain the same quality. Its decreasing day by day . Not so pure now. 
Service was quick ✌️ ",3,"2018-08-27 01:46:32",88,201,1
"51772669","quality is reducing day by day. I think pure coconut juice is not used. included lot of coconut milk ",3,"2018-08-24 23:26:13",5,1,0
"55737294","Super",5,"2018-08-15 21:39:26",2,1,0
"35017821","I visit this place especially after mid nights. The place is open till 4.00 am in the morning. So the best one to order is the coconut juice which is mixed with Malai. Even tried their coconut dates shake. So if you are looking for a healthy drink may be you can try your coconut juice bar.",5,"2018-08-10 21:26:41",38,54,0
"51531379","good",5,"2018-08-09 00:01:30",5,1,0
"62536645","nice time below time ",5,"2018-08-05 00:04:12",4,2,0
"54918445","good",5,"2018-08-03 21:58:45",2,1,0
"63478990","superb",5,"2018-08-01 23:45:55",1,2,0
"44520021","It's good but not awesome",3,"2018-07-29 20:40:23",15,1,0
"52051475","Too good. ",5,"2018-07-29 02:13:53",8,7,0
"34774600","Coconut Juice with Malai blended in it..uff! must try 👌👌👌 it won't be as thick as original Malai coz of course, it's blended. but the taste is so original and good.. my favourite drink.. this was the second time I ordered ❤️",5,"2018-07-28 18:55:01",22,161,0
"51573488","worst, no quality ",1,"2018-07-27 22:35:40",0,1,0
"48254174","good",5,"2018-07-26 23:02:34",0,1,0
"42958085","rates are  high",3,"2018-07-26 00:53:00",0,1,0
"50727011","",4,"2018-07-25 22:43:18",3,1,0
"51141712","juice is not so great... it is just coconut water ",1,"2018-07-24 02:02:37",2,8,0
"32546129","kkk",5,"2018-07-23 19:15:57",5,0,0
"15614753","descent juice.",4,"2018-07-22 04:00:47",1,77,0
"39690387","very fast delivery!",5,"2018-07-22 02:48:53",1,1,0
"34387047","juice is amazing as usually I always prefer ,........................................................................
...... ... . ...............s",5,"2018-07-19 22:03:10",8,25,0
"39884075","Coconut healer was indeed a healer. Thanks for the quality.",5,"2018-07-18 22:28:57",3,6,0
"34387047","sweet taste ..loved it",5,"2018-07-17 01:07:30",8,25,0
"9381871","Really horrible. Mango drink was tasteless and a little sour. Felt stale. The Chikoo drink was very coarse and horrible on the palate.",1,"2018-07-14 22:58:24",8,181,0
"40034501","good",5,"2018-07-09 19:49:15",9,1,0
"59251023","juice was really average.nothing special as described in the description. and the juice doesn't taste like coconut water being mixed in it. hence would say it's a disappointment.",1,"2018-07-07 08:42:08",2,1,0
"35391956","well I have had alot better coconut smoothies before In my life this was just a waste of money, you can make better ones at home actually with 200 RS buy  7 tender coconuts and make a thicker one which ",1,"2018-07-06 01:08:36",29,11,0
"58203504","thanks for best results.",5,"2018-06-28 20:52:08",1,0,0
"47704108","Diluted",3,"2018-06-26 18:22:21",3,0,0
"37401226","As the names says, tried their coconut juice which was good and refreshing. Also tried the mango and kiwi shakes. They use coconut milk in that as well. Was good but they aren't consistent with the quality they had. ",2,"2018-06-23 12:16:29",144,246,0
"30634736","order was delivered at 11.pm which was too late",2,"2018-06-21 23:06:23",1,0,0
"34887212","Perfect location to have coconut juice, since it is surrounded by many other eateries, will serve as thirst buster. Nicely blending coconut water and other complementary fruits, dates, etc is their uniqueness. ",3,"2018-06-19 01:41:22",24,76,0
"29800100","not matching with ordered name..not at all red",3,"2018-06-18 21:27:28",10,6,0
"53169147","In love with this juice i am so addicted to it feels like drinking it everyday hospitality is too good and this boys are doing wonders and delivering quality and pure coconut juice ",5,"2018-06-15 23:44:33",1,1,0
"54216188","everything spilt and the glass is empty ",1,"2018-06-15 22:12:48",2,3,0
"10115491","Loved it 
Simply outstanding ",5,"2018-06-14 00:14:03",3,28,0
"56873171","good",4,"2018-06-10 20:39:45",5,1,0
"51053099","it's nice ",5,"2018-06-09 00:24:35",3,0,0
"50713041","Every juice has a blend of coconut water in it... tried coconut date ... wud rate it as 3/5 average ...coconut water lovers may like different variants of juices with base of coconut water. ",3,"2018-06-07 22:38:08",7,1,0
