"UserId","Review Text","Rating","Time","Reviews Count","Followers Count","Photos Count"
"86145462","Restaurant looks simple. They use fresh fruits to make juices. Taste is good.
Fruit salad and Sandwich is very good. They given good quantity.",5,"2019-05-08 15:05:52",1,0,0
"63808223","My children's and my self had a great snacks and juices. Milkshakes are tasty. Fruits they use fresh and taste is awesome. Cool we can visit again when we visit the AIG Hospital.",5,"2019-05-07 12:21:56",1,1,0
"65281871","Sandwich, fruit juice and cane juice is good. They use fresh fruits and price is very Reasonable. Restuarand looks very simple. Areawise it is good. ",5,"2019-05-07 12:11:43",1,2,0
"89224322","Taste is good, quality is good 
We can have tasty sandwiches, milkshakes, fresh fruit juice and ice creams here. We can enjoy with this place",5,"2019-05-03 20:19:58",1,1,0
"82055122","This is the worst restaurant. Atleast they can't pack properly and they don't know to give a spoon for fruit salad items. This is worst experience for me with this restaurant",1,"2019-03-31 16:10:43",2,0,0
