"UserId","Review Text","Rating","Time","Reviews Count","Followers Count","Photos Count"
"49697754","The one star is not for food, it's pretty decent.
I visited with my friends and the crowd was really less. We were there for a short period of time and awaiting our cab. The staff was constantly asking ""Aap ka hogaya?"".
We informed that we are waiting for our cab and the one of the staff member pointed out there is your cab.
They just wanted to get rid of us, was the place crowded no? were we eating there for free? no.
Never visiting this place again...",1,"2019-05-15 01:11:11",5,3,0
"98090963","This is the quantity of chicken garlic fried rice.... Everything we ordered is of so less quantity.... Terrible I hate to spend 800 and still be hungry... Total embezzel",1,"2019-05-14 00:46:15",1,0,0
"38709627","Litti chokha lovers missing this delicious dish in Hyderabad can definitely give it a try. They serve litti with 3 variants of chutneys, chokha and salad.
Chokha was a mixture of potatoes, tomatoes, brinjal, garlic and green chillies.
Littis were properly baked and had sattu in it. Overall a healthy dish. I also tried mutter panner here. It tasted good.
The vibe here is happening with good music and they also have birthday celebration space.
I would recommend this place.",4,"2019-05-06 16:12:02",6,2,0
"36531659","This place is becoming a nice go to place in the recent times. Live music, affordable pocket friendly food and good service! Litti chokha is one of my favorites here!",3,"2019-04-28 01:13:21",44,65,0
"33520116","Ordered litti chokha seing good reviews. They sent 2 littis with chokha, two chutneys, onions and lemon. The littis were good enough however the chokha was bland..the only taste i was getting was of mustard. No freshmess of coriander, flavour of garlic, or onion taste. Both of the chutneys wrre tasting almost the same. The only dominating taste was of raw mustard which overpowered everything. The food lacked freshness. They need to work on making fresh chokha with fresh flavours.",3,"2019-04-22 21:54:51",25,33,0
"15672861","Its an open space eating place famous for their litti chokha. Although they have a range of options to order.
Recommend this place if you want to try litti chokha. They serve it with chokha and 3 types of chutni.
The service is very slow so you need to be really active to ensure that your order is through. ",3,"2019-03-18 12:22:02",111,688,1
"15757312","From long time was thinking to go this place for Litti  chowcha. Today was the day we went for dinner.
This was best litti chowcha I had after I left my home town.
Just @100
Must try  litti chowkha.  
People was thinking what  is litti chowcha, it is the famous dish of Bihar.
Food : 5/5
Value for money: 5/5
Service: 4/5",5,"2019-03-03 21:02:42",141,1637,1
"29609196","Open air ambience.. Just beside road.. Live music..
Specialty - litti chokha.. With the best chutneys.
Please don't have momos they suck..
I can just recommend this place for fresh air with litti chokha and nothing else.. So all 3 stars gors to litti chokha.",3,"2019-01-19 23:10:36",24,8,2
"53320694","Litti chokha was yummy. Although delivery took more than displayed time. Liked them delivering 3 types of chutney as well. Will order again.",4,"2019-01-06 17:05:25",2,0,0
"2698312","Not good and my experience is not at all good . The litti chokha is very hyped here but I do not feel the same it was below par . The other food experience is also not good ",1,"2018-12-26 22:40:03",24,25,0
"69194777","Best place for hangout and I can say it a saviour for hungry people. Food quality and quantity both are good.
We have order chur chur naan combo in which they give you 2 stuffed naan, daal makhani and raita and it was yummy😊",5,"2018-12-17 01:18:59",19,10,1
"661655","Amazing place to unwind. Must try chai. Very live place, perfect for late night chai. One of the coolest hangout place in Kondapur. Must try",5,"2018-12-16 23:09:52",3,64,0
"2125650","This is THE place for Litti Chokha. (drops the mic)
Food : 4.5/5 The Litti Cokha is just amazing, sitting in Hyderabad and getting such quality food that reminds you of your home town stalls is really something. Would have been nicer if the Chokha was a bit more hotter/spicy. But understand that such taste would not go well with lot of foodies here. I have gone there again and again for Litti Chokha and have very rarely tried other things. This time tried the Chinese plate and really liked that too.
Service : 3.5/5 It was a self service join which now services your table. Timely service and good behavior there is very little more to expect.
Ambiance : 3/5 Has a very nicely maintained outdoor sitting beside road.
Price : 4/5 The place is very reasonably priced for Hyderabad standards (though 2 litti for 100 bucks might sound expensive to someone from east India ;) ).  Portions are good and taste is impeccable.",4,"2018-11-15 01:51:00",78,1608,0
"27946284","The litti size was splendid. The chokha was perfect and the three chutneys along with lemon and onion was simply too good. Really loved everything.",4,"2018-11-04 21:38:36",174,522,0
"43387277","Love litti chokha.. littis were well stuffed, aloo baigan and tomato chokha was awesome.. they are serving 3 chutneys too along with that. If you are a litti chokha lover and living in hyderabad, visit them.. you will definitely love the food. ",5,"2018-11-04 12:15:28",1,1,0
"38812558","felt like having home made chicken ",5,"2018-10-04 00:18:56",8,1,0
"29183784","Litti choka/chicken litti choka is the dish which one should go for in this place. It drags me here every time and mesmerizes my taste buds. A plate of it will full ones stomach. Taste is quite good. Quantity is sufficient.
Have not tried other dishes, but would love to try them too.",3,"2018-09-23 01:17:33",2,15,0
"48878121","I have ordered chicken hakka noodle,chilli paneer its was mind blowing..its was so yummy,i will like to suggest to give the order from this restaurant....the packing style is also good...thank you...",4,"2018-09-21 19:53:08",30,9485,2
"38812558","yummy 😋 extra 1 * for wonderful taste ",5,"2018-09-16 23:27:29",8,1,0
"60688413","amazing food",5,"2018-09-16 17:57:08",1,0,0
"3167193","extremely pathetic and third class service. no cleanliness. ordere simple noodle, after waiting one hour waiter comes and tell he forgot. will never ever go again and recommend not to go. this place should be closed.",1,"2018-09-15 23:52:14",4,16,0
"65990944","Very poor service, we ordered through zomato in this restaurant but they automatically cancelled the ordered without even calling there customers and rather than being sorry they are are blaiming us of not picking up the call.....
Extremely pathetic of this restaurant as well the delivery boy...
I am sure I am not going to use zomtato or this restaurant services in future...",1,"2018-09-14 23:58:38",1,0,0
"843691","Good food ",5,"2018-09-12 12:35:45",2,0,0
"46677550","Litti Chokha* This is actually they're known for .. back in Patna they're serving on of the tasteist litti in town.. But if we really see for something mouth watering near me.. With a budget of 90 bucks .. I really don't recommend if you're not in search of *LITTI CHOKHA* They're good but They can be much better.. I hope you'll know after tasting it once. I don't really believe to spend 90 bucks for a litti Chokha when I'm hungry and have more options in this price..😁",3,"2018-09-11 13:30:08",38,556,1
"38263316","food was tasty",4,"2018-08-29 23:14:49",4,1,0
"31681730","Pathetic quality of food!
Waste of money and the chur chur naan I ordered was a disaster.
It was so so soggy and made up of such dough and had lumps ,
Horrible!!!",1,"2018-08-18 01:21:51",1,30,0
"63366893","good ",5,"2018-08-05 15:04:02",3,0,0
"63041009","1",1,"2018-08-01 20:20:19",1,0,0
"34815980","Awesome food",5,"2018-07-30 22:04:50",3,2,0
"41264077","very late by hotel",3,"2018-07-30 01:53:37",1,4,0
"4502511","I ordered Egg Mushroom Fried Rice. The food was rather spicy and I think the quantity of vegetables in the Fried rice should be more. overall it was just okay. Would not prefer to order again the same one. ",3,"2018-07-28 22:23:48",77,669,0
"45909324","Food taste was good and quality was also nice.",4,"2018-07-22 14:43:09",6,11,0
"51320372","Worst noodles i hav ever had. ",1,"2018-07-21 22:32:16",3,2,0
"52061403","the taste was very good but quantity was less",4,"2018-07-19 20:58:50",1,10,0
"46755009","the food was horrible i have ordered chicken wings chilly and the food that i recieved was totally burnt..the worst food that i have seen in my life.",1,"2018-07-19 02:08:44",1,4,0
"50887688","Roti delivered was very bad and was smelly half cooked",2,"2018-07-18 14:13:34",4,14,0
"45759202","So less quantity at so high rate",2,"2018-07-16 22:23:05",2,1,0
"55866635","deluvery pwrson hv no idea about route.. ",1,"2018-07-14 18:55:14",2,2,0
"34341481","They food is tasty but they misplace a lot of orders. It's a small place and a good option to budget dinners. The way they pack the food is really exceptional.",3,"2018-07-14 18:49:01",27,431,0
"51809944","very nice",5,"2018-07-14 17:23:01",4,14,0
"44529513","Good",5,"2018-07-13 22:48:10",8,3,0
"52514352","cheating at midnight...this will not be tolerated in India...this has violated my right to food ....the sample size was too small...seemed like more of chicken lollypop ",1,"2018-07-13 01:26:21",4,0,0
"36872163","less quantity",1,"2018-07-09 00:21:39",3,1,0
"59180519","it was delivered 25 min late",2,"2018-07-08 16:24:39",1,0,0
"59395880","FOOD WAS TASTY...QUANTITY OF CHOKHA WAS SUFFICIENT...BUT PACKAGING WAS NOT UPTO THE MARK..AND THEY CHARGED 15RS. FOR IT..NOT WORTH IT.",4,"2018-07-08 10:53:02",1,0,0
"37043255","Worst ever litti choka i had. It was literally stinking. Will never recommend anyone in future. Dont even deserve 1 star.
Food was not properly cooked and oil used was of very poor quality. Will prefer mess food over this. ",1,"2018-07-07 22:39:21",3,198,0
"31001251","horrible experience...",1,"2018-07-07 22:22:14",1,22,0
"1609786","The thali I ordered is incomplete",1,"2018-07-07 22:10:43",6,90,0
"59757149","No taste waste of money ",1,"2018-07-07 22:09:51",1,0,0
"56129607","so yummy",5,"2018-07-01 14:40:45",1,1,0
"46675607","not bad ",2,"2018-06-29 01:17:44",5,2,0
"41501376","food was bad ,chappati was excessively burnt",2,"2018-06-24 14:21:25",3,3,0
"29251233","superb",5,"2018-06-24 14:01:46",2,1,0
"1460146","Food was amazing. Lived the mix veg and Dal makhni. And delivery was quick too.",4,"2018-06-23 16:19:48",36,29,0
"14620441","no cultnery with food.soup was delivered in pouch .how a person is supposed to drink a soup from a pouch and soup taste was also little odd.",2,"2018-06-19 13:36:06",22,8,0
"46068683","usually food was good but not good today",2,"2018-06-18 01:27:05",2,7,0
"57309296","food ganda. alo gobi ganda.batter nanna  say not apply batter.onion ganda.",1,"2018-06-17 23:29:08",2,1,0
"46068683","Good North Indian food restaurant",4,"2018-06-14 21:13:03",2,7,0
"36582847","Biryani was not at all good, worst experience with biryani in Hyderabad",1,"2018-06-12 08:41:40",27,1824,0
"50902115","good ",4,"2018-06-09 18:26:59",1,1,0
"51958669","Good taste of egg hakka noodles",5,"2018-06-09 10:45:16",2,1,0
"33160910","It's a shack located on the Kondapur-Gachibowli road, just beside Glocal Junction. The service was quite fast and prompt, but the food portion was less w.r.t the price. They serve only 2 small leg pieces for 120/- whereas you can get 4 pieces for 160/- at Siddique, where it tastes far better. The music system is great, with some heavy bass and a good playlist. There is an open seating, which can be a big problem during the rainy season !",3,"2018-06-07 13:26:17",93,240,0
"55140164","great food ",5,"2018-06-07 01:34:33",2,1,0
"46188375","not good",1,"2018-06-06 23:51:44",2,1,0
"52472331","very great service",5,"2018-06-06 21:16:30",2,1,0
"32506978","I got very sick after having this food",1,"2018-06-05 08:30:40",3,1,0
"55679347","good",5,"2018-06-02 22:23:05",1,1,0
"43518980","really the best momos i had in long time
but didn't serve moat of the time",5,"2018-06-02 00:52:06",4,1,0
"33657994","packing/serving/presentation was not good. it could have been done in a better way in order to maintain the food authenticity, presentation and the taste. i have ordered chur chur naan combo and it was like as if i am eating some ""aalloo halwa"" and portion of daal and raita you serve is very less for that naan.",1,"2018-06-02 00:27:33",6,4,0
"31026422","Ordered two times from this place
1st order
Chicken soft noodles and Chinese lollipop both tasted really good but I am disappointed with the quantity of lollipop for 160 only 4 piece can be increased
2nd order
Litti choka and chicken curry must say chicken curry is excellent and litti choka also really tasted good ",4,"2018-06-01 15:08:38",91,114,2
"42712058","I had visited this outlet on 26.05.18 it is a small open air food court where we can find starters to biryanis. I had visited this place to have bihari,s famous litti chokka along with masala sweet lime soda. The litti chokka is very tasty and tastes same like  which i had eaten when i visited patna. Over all   good place with nice music and very good food.",4,"2018-05-31 09:49:27",17,23,0
"420074","Momos was not gooddo not know how to make. stuffing was of spring roll.",3,"2018-05-29 17:41:32",11,25,0
"38725335","good",5,"2018-05-28 20:49:50",1,1,0
"37897383","Ordered Dal Makhni with Rice but Dal Makhni with Roti. ",1,"2018-05-24 00:30:50",1,0,0
"52304433","very bad item",1,"2018-05-20 22:09:43",1,1,0
"54524961","received incomplete order",1,"2018-05-18 23:13:16",1,1,0
"29677169","Aloo curry was old and smelly. ",1,"2018-05-18 23:07:47",2,0,0
"42468049","paneer is ok. but soup is not at all good .. packing is worst",2,"2018-05-14 19:33:29",2,1,0
"34913531","portion size is very less! and the taste? don't even ask! totally a  waste of  money!",1,"2018-05-14 18:28:48",1,0,0
"54152394","Good ",5,"2018-05-12 00:19:26",1,0,0
"35638908","less choka provided",1,"2018-05-09 22:26:16",2,14,0
"43408562","not so good",3,"2018-05-09 20:29:42",1,1,0
"48081708","no taste ",1,"2018-05-08 00:01:55",2,1,0
"9749941","very avg litti. chokha was worse or stale. paneer tikka was painted in orange color. and everything was packed in plastic bags. very inexperienced way of delivering. overall not recomend.",2,"2018-05-05 19:24:58",4,35,0
"9125531","Ordered through Zomato. Delivery was fast. 30 Mins on Top.
Tried Litti Choka. It was OK OK.  
I tried few other places also, it could have been better. 3/10
There was a lil bit of Bitterness.
Could have been better.
Chicken Tandoori was Fine. Soft. 6/10
Looking for more",3,"2018-05-04 21:05:03",5,1,0
"32509115","This open air restaurant situated right at the mouth of the Whitefield turning, has branded itself as a Chinese and North Indian restaurant, but the Chinese on offer was not good at all. The soup we ordered had a weird taste, and we did not dare to venture further into the chinese menu, the restaurant had to offer.
The Litti chokha on the other hand was pretty good. And, they even claim to serve the best litti chokha in town. Can’t say whether it’s the best or not, but they did get it right.",3,"2018-05-02 16:55:44",117,980,0
"1001398","I was passing by that road and was instantly connected with the restaurant's set up and live music. Its an open air and add to that is the soothing live music.I thought of trying a quick snack and the staff helped me choose one. Litti chokda was the dish.it was delicious. Then I presumed to order some pander makhani and burtter Roti. It was nothing short of heaven ! Loved it and would go again..",4,"2018-05-01 00:10:47",40,150,0
"30730121","2 times item missing",1,"2018-04-27 21:37:06",3,0,0
"53843028","good taste 👍",4,"2018-04-23 02:29:03",7,8,0
"37498444","excellent",5,"2018-04-21 15:05:11",7,11,0
"3075489","These guys have done a very great job wonderful food taste was amazing specially the chur chur naan
Serve with dal makhani and raita
Resonable price!!
Awesome!!!",5,"2018-04-20 14:45:40",1,28,0
"45933753","good",4,"2018-04-20 13:53:19",5,2,0
"51074419","We always prefer the combo. It was always excellent. Today we opted for multiple items takeaway.. Chinese items. There was no flavour in anything, neither there was any chicken!! The chicken majestic was only besan! No chicken! Four pieces in whole of chilli chicken wet.. Noodles and fried rice was so.. So.. The three rating was for the previous combos.. ",3,"2018-04-19 22:43:32",1,1,0
"52793094","perfect food joint for north Indians ",5,"2018-04-19 20:42:01",3,8,0
"47872539","good delivery and taste.",5,"2018-04-19 00:35:50",1,2,0
"46861540","worst chicken lollipop😡😡😡",1,"2018-04-18 23:22:33",2,3,0
"51278401","...",1,"2018-04-18 18:13:45",5,1,0
"48597458",", forest food",1,"2018-04-17 07:12:41",2,25,0
"53390636","delivery boy was rude and talked rubbish things . also zomato representative confirm that it will get credited to zomato wallet but still it has not happened ",1,"2018-04-15 14:20:51",1,4,0
"38840535","Amazing taste of litti chokha good job keep on going like this bringing the taste of north in South I'll keep on ordering if you maintain your food standard.",4,"2018-04-14 19:47:30",1,1,0
