"UserId","Review Text","Rating","Time","Reviews Count","Followers Count","Photos Count"
"40984746","The taste and quality of the food here is on a slippery slope. I used to love the Boston creme donut. What once used to have a juicy, creamy filling is now a miser's dab. Burgers have also lost their taste and are mostly insincere. ",2,"2019-05-03 14:25:21",12,2,0
"43366185","I have eaten at this place a couple of times before and the donuts were decent. But today, we picked a few donuts to take home and when we tasted them, they felt so stale and tasteless, as if they have been made at least 3 days ago. This was definitely not expected from them",1,"2019-04-20 22:47:08",4,3,0
"30269167","The donuts were not fresh, it was pathetic in taste, worst donuts ever eaten. I ordered three donuts in which two was completely uneatable and the third one was also stale and had a bad smell(The smell was like a chemical added)",1,"2019-04-17 13:54:41",1,1,0
"1030257","Stopped here to have a Americano and a Boston cream donut. The coffee was good but the donut 🍩 did have less or no filling at all. I’m not sure if all these places have the same procedures for hygiene coz I bit into something I did not want at all. The staff did apologise but it wasn’t a pleasant experience. The place did not look like it was taken care I expected dunkin had the same standards thru out the world.",3,"2019-04-01 16:01:34",14,2,1
"39452908","We have ordered dunkins but it was not fresh and no taste 
please don’t prefer this outlet 
It was not baked properly and taste was not good..",1,"2019-03-30 16:16:08",1,1,0
"40482887","This places always serve one the soft and tasty donuts the verities are very good to look and to taste
They do server other menu items a part from donuts but this is mainly a donut place so expect much from the taste of the other menu",4,"2019-03-06 16:35:06",96,144,2
"734533","Bad service.. staff doesn't know english doesn't know about their work.. donuts are bad... Place is also not clean.. I wish Hyderabad opens M.O.D. soon... Not recommended at all...",1,"2019-02-21 00:24:21",4,52,0
"53051138","I ordered 3 donuts online and all of them were hard and not fresh. And not edible to eat at all. I have no option but to throw them in the dust bin. Very very disappointed. ",1,"2019-02-01 19:23:06",1,1,0
"75847978","I love burgers and donuts here
Specially eclair donut and big joy veg burger 😍
Staff here really very good
Choclate milk shake and fruit berry smoothy are best drinks in cold
Can u plzz deliver upto gulmohar colony ?
If u extend ur delivery places..Dunkin will really get much appreciations",5,"2019-01-31 19:18:28",2,0,0
"2944162","Dunkin Donuts has always been a great donut place according to me. They serve excellent coffee and burgers as well. I particularly love the Naughty Lucy burger, which is an all time favourite.
This time I decided to try their new Grilled Chicken Monster Burger and I was a little disappointed. As a whole, the burger tasted fine but, why on earth did the chicken burger have a layer of hash browns? Such a bummer. 😐
However, the donut did uplift my mood in the end, brining the final rating to 3.5. Man does that 'Death by Chocolate' slay me everytime (pun intended 😂). ",3,"2019-01-25 21:19:43",52,732,2
"38681696","I been to this place on a Saturday morning to have a 🍩, I was really disappointed with the service, in the first place the air conditioning was not working, I still compromised to have the donuts, after having the donuts the staff was not able to give me the bill saying that billing machine is not working, I had to pay the parking fee for my car, since I was not having the bill.
I had a bad experience ",1,"2019-01-12 23:31:33",32,3052,1
"16589305","Located in SLN Terminus on the ground floor, this joint has a good seating and decent ambience.
The place is a bad maintained one in terms of staff and food. A donut shop must have sugar glazed donuts at all times, but initially they refused to serve one.
Finally the donut I had was the Caramel Vanilla, the donut was first served cold despite telling them to heat it. The donut anyways turned out to be a good one, perfectly sweet and hot. The caramel however was not upto the mark.
For the drink I had Vanilla Macchiato, the drink was way different from illustration. It lacked the caramel sauce on top and almost had no taste of vanilla, we also ordered for classic macchiato which tasted the same. So there was no vanilla in my coffee.
I would suggest skip this place and head somewhere else for the sweet cravings post dinner.",2,"2019-01-04 11:06:26",57,446,3
"35563742","Loved the ambience of the place. Also we ordered a box of six classics, and all of them were delicious. Alongwith the popular chocolate ones do try the caramel, strawberry and colour pop ones too. Also do try Hot Chocolate Orange and Hot Chocolate HazelNut, definitely a must try place for me. ",5,"2019-01-03 22:26:56",36,170,2
"34522484","Ordering donuts from this place is a nightmare. They always forget to heat the donuts even after insisting. We have to call the executive and tell the same just to make sure. ",2,"2019-01-02 18:54:11",6,13,0
"50633583","Very tasty donuts 😍 loved the packaging and also the flavour s were different from each other, the donuts were soft and nice :) everyone would love to come back and have them ",4,"2018-12-29 18:52:45",9,7,2
"32345901","The donuts were fresh and tasty. However these donuts were little small in size compared to donuts served in other outlets. The ambience was good but needs a little maintenance like the tables were not clean and there were flies around.
Overall it was good. ",4,"2018-12-28 14:06:12",21,19,1
"2717132","I just came out of this outlet. The food is as per DD standards but the venue lacked basic hygiene and maintenance.
The tables were not cleaned on time and hence it had flies hovering around it. The wipe used for cleaning the table too was so dirty that it left a stench behind after the table was cleanes.
For payment too when I decided to pay through the mobile wallet, instead of the standard QR code or getting a request for the OTP, I was asked to pay the same to the store managers number as their system wasn't working.",3,"2018-12-25 15:01:44",266,1558,1
"1627427","Just 5 mins from my house and been there hardly a few times because I did not quite soulfully enjoyed their donuts. The 'ugh' quotient is missing in the do-ugh-nuts here which makes me do-not do the Dunkin Donuts. ",3,"2018-12-02 00:49:18",74,1134,0
"29974671","Bit Costly..but taste wise its good...almost the taste of usa...good variety of items to choose from. Good place to visit. Ambiance is good also",4,"2018-11-21 07:46:44",76,1402,1
"35883491","Though the brand's famous for donuts, I'd have to start the review with their Burger. After having got bored with McD, KFC and other popular burger places, DD's burgers are just stunning. Also, their bun is slightly different, which tastes even better over others.  The chicken was quite juicy with all flavors dumped in. Unfortunately, it is overpriced!
Coming to their staple food, they are great as well. They got tons of options, so not possible to review all of them here. But, I would highly suggest having their Death by Chocolate.
And, their packaging is great. I loved the boxes they provided!",5,"2018-11-07 20:52:03",97,174,3
"35073815","Had ordered a pack of 6 donuts(mango craze, very very strawberry,Boston creme, eclairs*2 and a rainbow pop). All I got were chocolate donuts!! Never ordering from here again!",1,"2018-11-07 03:54:51",1,1,0
"1477233","Food - 5
VFM - 3.5
Packing - 3.5
Service 3.5
Have been to this place multiple times. This is located at the bottom floor of SLN Terminal Mall. Ordered Heaven Can Wait Chicken burger, Double Big Joy and Big Joy Veg burgers.
Heaven Can Wait was awesome with two chicken patties of pepper and spicy flavors, along with lettuce, cheese and jalapeño sauce. Packing for delivery can be improved though.
The big joy buggers were fine but lacking in sauces.",4,"2018-10-27 13:15:21",77,323,5
"4017041","Very disappointed with this outlet. Ordered four donuts, all four were not at all fresh. The crust had solidified and donut bun lacking any moisture. I am not ordering from here ever again.",1,"2018-10-09 18:44:53",15,56,0
"16224471","The air conditioning was not working. Half of the items in the menu are not available. The staff is limited and took more than 10 mins to take the order. 
My first experience was a memorable one but not for good reasons",2,"2018-09-30 19:36:38",6,55,0
"36918333","Donuts were okay.
Milkshakes and thick coffee was horrible.
AC want working and tables were very dirty.
Wouldn't recommend anyone to visit..",1,"2018-09-30 19:29:14",6,2,0
"27946284","It was quite late in the night when we reached here. Had opted for Veg burger, french fries and fruit berry smoothie. The service was prompt and the food was good.",3,"2018-09-30 11:22:39",174,522,0
"2606632","To satisfy my donut craving stopped at this place. Ordered some donuts and hazelnut iced coffee, I'd give a 5 for the donuts as they were delicious but the hazelnut iced coffee was bad, it was very diluted and tasted almost like flavored water.
I love their donuts but drinks should be made properly too, please look towards it.",3,"2018-09-22 23:27:26",56,116,2
"39462919","This place is severely understaffed. Very hot in the afternoon. AC does not work properly. Tables not cleaned unless asked. Donuts are tasty though. Will not visit this place again. ",2,"2018-09-22 15:32:49",1,0,0
"910659","Have been there couple of times.
1. Great ambience and a nice place to hangout with friends. Spacious and well arranged.
2. Staff are well managed and kind.
3. I had caramel and chocolate donuts, veg burger. Taste was awesome
Overall a nice place to spend time with friends over a coffee and a donut.",4,"2018-09-17 12:16:09",7,12,0
"32612312","No burgers! Oven is broken, no AC. Why are you open? We usually get takeaway burgers, and this is unbelievable. Very Poor management. I wish they will improve there service because the location is excellent.",1,"2018-09-16 12:37:28",10,2,0
"48372980","Ordered online from ola cravings . Donuts were not fresh. I ordered twice . First time the donut was good but Second time i got some stone in the donut which completly spoiled my taste.
Food - 2/5
Delivery - 5/5",2,"2018-09-14 16:43:58",90,148,0
"29821442","The picture says everything! How delicious they were! Best donuts in town for sure! Little cosy place for chitchat! Pocket friendly! Good service and nice location! Will try something else next time..",5,"2018-09-01 23:18:07",187,2858,1
"39542452","I made online order for ""Pack of 6 All time favorite"" donuts. The donuts were not fresh. Waste of money! What is the point in having fancy packaging with bad quality food.",1,"2018-08-28 17:43:17",1,6,0
"33503433","Landed up here on a Saturday night after shopping a couple of stuff. Following summaries my experience below-:
Ambiance- The ambiance is of a coffee shop and quite a typical one of Dunkin. The walls seemed somewhat empty as compared to the Dunkin outlets I have been to in Pune and Mumbai. Ample seating for say 30 people. 3.5/5
Service- You pay at the counter and he will hear your doughnuts and you take them yourself to your seat. It is an entirely self service type of mode. Nothing extraordinary. 3/5
Food- We tried the following two doughnuts-:
Kit kat doughnut- The doughnut was very fresh but the kit kat taste was okayish, not exactly of it. The chocolate factor was also less. The freshness and the typical dough taste gives this a 4/5.
Mango doughnut- Literally no taste of mango but again the yummy freshness dough taste which won my heart. Just for that 3/5.
Will I come here again? I like just one here which is Ugly Strawberry. Do try that if you like strawberries.",3,"2018-08-22 15:32:53",316,1157,1
"47851579","Had naughty Lucy veg burger meal, alive by chocolate, lychee litchi donuts and filter coffee dunkin style.
The burger was cheesy and tasted good. The donuts were excellent , especially the center lychee filling in the lychee litchi donut. The coffee had a hint of caramel and is worth a try. In all would have rated it at 3.5 as AC was not functional, but will go with 4 for donuts.",4,"2018-08-04 18:40:43",40,78,0
"30426945","As soon as I opened the box I was so excited to eat them, the presentation was wonderful but when I had a bite the doughnut was not fresh at all, same with every doughnut in the box, dissappointed such a waste of precious money on not at all fresh food 👎",1,"2018-07-31 15:00:32",19,101,2
"40319532","Nice store outlet of Dunkin Donuts. We ordered the pack-of-6 flavours and liked all of them.  Buns are freshly baked and flavors are refreshing.
Overall its a nice place to dine once-in-a-while to satisfy your sweet-tooth pangs",4,"2018-07-22 18:30:15",231,406,1
"2281762","No complaints regarding the taste or the quality. Their timings are terrible. They don't serve before 11 even though the opening time is 10. ",2,"2018-07-22 10:35:27",6,2,0
"4965301","Searching for that moist fluffiness and crisp crust that makes you love a donut..then this is the place. Especially if you are fan of chocolate.. then break up party eclair is a must to try",5,"2018-07-06 15:43:54",22,89,1
"1103667","You should close the store. I had worst experience, I was served a stinking Chicken burger and had to return the same. Even though they served a new one it was still having the foul smell. The food served is stale here.",1,"2018-06-10 13:27:49",4,102,0
"1725437","Ambience - 4/5
Very good place to sit and enjoy with friends
Food - 4/5
Really mouth watering Donuts. Other food and baverages like burgers, coffee are good to have other than donuts Service - 4/5
Really quick service don't make you wait alot",4,"2018-06-09 01:03:03",99,414,0
"54123722","Total wastage of money. It just bread and creamy flavour on top of it. It's not even a bagel. What I got was plain bread with creamy flavoured on it. This is the first and last I'm ordering from here ",1,"2018-05-31 15:20:07",1,1,0
"32498374","Well it is as good as it gets. I personally love sugar glaze classic and honestly it was perfect for me. I wish they had blueberry jelly donuts as well. ",4,"2018-05-26 13:50:39",18,106,0
"442206","good",5,"2018-05-25 22:21:09",6,9,0
"52939360","good",4,"2018-05-25 01:51:03",1,1,0
"393923","Better timings",4,"2018-05-21 20:34:42",31,265,0
"52710000","not all the donors are fresh. I got a donut which is hard as a rock.",3,"2018-05-19 22:04:55",1,1,0
"35151224","The ambience was fine, the chairs were cozy. I liked the bengaluru start up coffee. Death by chocolate donut tasted like chocolate cake and rainbow pop has the right amount of frosting, and the donut itself was very soft. Potato wedges were horrible, the pieces were very big and two of them were not cooked properly!!!! ",3,"2018-05-11 19:11:40",14,31,1
"47233228","good taste.loved it",5,"2018-05-06 20:17:05",6,3,0
"125242","Donuts were fresh & yummy 
Love the ambience and variety of donuts they have !!!!!
Staff was friendly and smiling 😊
Best breakfast place in town !!",5,"2018-05-02 16:48:37",26,477,1
"32159204","The yellow, mango one was the best of the lot (Best I have ever had). The variety of chocolate flavoured ones added to the sheen. Full marks for the packaging. The eclair could be improved with a tad more chocolate inside. Also, if the box contained descriptions of each donut, it'd be easier to figure out which one's which. Swathi Muthu ",4,"2018-05-01 21:04:31",115,546,1
"43673663","Was never ever a fan of donuts, untill I tasted at this place. Each donut in the box of 6 is simply outstanding. Ambience is great. Value for money is good too. Having tasted donuts at few other places, undoubtedly this is better of all. A must visit place for anyone who loves donuts.",5,"2018-05-01 20:49:17",97,603,1
"29120078","Favourite cafe for finger food as they have a variety of donuts and burgers... surprisingly their burgers are better than their donuts..I have tried almost all the donuts and they never disappointed me and so goes with the burgers... veg mayo is the best as it’s different than routine burgers with a twist of mint mayo in it... cool place to hangout with friends...",4,"2018-04-15 21:18:31",18,35,3
"46418689","Dunkin was supremely professional both at restaurant and served through zomato. The quality of doughnut and hazelnut coffee was quite good and worth a try. Pls note the manager at the SLN terminus was so customer centric that he turned up to deliver to ensure customer satisfaction !! Kudos to them .. ",4,"2018-04-14 23:29:48",8,4,0
"27970325","I went out for evening snacks. The place wasn't clean as it should be as tables were untidy even the floor.
I have ordered for a box of 6 assorted delight donuts and one signature burger. Both the donut as well as the burger was fabulous in taste. But, they were out of stocks for most of the thing.
The service was good and on time.
Ambience: 2/5
Food: 4/5
Service: 3/5",3,"2018-04-11 20:53:17",152,3458,4
"33693885","no stars for these Dunkin outlet.
was craving to have dounuts.. went with a happy face and came out with huge disappointment. huge chaos with h service . filthy .. table unclear for half hr. had to wait for 3 dounut for half hr. which were ready on display. burger was cold and potato wedges Wer half cooked. asked to warm up dounut, but the they were cold too. service girl was seen carring doughnuts in hand and not tray to service table. loud ringtone was playing on speaker. reluctantly carried dounuts, came out sat outside in clean place and ate it .. 😒",1,"2018-04-07 22:29:55",1,14,0
"51983948","lovely food",5,"2018-04-06 17:04:11",2,0,0
"27547798","I want to take a moment & praise the Bangalore Start-up Coffee as much as possible. It is undoubtedly the best Coffee I have ever had.
Donuts are too good.
Place is nice with cozy sitting arrangements.
Just that for cool drinks mainly lemonade, crushed ice consume 60% of the cup.
Rest all good. Nice experience.",4,"2018-04-05 11:05:35",92,155,2
"51696137","Not even a cover they have given to hold the box but the package cost charged for 25rs that too in rain.",2,"2018-04-02 17:13:46",2,0,0
"9472801","I always stop by while shopping to a have a quick bite of yummy delicious donuts 🍩. I have almost tried all of them. But the donuts which are my favourite are Very very blueberry, Boston Creme & mango dazzle.
I always search for very very blueberry, but it is hardly available now.☹️",4,"2018-04-01 23:42:53",71,573,3
"37882968","The food's horrible.  The service is slow and impolite.  The potato wedges are stale and almost uncooked.  The chicken burger smelled awful. I expected better service from Dunkin' Donuts.",1,"2018-03-30 15:39:18",1,0,0
"51170312","Good",4,"2018-03-28 17:28:55",2,1,0
"5363841","I've always loved Dunkin donuts. 
We stopped by for a quick grab. Ordered for a combo. Cappuccino, cold coffee, iced tea , potato wedges with dip and 2 varieties of jelly filled donuts. 
It was good and loved the beverages too. ",4.5,"2018-03-27 11:40:22",213,1114,5
"37060333","Awful burger!",1,"2018-03-26 10:41:10",1,2,0
"52205319","potato was not pealed it was not that good burger was good",3,"2018-03-24 15:11:38",1,0,0
"33586481","worst food ever I had",1,"2018-03-24 08:59:13",2,2,0
"51389687","not at all good. .didn't liked
not only me even my friends",1,"2018-03-16 22:57:30",5,1,0
"1891412","Stopped in for a quick bite to tide us over till dinner. Best cafe nearby. Price of everything is resonable and  ambience is good.  Good choice of donuts with coffee. Must visit place.",4.5,"2018-03-12 18:07:21",54,164,5
"34647978","Love the donuts. Fresh. Well baked and just yummm. Great variety. Have not got bored with ordering the same flavors again and again and again ",4,"2018-03-10 23:52:05",11,2,0
"2430514","The doughnuts are soft and guey. It melts in your mouth. Caramel doughnut and Belgian chocolate doughnuts are really good. Chicken burger and potato wedges are also good.",4,"2018-03-07 08:43:41",101,530,1
"2163462","I love the donuts here and have possibly tasted nearly every flavour. My absolute favourite is the cinnamon because it has the perfect level of sweetness I prefer.
The stuffed donuts are a must try!
You'll surely become a donut lover if you visit this place once. Do give it a try.",5,"2018-02-02 21:52:31",193,1272,5
"48632756","delivery service is at its worst., food is 👌",1,"2018-01-30 21:00:58",3,5,0
"31713248","Some bad donuts and some surprisingly good burgers! That pretty much sums up my experience with Dunkin Donuts. If you are bored of the usuals like McDonald’s and Burger King, do try the burgers at Dunkin Donuts and give the titular donuts a complete pass; they are dry and the toppings too sweet. I always remember the burgers from Dunkin Donuts as crisp, tasty and juicy and that’s exactly how the Big Joy Veg Burger was when I tried it last weekend. Truly a Big Joy!",3.5,"2018-01-16 20:29:08",20,60,4
"35508928","2018 is the first time I had chance to eat donuts, interesting desert to eat with good amount of chocolate.
We also had burger and hot chocolate.
Burger was good and beverage was perfectly sippable.
🍩 🍔 ☕",4,"2018-01-08 00:26:51",84,130,1
"730255","Nice place to have donuts. Been here multiple times and left this place with a smile as the environment is healthy and staff is nice to you. And of course the food is great. ",4.5,"2017-12-24 23:01:29",26,59,0
"1691975","Well what can I say about this place.. it’s nice for killing time but, if u plan to have good food it’s. big no. Donuts are good, but the service here is pathetic. A better service and good coffee would make me go back. Till then it’s off the list.",3,"2017-12-10 00:24:51",14,74,0
"36566953","Been to this place a few times before. Known for its donuts also serves burgers, smoothies, coffee etc., Had the big joy chicken burger (newly introduced) today along with iced coffee. The burger was pretty decent, not so great I would say. The iced coffee should have been more properly blended. 
My favourites at Dunkin are 
Burger - Naughty Lucy chicken burger ( 4/5 and for people who love cheese it is 4.5/5 )
Donut - Alive by chocolate (4.5/5)
Finally I would say the ambience is good - 4/5 ( Nice hangout place near gachibowli )
Food is decent with an exception for donuts (they are very good). So on the whole I would say 3.5/5
Service - 4/5",3.5,"2017-12-07 00:25:50",98,2969,0
"31668088","Had a box of 3 donuts post  lunch at sln terminus ..would rate the donuts individually
Alive by chocolate - 4.5
Break up party eclaire - 3
Death by chocolate - 4",4,"2017-12-05 17:39:12",126,277,0
"6859511","They run out of coffee regularly. The store is very poorly managed. It takes at least ten minutes for them to generate the bill even when there is no one else there because their systems are always down. ",2,"2017-11-27 14:02:50",1,0,0
"32490771","Been there for just chilling.
Service is very good and located in a good place. Ambiance also ok.
But they need to put attention on food quality.",3,"2017-11-07 00:26:06",33,2039,1
"39924045","I and my friend went to have burger on a very heavy rainy day... the best part is that French fry was so yummy hot spicy feel the fresh potato... if you are a fan of french fry  like me will recommend to go there.. ",4.5,"2017-10-30 00:01:46",4,263,0
"467946","Raw potato hash, the hash browns were so raw in the middle.  The burgers sauce was more on the wrapper than the burger. The potato wedges were badly seasoned.
Pathetic dunkin experience.",1.5,"2017-10-07 20:56:37",85,379,0
"46833946","I would like to appreciate the staff of Dunkin donuts of Sln terminus they were friendly with customer and they suggesting were really food and yummy food and the service was really awesome the place was really good to sit",5,"2017-10-06 22:42:11",1,1,1
"46833504","The greatest service. I got the food very fast and the ambience was really amazing and the music was really good and donuts were really yummy and I would I like to appreciate TEJA for wonderful suggest of food. And the hot chocolate was really superb.",5,"2017-10-06 22:31:12",1,4,0
"45576670","Its was very great service from you Dunkin donuts and the ambience was really awesome and the taste was really yummy and we and our friends  like visit again",5,"2017-10-05 20:36:30",2,1,1
"45723763","Donutsssss 😉😍😘 .......coffee is ok ok, donuts are good and don't know about burgers actually...... and good thing is thaat you can have a great time with ur frnds....my suggestion : mocha chip 😁😁😁👌",4,"2017-09-17 19:57:56",6,10,1
"34590128","Yummy delicious and the pack of 6 for kids is very attractive. We tried 5-6 varieties and all r good. My nephew loved strawberry one. They have many varieties of Chocolate donuts.",4,"2017-09-12 22:09:33",57,74,1
"36561786","pathetic! don't order through them! neither do they have the decency of answering calls and informing nor do they have people to deliver! disappointing!",1,"2017-09-08 13:54:46",2,4,0
"8812851","Taste is Awesome!!!
Price is affordable and OK!!!
Ambiance is good!!!
Must try Chocolate Doughnut, Crushers and Coffee!!!
Service is also good!!! comparestudio.com",3.5,"2017-09-06 20:24:27",236,601,0
"2910520","The best and one and only place to eat donuts in hyderabad.... the chocolate donuts make you indulge into it and the sweetest of all........",4,"2017-08-26 03:25:43",62,103,0
"727269","Worst burgers i ever ate... this place is really bad when compared to other outlets... half of the burgers are not available and other burgers are tasteless.. grilled chicken tasted like boiled chicken burger... will never visit again.",1.5,"2017-08-25 08:36:40",1,1,0
"2758276","Saw the poster of Arabian iced coffee at dunkin donuts ,so thought why dont i try it out in this beautiful rainy weather. It was heaven for me when i sipped it. Chilled with rich creamy flavour with lught kick of brewed coffee. Thats how i like it.So the new addition in dunken donuts family us a cool one.Would definitely have it again.",4,"2017-08-14 16:22:00",55,2377,0
"15682988","Simple and sweet outlet. I liked the episode outlet with some great graffiti. The service counter girl was kind of ride though as we said something for order and she ordered something else and then she argued. Well, for the love of donuts - The chocolate and the mango craze and the rainbow pop were awesome. Soft, spongy and colourful were the words. The taste of Mango craze could be improved more though. The chocolate over the donut was little rough and it meant that way I guess. So, overall great. ",3.5,"2017-08-14 13:23:59",337,831,7
"40082332","I can't say the donuts are too tasty.if you are a sweet lover you can once try this.we ordered a pack of six and I felt no difference in each of these ,in taste they look similar except the yellow one(mango flavoured).
I didn't even feel it as fresh one ,as soon as I ordered he bought the one which he has packed it and kept as stock.overall, I was disappointed for the first time being there.
Once you can try this as a snack, but it's too sweet.
Ambience i can rate as 3.5/5
Food-3/5",3.5,"2017-08-13 23:25:25",7,32,2
"672720","Unhelpful and rude staff. According to Zomato, they are supposed to be open till 11 but the staff gives excuses to not accept orders at 10.45 also, probably because they want to leave early. On top of that, they have the audacity to behave rudely. 
Don't visit this outlet.",1,"2017-08-12 23:00:16",6,158,0
"292310","It took me so long to pen down this review, 6 days to be exact! And why you ask. Well that's because I had to taste 6 donuts in all.Yess, I decided to try the festive Rakhi donut box that comes with 6 mini Donuts ranging from death by chocolate, chocolate filled, mango flavored, two classics, etc. All this priced at Rs 199 plus taxes. This roughly came out to Rs 243.
So much goodness in one box!
Now I can't name each of the Donuts but I can say that majority were chocolate based. Of the 6 donuts, 2 were classic style and rest 4 were filled ones.
The first one was the classic sugar coated. Simple and goody good.
The second one was a chocolate coated classic donut. This one was fine.
Next up the mango flavored one. This one had a mango glaze on top and center filled with mango puree or jam. This was a fresh taste after so much chocolate.
The fourth one I think was death by chocolate. This one had a delicious chocolate coating on top and center filled with gooey chocolate.
The fifth one had a chocolate topping but cream filling. This one was ok.
The last one again had a chocolate topping and a vanilla filling. This one was good. The topping had some sprinkles too.
All in all a sinful treat for all donut heads out there.
Definitely a must try.
Breaking away from my usual style of writing I will come to the location and ambience after the food. 
So this outlet is located on the ground floor of SLN terminus. Very easy to locate. The board is visible from the road. 
The interiors like other Dunkin Donuts outlets is quirky with pop colour furniture and interesting wall designs. On a Sunday afternoon the place was moderately crowded. 
Service was good. No issues there. Would love to visit again!",4,"2017-08-12 12:41:19",120,1507,4
"35836801","This has been my favourite donut place here. I tried almost all the flavours n varities they offer in donuts. Last week I tried their burgers both chicken n veg. The veg burger was horribly bad.. the other one was okayish. So I recommend this place only for donuts!",3.5,"2017-08-12 10:46:34",247,316,2
"36898897","It's a new kinda place for new kinda food which is donuts. I liked the donuts but the beverages(hot & cold) are not upto the mark.
Ratings:
Food and quality: 3.5/5 (above average)
Service at the counter: 2.5/5 (below avg)
Ambience & seating: 3/5 (average)
Overall: 3/5
The service is very bad and the reputation of such shops are going down because they're treating all the customers as those low class business meet holding people in Hyderabad. 
However the taste of the beverages is very bad. The below are the beverages we tried.
1. Tough guy cappuccino 
2. Mocha chip
3. Jamaican rum with almonds
P.S: Just try varieties of donuts or burgers. Don't go for beverages.",3,"2017-08-05 13:27:25",50,223,3
"278767","Ate ma first donuts here 😋They we're just amazing 😋 The ambience is so good 😍 A perfect evening treat after a tiring shopping @SPAR
Mango Craze & Alive by Choco are my favorite 😍",3.5,"2017-08-01 12:30:44",12,95,6
"861443","I really liked the donuts. Specially all the chocolate ones. Its in spar market in kondapur. I really nice place to have donuts. Apart from donuts they also serve burgers. ",4,"2017-08-01 03:33:22",97,270,0
