"UserId","Review Text","Rating","Time","Reviews Count","Followers Count","Photos Count"
"55473088","Ordered thali combo from zomato. Taste is good but quantity of curries they gave is less. Roties are also good. Plastic boxes can be avoided in the packing for curries.",3,"2019-05-16 12:25:37",17,2,0
"200501","I was visiting Hyderabad. I fell ill(flu). I needed some homely food as i could not eat more biryani or paneer-naan. I went to Gujarati mess. The fulka thali (Combo2) for 3 days, and i felt much better. The price they take for food is near social service. Keep on the good work.",5,"2019-03-20 02:56:06",2,12,0
"35101284","The curry given with the parathas was not so good.",2,"2019-02-24 13:22:56",1,1,0
"53772289","Dal is very watery and the quantity is very less",3,"2019-02-14 14:48:45",1,1,0
"54956434","Good quality is very less with that price ",1,"2019-01-29 13:47:25",9,1,0
"31075891","Food was good quality and felt like I was eating home made food... request restaurant to add extra methi paratha or phulka on add on basis so that we can order extra roti along with the combos.. Dhokala was awesome but felt like the quantity was little less compared to price.. but I'm happy with taste...",5,"2019-01-17 18:17:50",4,0,0
"36953387","Ordered meals from here.
It was really good,healthy and sufficient food.
Just the taste was not the great.
Too much salt used in every curry.
Methi parantha is good here",3,"2019-01-15 16:13:34",7,9,0
"27921088","I have ordered methi paratha thali and was hoping for a nice homely authentic meal but sadly was very disappointed.
All the 2 curries and dal tasted only of curry leaves. It tasted no different from the andhra tiffin food. Only the methi paratha tasted well.
Please do not disappoint customer on the cuisine that you are offering. Try being little authentic.",1,"2019-01-04 21:24:28",95,299,1
"1636623","It's a mess don't expect for a high class restaurant but yes you will love food here good quality and quantity. Payment options are available and totally veg restaurant not too many options but whatever there are you will love the food ",4,"2018-12-18 22:30:49",8,40,0
"50339023","not worthy.. high price",2,"2018-12-07 21:37:19",5,1,0
"77561343","I am regular customer of gujrati mess, I visited the gujrati mess on Saturday for dinner and have cabbage and lokki chana curry, now on Sunday I decided to order food from zomato and I ordered combo 2 and the same curry( cabbage and lokki chana curry) was there. While my friend who visited the same restaurant on the same day have different curry.
So take care of your health and take decision accordingly....",1,"2018-12-02 13:25:04",1,0,0
"39736755","I ordered food via zomato. The restaurant had accepted the order. The food was suppose to be deliver by 12.55 Pm. Not getting the food till that time, i spoke with Zomato guys and they said restaurant cancelled the order and the same was not conveyed as they had a device issue. The restaurant could have called me directly and said they are cancelling the order. Poor service. Had to wait 30 mins for food ending up with no delivery!! Never going to order again. Wish i could give zero rating",1,"2018-11-15 13:19:15",1,3,0
"49026285","I received dry veggiee instead of curry(which i ordered)...this is happening second time with me...please provide the same things which are ordered....",1,"2018-11-12 15:21:40",4,1,0
"37372977","cold food ,stale thepla, and curries",1,"2018-10-29 21:30:32",3,1,0
"42408347","mirchi was not there",5,"2018-10-18 19:35:35",3,4,0
"52703080","Actually 3.5 stars I want to give to them. Food was budget friendly, the taste was ok-ok (Don't expect GHAR KA SWAAD as people are referring. Maybe at their place they get same taste but my mom can cook better). 
So if you are bored with biryani and Chinese or with your regular south Indian food then go for it, it's good for as a taste changer. 
I liked the quantity they gave in ₹140, Daal  2 curries, buttermilk some kachauri following with 5 methi paratha(Yeah, I can handle that much).
They delivered it fast and it's good because I don't see what would have taken time apart from paratha.
All over saying I didn't like the taste would be harsh but it's not like that I liked. But I was happy with the quantity. (Paratha were good in taste, curry and daal were like hostel food)",3,"2018-10-14 11:48:26",4,8,0
"37192474","Sabudhana kichidi with curd.... Taste is OK.... Sabudhana kichidi is with peanut, aloo, curry leaves, jeera and some masala powder added. Little spicy but it's good to eat",3,"2018-10-13 21:27:45",75,91,1
"3173910","buttermilk had bad taste, it was fermented and spoilt",3,"2018-10-08 22:03:00",10,6,0
"51806894","not good",3,"2018-10-07 15:44:57",3,1,0
"54968225","Horrible....I ordered for sabudana kichidi and dabeli.. it was not what it is suppose to be... Do not ever order... Aloo fry mixed in boiled sabudana and aloo curry between a sliced bun was given...shame...",2,"2018-09-28 14:07:48",1,2,0
"31988859","pickel missing and very less butter milk",2,"2018-09-27 11:42:27",10,5,0
"56769648","f",5,"2018-09-10 13:47:45",2,2,0
"40861972","I had ordered a food (sabudana khichdi) from this restaurant first time, let me tell you one of the worst experience of food, waste Dish, no taste they don't know the recipe, ingredients and process of cooking of sabudana khichdi and above that rate is also expensive than others. I have suggestion please change your chef. ",1,"2018-09-03 15:05:00",1,17,0
"30870099","A nice decent gujju place! A place where I felt like I was back home in Gujarat. It offers a really decent fixed menu. Was happy chatting with the owner and he even keeps dry gujju nasta. ",3,"2018-09-02 21:50:59",48,160,0
"5344671","Great food at reasonable prices!!! The food is made with less amount of oil and replicates home cooked food.
We ordered the thali and it was great and easy on the pocket.
Do try the dabeli and dhokla!!!",4,"2018-09-02 12:21:15",29,58,0
"15772890","This is a 2BHK flat converted into a restaurant. The place is very simple so much that you need to throw your own plates. The food like most reviews say is very simple and homely. Rotis are served hot which is great. However the variety is missing.Moreover the menu that you find here on Zomato isn't the same available in the restaurant. Just the name is Gujarati Mess and the items in the thali aren't. Maybe I expected a lot from this place. Further the owner isn't quite a jovial person and you cannot strike a conversation with him. Read my experience on the blog....Read full post on socialmaharaj.com",3,"2018-08-29 04:41:10",NA,1122,3
"35851057","Quick, tasty and nice.
Best value for money and great taste.  I was a bit doubtful in the beginning.  But was proven wrong (and in this context I enjoyed being wrong :-D )
Try the Dhokla guys.  The chutney is amazing.
Kudos Gujarati Mess.  Keep it up!",5,"2018-08-24 17:16:45",14,5,0
"56493928","Quantity was too low than expected, I mean I paid 110/- quality & quantity both were not worth of the price.",2,"2018-08-22 21:01:15",2,0,0
"53834656","very nice .food was tasty. perfect for odia people.",5,"2018-08-22 13:47:06",3,0,0
"34676460","If Zomato allow me to give points more than 5 I will surely will give to this place.
This place has FOOD FOOD  and only Tasty & Healthy FOOD. Very Economic.
Me with my family is a regular visiter to this place.
People who like home like food with no Frills will love this place and its simple food. They serve nice hot & fresh food. I am in love with their Theplas.
It has clean, mess like ambience where you have to put your own used plates to the washing area.
One thing to Note is : It is not Gujarati Cuisine but an simple North Indian one. So good place if your maid is on vacation or Simply if you want to eat out without burning your pocket & stomach.",5,"2018-08-03 17:29:14",26,27,0
"41331966","not masaledaar",3,"2018-08-02 21:57:20",2,1,0
"40709811","good",4,"2018-07-31 20:28:37",1,11,0
"55620736","Budget friendly and tasty",5,"2018-07-26 14:37:06",0,0,0
"62296399","Best",5,"2018-07-25 14:14:49",1,0,0
"32979812","Nice ",5,"2018-07-24 21:05:04",2,6,0
"55822099","very good @fast delivery.... 💕👍👍👍👍👍👍",5,"2018-07-23 21:18:39",1,0,0
"42053697","Gud",4,"2018-07-23 15:45:25",11,1,0
"43492695","Food was good. Less spicy. Served hot. Rotis , Methi parathas and aloo parathas all were very soft. As the name suggests, its a mess and not a restaurant. May be online ordering is a better option.",4,"2018-07-22 15:40:15",5,5,0
"52517724","curries are not sufficient",3,"2018-07-22 15:09:55",1,4,0
"42243354","quality wasn't good",3,"2018-07-22 13:42:22",3,2,0
"30986856","its very delicious",5,"2018-07-21 15:27:15",4,36,0
"50607413","Good",5,"2018-07-21 14:08:22",2,4,0
"33894035","Not that great food. They should make authentic gujarathi dishes. Aunthencity for these dishes means the spices and taste. Try to make tasty food from next time. Just a suggestion.",2,"2018-07-20 18:55:47",4,1,0
"33630933","not as per expection",3,"2018-07-19 20:15:00",12,8,0
"38250006","Awsome delivery speed",5,"2018-07-18 21:32:26",1,27,0
"53164472","awesome taste. value for money",5,"2018-07-17 13:24:58",5,1,0
"31246486","Gujarati Food that has the Home Taste. Amazing",5,"2018-07-16 14:53:57",4,2,0
"57637056","The boxes were tilted. There was a possibility of leak, but nothing leaked due to good packaging. ",5,"2018-07-15 14:08:16",5,0,0
"58059297","good",4,"2018-07-14 01:51:35",3,0,0
"34308299","The order is not delivered , but the Status shows it’s delivered ",1,"2018-07-12 13:14:57",1,19,0
"37029746","Selection of curries is pathetic. I'm a Gujarati and this is he second time I've ordered in the hope of good home cooked food. ",1,"2018-07-08 20:27:17",1,38,0
"15378541","I would recommend this restaurant as it serves good , tasty, home made food. I ordered combo3 which had 3 methi parathas( gujrati thepla) , dal, rice, 2 curries and buttermilk. I enjoyed my lunch. Thanks “Gujrati Mess” for serving.",5,"2018-07-08 19:38:52",12,12,0
"49031974","f",5,"2018-07-08 13:01:24",1,1,0
"16425985","Simple, no frills yet tasty food. You can have food here on regular basis. It's place to go when our kitchen is closed, and yet you want homely food. Staff is courteous. Since it is 'mess', you surely can't expect great ambiance but it's kept quite clean. Lastly you are expected to put your plate in sink after food (Just like in United States of Gujarat :) ). ",5,"2018-07-08 06:48:30",1,4,0
"59124796","good",5,"2018-07-07 15:47:48",2,1,0
"15765956","Great place for daily meal. Phulkas are better than most other places. Curry are not too spicy and tastes like home. You get option of smaller meal if you are not too hungry. Have aloo paratha and methi paratha as option which serves as change in case you are bored with rotis. Sweets and lassi are available to soothe your mood. Overall, great meal at moderate cost.",5,"2018-07-07 14:32:19",2,43,0
"44090995","very less quantity",1,"2018-07-07 14:04:54",2,4,0
"32541030","Waste hotel.... What the use of this hotel if stomach is empty by paying 90 rupees. In Sanskruti hotel, Rajdhani hotel you will get unlimited food in 100 rupees. If i am paying 90 rupees then quantity should be good. ",1,"2018-07-04 11:59:20",4,19,0
"54419461","good",5,"2018-07-03 14:15:30",1,2,0
"33234073","should have option of 3 roti  1 rice",5,"2018-07-02 21:19:21",1,2,0
"6941201","Ghar ka khaana!! Basic food, no experiments. Just sit there and eat, pick up your plate and leave. Simple. No sophistication. For all you can employees in and around this place, you got your north indian mess. ",5,"2018-06-30 13:42:41",66,210,0
"51736882","Potato curry was tasteless",3,"2018-06-30 12:59:44",6,18,0
"44498610","it was not that good ",2,"2018-06-30 12:32:06",1,14,0
"56537822","ordered chhole sent Rajama",2,"2018-06-29 15:56:36",2,2,0
"40869993","Dal was missing ",3,"2018-06-28 13:58:09",9,8,0
"53548306","Good homely food! ",5,"2018-06-26 22:46:34",7,5,0
"2218848","Quick delivery by Zomato .
Pocket friendly and homely taste.
Ordered a veg combo which had dal and two curries with phulkas.
The phulkas were thin and unlike most places they were not mixed with maida , tasted like only wheat rotis .
The curries were nice , one had a good tangy flavour.
Great place to order for regular home like food.",4,"2018-06-26 00:21:56",237,1070,0
"30591210","Pocket friendly. North Indian homely food, medium spicy, light on stomach for everyday lunch and dinner.
Phulka. Rice. Daal, curry, dry vegetables, butter milk everything is tasty.
Pics attached are for special lunch(23 Jun) with puri and additional items.",4,"2018-06-23 14:37:03",74,446,1
"49866910","Aloo parathas are not fully cooked and  have very bad taste",1,"2018-06-23 14:00:03",1,2,0
"49732738","Theplas were really nice. Good food.",4,"2018-06-22 15:16:21",11,3,0
"32648738","dish was not properly cooked",3,"2018-06-18 23:42:38",4,26,0
"46383037","Food is sufficient. Homemade taste.",5,"2018-06-17 13:58:25",1,2,0
"3083113","Happy Gujarati home food. Loved it",5,"2018-06-17 13:02:13",16,14,0
"8358001","Too much ghee/oil",1,"2018-06-14 18:02:54",1,2,0
"57216320","tasteless. Gujarati food is not like this. its better to order gujarati food from Savla.",1,"2018-06-14 14:04:19",1,1,0
"57034803","Excellent ",5,"2018-06-13 22:30:23",2,1,0
"37676008","I like the food.But... I order three roti-combos and they forgot to put rotis in one combo. So we three have to manage in two combos :( . Overall quality was good.",4,"2018-06-12 11:35:17",2,2,0
"1709813","Seems home cooked, affordable and very tasty. ",4,"2018-06-11 22:52:55",19,94,0
"34123451","Horrible ",1,"2018-06-06 13:34:40",2,2,0
"29800200","sabudana not cooked properly",1,"2018-05-31 20:28:07",15,2,0
"35083590","Bored of the office cafeteria? Wanna grab a quick lunch? This place proves to be a good choice.
The place is not a restaurant, but a simple mess structure. Head there for methi paratha, aamras, srikhand. Pocket friendly as well as home-like food.",4,"2018-05-31 18:59:03",90,121,1
"53622323","gr8",5,"2018-05-31 15:09:52",2,1,0
"55394708","dhdh",5,"2018-05-30 21:32:07",1,2,0
"49347274","packing was good. still if it can be packed like a thali it would have been great.",5,"2018-05-29 20:52:20",4,1,0
"48694583","For a newbie in the city, the food makes you feel at home. Methi parathas combo is great.",4,"2018-05-27 10:00:28",23,20,0
"45903043","Haven't received my order yet ",1,"2018-05-26 14:09:22",2,31,0
"55072283","Dal is not cooked .waste of food.I have asked not to deliver papad.but papad was given and butter milk missing. make me nervous after opening the food packet.",2,"2018-05-21 20:40:37",1,1,0
"51327765","awesome",5,"2018-05-14 12:12:13",1,1,0
"6312411","costly as compared to what is served",3,"2018-05-11 14:01:51",5,1,0
"54583882","Food was good and packing should be improved...",5,"2018-05-10 11:54:34",1,2,0
"54652062","very nice gujarati food but one sweet should be there in option of combo",5,"2018-05-08 21:24:07",1,2,0
"53059074","poor quality food like a hostel mess. no individual taste of curries. buttermilk is good.",1,"2018-05-06 15:28:29",1,2,0
"51830139","Amazing Experience with the quality of food & a very quick delivery.",5,"2018-05-05 22:39:06",3,2,0
"43864056","methi poori was missing",1,"2018-05-05 21:25:36",8,8,0
"36279827","good ",4,"2018-05-03 19:19:11",4,1,0
"52142325","get 30 minutes late delivery",1,"2018-05-02 12:09:46",1,8,0
"5065781","package can be done better with same price using better disposal utilities",4,"2018-05-01 13:02:57",52,119,0
"39002678","Only thing I didn't like about order was that they put lot of garlic in one of the sabji. I had ordered Methi paratha combo without rice. It was good overall.",4,"2018-04-29 15:29:30",16,2,0
"53759320","Excellent",5,"2018-04-26 21:08:34",1,5,0
"45289782","gave the same two curries ... very disappointed",1,"2018-04-20 21:34:51",3,16,0
