"UserId","Review Text","Rating","Time","Reviews Count","Followers Count","Photos Count"
"42937555","Delicious food at very minimal price. I like it :)
Best part is that it gives you an option to choose between rice and chapati and also provide multigrain chapati ",4,"2019-05-18 15:46:50",1,7,0
"45249424","HealthBent is supposed to serve recipes which are delicious and healthy at the same time. I ordered Paneer and Dal Makhni Meal and I wasn’t disappointed. The outlet is budget friendly, serves healthy food and the food is really tasty. Aur kya chahiye?",4,"2019-05-05 18:23:47",7,5,0
"15390331","Health Bent stands to its name. We had ordered the Tomato Pappu(5/5) and Bendkaya masala (5/5) meal box. It was amazing and I would order again to try the other stuff that they have. The food they prepare looks and feels very healthy. On separate occasions we have ordered the Bihari Mutton curry (5/5) and Aloo Chokha(4/4) meal box. Also the Chicken Chettinad meal (5/5) was amazing. I am now a regular here and you should try their offerings too. Cheers!",5,"2019-05-05 00:15:48",207,400,0
"32282161","Wow! The foods great! The packaging is great, keeping in mind the environmental impact the box was wrapped in jute bag. Coming to the taste, i ordered chicken breast bowl and it was so tender, juicy and tasty. Keep up the good work! I would definitely recommend it for health conscious folk.",5,"2019-05-03 13:31:44",9,8,0
"27725380","Ordered baingan bharta, rajma combo and aloo posta moong daal combo
Quality- quality wise the food was good not very good but good, baingan bharta, rajma daal were good but aloo posto was very tasteless may it is supposed to be like that no idea 4/5
Quantity- It was ok ok may be I eat more so I didn't find it enough for 1 person may b 1-2 extra roti is required but they don't sell roti/rice separately.The size of roti is very small and thin
Value for money-3/5
Packaging-5/5
Delivery-5/5",3,"2019-04-16 20:05:42",59,40,2
"32497477","Ordered the plantain kofta curry meal and it had way too much salt. It always had extra salt every time I ordered but still used to be eatable. Today's curry was horrible. Tried calling the restaurant but they never answer, neither do they take any note of cooking instructions. Being a restaurant offering healthy food, I feel they should consider the quantity of ingredients! Even places with not so good rating do not put excess salt in anything! ",1,"2019-04-02 12:20:14",1,36,0
"35210001","Ordered chicken massaman curry. Had beautiful light coconut chicken curry with steamed rice and vegetables. Was so good. Absolutely loved it! ",5,"2019-04-01 09:14:06",2,1,0
"45578961","I have ordered many a times from here and their smoked baigan himachali bharta combo is my favourite. It is really very tasty and best North Indian dish I had in Hyderabad. One thing they should improve is red chilli as it has too much. Overall food is tasty with multigrain roti options.",4,"2019-04-01 01:10:41",10,10,0
"52137531","Delivery Review
Initially ordered a grilled chicken best meal, the taste was good. The Dalia was tangy, the veggies accompanied well and just the way I prefer them. The chicken was also tender but the quantity was so less that one side of the box was covered with a just a thin layer.
I had to complain and the store manager/owner listened patiently and agreed to it that they had less quantity left for that meal.
To make up for it he sent me a Baingan Bhartha meal and let me tell you I haven't had such amazing meal in the past few days.
The rotis were soft and Baingan bhartha felt like the one made at home by mom.
Would definitely recommend this place to all",4,"2019-03-31 17:30:23",84,368,2
"1635511","Ordered from here instead of Eat.Fit. Their menus are pretty similar. Food was delivered quickly to my location. It was delivered piping hot, so that's a plus. I ordered the grilled chicken breast meal. It was mildly flavored, the chicken pieces were sumptuous. The dish overall is quite filling. Great value for money. Packaging was nice too!",5,"2019-03-25 21:24:42",86,646,0
"2227096","Recently ordered from this place and was amazed to see the neat packaging, homelike flavour and value for money food. Ordered Bihari Mitton curry meal and Lauki Dal meal. 1 star less because I didn't recieve Lauki dal meal and got something else but it tasted nice as well. Will again order to try other options. ",4,"2019-03-13 14:47:04",118,2041,1
"34988637","Food was good ,tastes like home made food ,I ordered mutton and I liked but healthy food makes sense when they provide details like calorie , which oil used,protein ,carbs and fats breakdown then it will rock defnetialy.",4,"2019-03-09 20:22:02",4,1,0
"1361105","I tried the grilled tilapia,chimichurri sauce,bell pepper, quinoa. Taste wise it is good. The fish and vegetables were well cooked  However, the food appeared a bit greasy and not inline with being healthy. Not sure about other dishes though fromthis place. Quantity could have been better.",3,"2019-03-04 12:11:57",42,152,0
"48257693","Just loved meal from this place. Light and nutritions and apt for those who are looking for something light weight. I have tried tofu meal, smoked beganbharta meal and plantain kofta meal. Among them tofu meal is my favorite. It contains baked tofu pieces,bboiled veggies and spaghetti with sprouts. It tastes really good. And the other two tastes average but well cooked and smoked beganbharta meal is served with brown rice which is a plus ! Good packaging and reasonable prices.atoneplaceonline.com",5,"2019-03-01 16:06:31",85,190,2
"34774600","Ordered Soy Glazed Basa. The fish was good, although I expected it to be covered with Soy sauce, but over all the dish was good. Quantity of noodles was a bit less. There were three big chunks of Basa fish. Babycorn and carrot were the veggies. ",4,"2019-02-24 15:03:08",22,161,1
"34403078","Seeing good reviews on Zomato for their homemade taste, I opted for the basic Tomato Pappu-Bendakaya Meal.
First thing which impressed me was their neat packing. There was a small sachet with Fork-Spoon neatly wrapped in tissues.
The Box was well packed. Long Grain Basmati was used as rice, which was very tasty. Multigrain pulkas were super soft and thin.
Quantity of Tomato Pappu and Bendakaya Tomato Dry curry were sufficient. Bendakaya was perfect in taste. Dal was good but spices can be increased.
Kokum Lime Sharbat with Basil seeds was a nice cooler. ",4,"2019-02-22 00:22:32",91,177,2
"37242332","Food &Taste: 3.0/5
Sambar rice was very tasty but quantity received was very less. Its just 6 spoons.
Gongura chicken was not tasty at all.No flavours except rawness of leaves. Beetroot chutney was tasty.",3,"2019-02-19 18:43:44",10,4,1
"260322","The bendakaya, pappu, rice and multigrain phulka meal was very nice and would have had given it a rating of 4 but the Tofu in chili soy sauce and udon noodles bowl was just awful and therefore it's an overall 3 star. The Tofu bowl was too dry and there was no hint of sauce it in. The udon noodles were bland without any flavor of garlic. The broccoli, carrots and babycorn in it was almost raw. The portion size was meagre for the price. ",3,"2019-02-19 17:05:41",55,199,0
"1556109","Ordered the Smoked Baingan Bharta combo and I must say they delivered healthy food and how. Baingan bharta was perfect and rajma was also quite good. Multigrain rotis were so soft, it reminded me of my mom’s rotis (thumbs up for that). Quantity of rice is also decent. All in all it’s pretty good food at decent price. Eat fit needs to learn roti making from these guys. 🐷likes !!",4,"2019-02-18 14:32:09",20,17,0
"2296704","One of the best things that happened to me in my recent trip to Hyderabad is 'HealthBent'. Located at the heart of the IT parks makes it an easily accessible place for our troop.
We ordered multiple items and everything we had were awesome which happens quite rare. I had parotta with Smoked Baingan barta and Plantain kofta. The parotta was made with multi grain flour and still was tasty and trust me I am not a fan of brinjal but still I fell in love with this smoky flavoured Baingan barta. I can give this combo a 6/5 and plantain kofta can't be rated low too.
Later I had roti (multigrain flour) with lean butter paneer and rice with rajma masala. Oh man trust me you can never get a healthier butter paneer with such a great taste. The gravy was so light and you feel no sin in having a bowlful of this gravy too. This is again a 6/5 combination. Out of the whole lot Rajma Masala and rice was the only thing which is a 5/5 whereas rest all are something which you can't expect. I am not rating this combination low but this is something which is not out of the box but still tastes great.
The packaging was good and the delivery was on time.
Trust me if they retain the same quality and taste these guys can go places. Hope they can do it. Apologies for not posting pictures of the food and it's not my mistake because HeathBent made me indulge in the food and forget everything else.
Here are the ratings: (Delivery review)
Food - 6/5
Cost to quality - 6/5
Packing - 5/5",5,"2019-02-17 11:07:48",87,839,0
"1033836","I was searching for some good healthy food for my dinner and found this restaurant! 
Well yes, the food was up to the mark. I ordered Chicken breast meal. But I still think the taste could have been better. Still I won’t mind ordering for lunch and dinner as the food is good for my health.",4,"2019-02-14 12:30:09",7,223,0
"32649160","Yesterday I ordered the soy glazed basa, the taste was great portion size was good. Fish was slightly overcooked but the glaze tasted great the noodles and the veggies were superb. Will definitely order again! ",4,"2019-02-09 11:17:14",3,5,1
"36953387","Bihari mutton curry was really good and satisfying. The rice was fresh and good, the multigrain phulka was so good. The mutton curry was good and amount of mutton pieces were good. Aloochokhaa was tasty but it would be best if served hot.",4,"2019-02-03 12:52:19",7,9,0
"72095384","I have ordered food today from Health Bent the item ordered was veg but they delivered non veg item and that was really disgusting. Now I will think multiple times before ordering food from this restaurant.",1,"2019-02-01 13:35:37",1,0,0
"29027266","Well if you are looking for decent priced healthy meal options ,this is the place .Food tasted good and once you try you can definitely tell that it is healthy. I really liked their multi grain roti ,they were awesome. Dal and curry were totally home style. Overall thumbs up for the food.very good packaging too...
Taste --4/5
Quality and Quantity--4/5
Pricing--3/5
Packaging--4/5",4,"2019-01-31 20:21:43",42,615,2
"50974994","It's healthy as well as tasty ... For me food has to be perfect ... And the only thing comes to my mind when I eat from health bent is perfection ...
The quantity is enough for one person ... I order food everyday and recommend all people who value health to try it atleast oce... ",5,"2019-01-27 12:55:48",1,6,0
"873715","I ordered food delivery, so my review is based on the taste. I ordered Bihari Mutton curry for trial, and it was so delicious that we ordered one more along with lean chicken. Though chicken was as an ordinary butter chicken, their multi grain roti and Mutton curry were extremely delicious.",4,"2019-01-26 19:50:41",40,32,0
"32837571","The food is awesome and is a go to option for me whenever I think of ordering online.
The food is very tasty with very healthy combinations. ",5,"2019-01-26 15:11:38",1,1,0
"2092502","The order I placed was out of stock and the HealthBent team sent me a complementary dish. Five stars for food and service.
Keep up the amazing work guys.",5,"2019-01-25 22:32:13",2,14,0
"37300463","Actually homemade and tasty food. Ordered fish kofta curry and it was awesome. Very healthy meal. Loved it. If you want less spicy homestyle food, this is the best option. ",5,"2019-01-25 16:33:38",4,3,0
"37185390","I really loved the meal 🍴🍱 provide d by health, I appreciate the work they put in. I can suggest them to add the calories and macros to measure. ",5,"2019-01-25 14:08:22",1,18,0
"35276987","Why do you guys keep turning on and off your ordering window? One minute you guys are taking orders and within next 10 minutes, I see that HealthBent is not accepting orders. I really wonder what happens within those 10 minutes. I don’t know if it’s on you guys or Zomato people but you really need to figure this out if you want to maintain your customer base. ",1,"2019-01-21 22:51:06",2,2,0
"37717465","Hands down HealthBent is the best in Hyderabad when it comes to healthy, homely food. I am so glad I found this place! I had lean butter chicken meal and smoked baingan bharta meal.
The rotis that they provide are made with multigrain flour and you can tell when you see the rotis. Plus, they know the art of making brown rice :) I generally don't like brown rice because it feels weird when I chew. But they have got it right!
Lean butter chicken was not that tasty but the daalmakhni, smoked baingan, and the rajma were amazing.
In the smoked baingan bharta meal, they gave a piece of atte ka halwa (if m not wrong), which didn't do much for my tastebuds. I wish they had given onions/cucumbers instead of the halwa.
Verdict - I LOVE it! And I wish them luck. Hope they will continue making healthy, tasty, and reasonably priced food :)",5,"2019-01-21 21:58:10",42,1379,1
"2008796","Malabar multigrain paratha with chicken curry... Excellent!! Portion and price better when compared to eatfit. Will tryout more... Definitely!!",5,"2019-01-20 21:11:31",1,61,0
"15375961","Such homely and healthy food at affordable rate. Curefit should learn from these guys ! People in my office have started taking photos of their daily meals because they look so appetizing .",5,"2019-01-10 08:40:22",2,94,0
"65306849","Excellent preparation and amazing taste! I tried Lean Butter Paneer meal. It was absolutely a treat to my stomach. In fact the brown rice never tasted so much better! Only request is that it would be great if they could give a calorie counts with the bill. ",5,"2019-01-08 13:11:55",17,7,0
"38659219","MENU: 👍Regular menu and also rotating menu for subscribers that changes every day
FOOD:🍲 I tasted almost every dish from there menu.. All are woww and tasty
PRESENTATION: 👍
HYGIENE : 👌👌👌
TASTY: 😋 Only healthy meal in city that is tasty 👌👌👌👌👌👌",5,"2019-01-07 07:27:07",3,39,3
"37126568","Food is amazing ! Healthy and lots of variety in the menu. A great alternative for people on a diet. Looking forward to trying out more dishes in the future.",5,"2019-01-01 20:25:17",6,10,0
"34821955","I found healthy food here with sufficient carbohydrates required for my body. Good choice for fitness freaks. Especially vermicelli upma is my favourite of all the dishes. ",5,"2018-12-18 13:59:46",3,20,0
"3047742","Amazing food! Tried the butter paneer meal and the Malabar paratha and chicken curry. Both the curries were awesome! definitely recommend people to try it.",5,"2018-12-18 13:35:19",4,70,0
