"UserId","Review Text","Rating","Time","Reviews Count","Followers Count","Photos Count"
"111695","Went there for lunch..Ordered veg biryani and rayalsima biryani..both were good.Quality of food is good with good quantity. Recommended for those who are nearby DLF and wanted to try biryani and nonveg,",4,"2019-04-26 17:44:10",91,1078,0
"60562007","Ordered chicken dum Biryani from this place once but taste is not upto the mark.
Later on tried chicken fry biryani from this place nearly 3 to 4 times. Everytime I ordered the taste is awesome. Even we can try tandoori chicken from this place it also tastes good.",4,"2019-04-12 21:58:11",15,2,0
"1097252","Went for quick lunch with colleagues for a farewell ....below avg ambience and dirty sofas .....food was overspicy and I feel they tried to mask the stale taste.....only reason restaurant, still alive is next to DLF....nothing else.. ",2,"2019-03-22 22:48:25",42,73,0
"51033671","Here, biriyani taste is nice. Must try ulavacharu flavour here. Nothing to say about ambience and nothing much to say about overall service. ",3,"2019-02-01 23:45:52",43,27,0
"74476833","I love to eat biryani in Hyderabad Chefs.Food is very tasty with effortable price.Zomoto deliver the order very less time.Thankk you zomato..",4,"2019-01-08 14:33:26",1,0,0
"3029315","The staff is not at all polite. Even we got dirty plates. Its one of the worst experience I had. I would suggest to order food from online if you wish to have food from here. The taste of food is decent but it has no ambience. In a way they charge more than the service they provide. ",2,"2018-12-10 13:50:05",38,172,0
"79443796","speciality restaurant offers signature Hyderabadi delights and north west frontiers dishes that make it an unforgettable dinning experience. For over decades now, this place has been serving food belonging to all the various places in the city. With the richness in the dishes and the care with which they make, it's an unusual experience",5,"2018-11-04 12:13:57",4,8,0
"54646858","good ",5,"2018-10-05 23:30:41",4,1,0
"40980472","Worst service and the food is pathetic.Biryani is not at all hot and the chicken is stored one which smells very bad.Coming to chicken Lollipop,When we ordered it he brought drumsticks and saying it’s lollipop.They are trying make customers fools and making cash for the ppl who comes as  team outing on Friday.
Food-1/5
Service-0( Arrogant servants)
Ambiance-2/5",1,"2018-10-05 15:18:39",6,3,0
"54485696","good ",3,"2018-09-30 15:31:52",3,1,0
"30466489","Ambience was quite simple like a Cafe and the order will arrive to your table quick fast. I have tried only chicken dum biryani (becoz my tummy was full) which was good but not great. It can be little more spicy and juicy. ",3,"2018-09-25 22:13:32",68,178,2
"54850057","food is tasty",5,"2018-09-20 23:09:51",3,1,0
"52387748","Nice ",5,"2018-09-19 16:20:41",1,6,0
"53277805","On time deli",5,"2018-09-11 16:39:03",1,1,0
"66351682","Super ",5,"2018-09-10 00:58:34",2,0,0
"52093459","nice",5,"2018-09-07 22:23:06",2,2,0
"41487950","nice",5,"2018-09-06 16:41:37",1,1,0
"64276159","charging 10rs for packing but its bulshit, charging 10 for normal packings😈... comming to taste.. i ordered chicken fry piece biryani which tasts nutral.. means no flavour... very bad ",1,"2018-09-01 14:04:28",1,0,0
"51978508","It's good tasty.. Good quality and quantity. I order from this several times just once the quality was not good remaining all are sooo good.. Worth value ",4,"2018-08-27 14:08:09",1,1,0
"52928434","I have book prawns biryani . but in that I have received chicken bones with some small chicken pieces.....got disappointed........",1,"2018-08-27 07:10:43",2,7,0
"42981351","good ",5,"2018-08-26 16:03:22",8,18,0
"51492681","nice and friendly delivery",5,"2018-08-25 21:00:45",1,1,0
"1208622","A decent place with a regular setup but the pricing is very high. Veg Biryani itself costing at 210/-. It is more like a casual hotel, can't call it a restaurant as it have no ambience, not good tables and chairs. We had Butter Naan and Butter Chicken and the taste was good and service is also good. But the look of the restaurant should be improved.",3,"2018-08-23 20:28:28",24,557,0
"29754557","This place surprised me with its taste and quantity whenever I ordered from it.Great going..would love to place more orders from Hyderabad chefs",5,"2018-08-21 06:13:51",4,1,0
"56577074","worst delivery ",1,"2018-08-20 15:30:27",1,1,0
"60390096","super fast delivery,i like it",5,"2018-08-17 21:35:29",1,7,0
"46652926","Decent place near DLF! Their fry piece chicken biryani is my favourite since I prefer small chunks of chicken in my biryani as compared to one large piece.",3,"2018-08-16 20:38:03",12,15,0
"54485696","food is good, little  spicy. ",4,"2018-08-09 00:06:08",3,1,0
"53652651","packing was not at all good",3,"2018-08-06 17:10:29",1,4,0
"54485696","it's OK, little  spicy. ",4,"2018-08-05 14:08:42",3,1,0
"843691","On time. Thanks. ",5,"2018-08-03 22:00:36",2,0,0
"62125292","we are not satisfied,  with the  quantity of chicken piece which you given, you are just trying to fool the customers by giving 50 or  60 percent off on the very first order .it was not so good.  it is very very bad...! ",1,"2018-08-02 16:09:03",1,1,0
"63091912","not good",1,"2018-08-01 13:31:37",1,0,0
"52970339","delivery on time",5,"2018-08-01 12:54:46",4,3,0
"59972358","Too much spicy and masala...",1,"2018-08-01 00:04:57",2,1,0
"63110136","only one chicken piece for whole biryani,such a shame",1,"2018-07-31 22:46:23",1,0,0
"37268353","excellent food",5,"2018-07-29 21:53:19",1,1,0
"51751298","Good delivery",5,"2018-07-29 12:51:06",0,0,0
"3824781","got chicken biryani without chicken",1,"2018-07-28 21:24:57",0,30,0
"58965744","Good ",5,"2018-07-28 17:07:11",1,0,0
"60281003","excellent communication",5,"2018-07-27 21:18:50",0,0,0
"6477171","Butter milk not delivered ",1,"2018-07-27 13:37:49",0,54,0
"58883925","Provided more masala and less onions , last week totally less masala and full of white rice",2,"2018-07-26 23:18:00",0,10,0
"62476013","1*",2,"2018-07-26 20:48:39",0,0,0
"42197349","fast delivery",5,"2018-07-26 18:03:48",0,28,0
"54578633","nice",5,"2018-07-25 12:40:24",1,14,0
"62182743","goood",5,"2018-07-24 15:24:29",1,1,0
"53548204","good",5,"2018-07-23 21:53:55",1,0,0
"59914236","",5,"2018-07-23 16:29:52",1,0,0
"42887951","good delivery",5,"2018-07-22 22:44:35",1,9,0
"2703456","the deliver agent was on time and professional..",5,"2018-07-22 12:42:24",1,21,0
"60830158","less peaces",2,"2018-07-21 00:15:48",2,0,0
"51982062","Very tasty ",5,"2018-07-20 15:24:11",2,17,0
"61595951","good",5,"2018-07-20 15:20:27",1,0,0
"58845466","good",5,"2018-07-20 14:12:13",2,0,0
"61567951","good biryani",4,"2018-07-20 14:07:00",1,0,0
"54954338","good",4,"2018-07-20 13:51:18",1,0,0
"57237202","On time delivery",5,"2018-07-19 22:16:21",2,0,0
"47875188","Good food awesome ,I ordered Lollipop Biryani",5,"2018-07-19 21:57:18",3,0,0
"53538648","excellent ",5,"2018-07-19 20:08:10",1,1,0
"42368856","Ordered food was not delivered. we ordered fried piece biryani though bill States the same but it was normal dum biryani that was delivered.",1,"2018-07-18 21:17:26",6,5,0
"4121431","Perfect place at a perfect time! All said once when it was inaugurated as everyone near DLF Hyd had to travel to other places for a good team lunch/dinner.
But gradually restaurant failed to impress the employees and they are traveling again! :D 
Nevertheless, Food is better especially the biryani.
Ambience is okay, and service could do a little bit better. They take a whole lot of time to get your ordered food on to the table.
One time visit.
Food - 3/5
Ambience- 3/5
Service-3/5",3,"2018-07-18 20:36:12",25,1287,0
"60189671","good service",5,"2018-07-17 16:00:33",2,0,0
"37160101","good delivered on time ",4,"2018-07-17 13:19:00",1,1,0
"53561539","good",4,"2018-07-16 20:33:38",3,1,0
"59972358","good service ",5,"2018-07-15 22:11:03",2,1,0
"53049401","on time delivery ",5,"2018-07-15 22:02:09",1,1,0
"61067470","very good",5,"2018-07-15 21:34:47",1,0,0
"61067645","good",5,"2018-07-15 20:53:22",1,0,0
"60149984","excellent food",5,"2018-07-15 20:47:04",1,0,0
"59529302","awesome taste but prawns pieces are less",4,"2018-07-15 13:34:55",2,0,0
"46062349","Very bad
Don’t have rice quality 
Not cooked rice ",1,"2018-07-14 22:44:52",1,1,0
"58289177","awesome taste",5,"2018-07-14 22:27:34",1,0,0
"35257143","gongura biryani was nice but quantity for two people is too much and Apollo fish was not tasty",2,"2018-07-14 22:15:20",6,1,0
"29514161","quantity of starters  was less ",3,"2018-07-13 22:38:27",2,26,0
"60698833","Nice",4,"2018-07-13 15:50:46",1,0,0
"58145413","good",4,"2018-07-13 12:47:46",3,0,0
"58279511","Good job",5,"2018-07-12 20:09:20",1,14,0
"52286537","very less quantity",2,"2018-07-12 13:34:58",3,9,0
"52554427","good",4,"2018-07-11 00:12:51",6,1,0
"34014392","Good as Always",5,"2018-07-10 20:37:00",13,35,0
"60128008","not so good and it's not so spicy",2,"2018-07-09 21:29:14",1,0,0
"39573680","very friendly...",5,"2018-07-09 20:39:26",1,1,0
"36624198","good",4,"2018-07-09 20:27:44",1,1,0
"60229951","good",5,"2018-07-09 17:47:51",1,0,0
"60222849","very nice and delicious.",5,"2018-07-09 15:23:29",1,0,0
"57513950","awesome service",5,"2018-07-09 15:11:45",1,1,0
"58853362","Good",5,"2018-07-09 13:57:56",2,3,0
"59864717","",5,"2018-07-08 21:19:45",1,0,0
"46415029","Delivery was too late. it got delivered by 10:50 PM. we ordered at 9:45pm. And biryani is not hot. very bad serve.",1,"2018-07-07 23:29:37",1,18,0
"55758625","Taste is good ",5,"2018-07-07 22:27:11",1,1,0
"59978038","25mins late..",2,"2018-07-07 21:13:27",2,0,0
"37476075","good",4,"2018-07-06 14:00:14",1,1,0
"59206201","good",5,"2018-07-06 13:39:14",3,0,0
"59787114","superb  service",5,"2018-07-06 13:26:14",2,5,0
"59708764","worst food.. with only 4 small pieces",1,"2018-07-05 20:17:06",1,0,0
"55847282","good",5,"2018-07-05 14:07:19",4,1,0
"20217310","cheated",1,"2018-07-05 11:25:48",8,13,0
"59628696","nice person",5,"2018-07-04 21:20:47",1,0,0
"55847282","good",5,"2018-07-02 22:45:31",4,1,0
