"UserId","Review Text","Rating","Time","Reviews Count","Followers Count","Photos Count"
"45735378","I have ordered Paya shobha soup the worst ever that i have ever eaten they have added some veg soup and added some pieces of mutton do you ever think this is paya soup anfI doubt they have got the order from some other place ",1,"2019-05-13 20:13:50",1,37,1
"45128821","been there. Seating was good but food wise - Ordered Paya Shorba. It was too oily. Food made me unwell. Got rashes all over the body. Very bad experience.",1,"2019-05-12 23:55:16",4,3,0
"67908428","The worest haleem I have never tasted it's been like chewing just half cooked meat with no ingredients there is no flavor of eating haleem...... this was my bad experience of eating haleem in 2k19 ",1,"2019-05-09 23:53:02",1,0,0
"1773003","Someone said that ""an under-rated place is always a better place that a over rated place"".
Really one of the better place than the Crowd destinations. fast preparation and serving of Tasty Food.
Quantity wise: We will get Good Quantity Food. Its Good to go with a bigger group.
Tried some of items as a-la-carte. Some are as mentioned below
Soup, Murg Adraki Shorba, Kebab Platter, Masala Kulcha, Murg Masala, Chicken Dum Biriyani, Vegetable Dum Biriyani, Salt and Pepper Prawn.
Yet to try with their Buffet option.",4,"2019-05-06 14:59:32",68,136,0
"74824358","I ordered food from this restaurant. The zomato valvet cancelled my order without notifying me. I didnot got my refund as well as food. My money got wasted and i starved for so long. Very poor service i must say. And most important thing, money is hard earned and if we are spending on something we ll definitely need it. But my money got wasted.",1,"2019-05-05 11:48:21",1,0,0
"34376939","There is no appropriate response from them for any issues. They served me spoiled food. If I ask the same question they were not replying anything.
I'm not interested to one star also",1,"2019-05-05 08:20:29",4,16,0
"107931833","They sent mini biryani instead of full biryani and also it was very cold and melted . And price was 250 . Very unhappy with the restaurant...",1,"2019-04-30 14:55:13",1,0,0
"32521009","Daawat khaas murgh musallam
Sinkanderi raans
Sabz kebab platter
These items are the best we ate here with my collegues ... everyone has to try these😀",5,"2019-04-24 15:38:25",3,10,0
"38874531","Chicken Dum Biryani is So Tasty. Zomato is providing the best offers for get the best food at best price. The Rice is so good and flavoured nice.",4,"2019-04-19 21:16:39",10,11,0
"35272596","Ordered Sikanderi Raan( signature dish ) ,butter garlic naan and nihari gosht. It was outstanding and can easily be consumed by 3 persons. Nihari gosht was also too delicious.",5,"2019-04-18 07:32:57",28,33,1
"49977725","Woah! Such an amazing Hyderabadi Biryani ❤️Bit late for delivering the product so it was not tat hot,but food was literally amazing. Must recommended.",5,"2019-04-16 11:54:41",9,1,0
"20403649","Food quality is good with medium level of spice. Might feel little costly comparatively but must try for everyone. Had biryani multiple times but never disappointed.",4,"2019-04-15 08:42:01",2,0,0
"32914529","A seriously underrated spot in Gachibowli!! I have been here a few times now and experimented a few great dishes. They have great Afghani and arabian food....their a little pricy and the chinese food is too spicy.... If u haven't been here, give it a try but avoid the Chinese side of the menu(Unless you are a fan of SPICY food)",4,"2019-04-13 18:47:00",27,72,0
"45261873","Not so expensive place but can definitely give it a try , had patthar ke gosht and the meat was tender , though the taste can be improved a bit , had biryani also and was nice . . Can be visited with friends..",4,"2019-04-06 19:07:10",60,697,0
"37242332","Ambience: NA
Service: NA
Food: ordered chicken dum biryani. Recieved oily spicy biryani with dry chicken pieces.
U will be able to eat it but u won't feel ur eating biryani.",2,"2019-03-29 01:15:59",10,4,0
"52642387","Biryani tastes stale.Highly unethical service. They will charge you 40rs for a 20rs coke(250 ml). Never ever go or order anything from these cheaters. And even after calling the restaurant multiple times they won't pick up the call rather they will disconnect it.",1,"2019-03-24 14:20:28",12,6,0
"8267981","This is a newly opened restaurant in Gachibowli. It is famous for it's Nizami style of cuisine. It is very spacious and has a cozy ambience with good music.
Dishes that we have tried:
1. Chicken Hot & Sour Soup
2. Chicken Manchow Soup
3. Eight Treasure Soup
4. Chicken Platter
5. Daawat Khaas Sabz Kebab Platter
6. Daawat Khaas Murgh Musallam
7. Zafrani Roti
8. Paneer Pasanda
9. Kaddu Ki Kheer
The food served here is delicious and mouth-watering. The pictures of the famous dishes served here are displayed in the LCD Tv's. Just the pictures themselves will activate all your taste buds. If you are going with a group of 6-8 members, I suggest you order platters instead of individual starters.
We have ordered Chicken Platter and Daawat Khaas Sabz Kebab Platter. The chicken Platter comes with 4 variety of chicken starters with 6 pieces for the each variety. And Veg platter is served with Paneer Tikka Kebab, Tandoori Broccoli and starter of cauliflower. Both veg and Non-veg platters tasted great.
In the main course we have ordered the famous dish of this restaurant *Daawat Khaas Murgh Musallam* It comes with chicken marinated with ginger garlic paste and stuff with eggs and mutton keema. Leaving the Hyderabad biryani aside, this was the best main course item that I have tried in the recent times. It easily serves for 3-4 adults. And it is really a must try dish if you're visiting this restaurant. Apart from that we have ordered Paneer Pasanda with zafrani Roti. The Paneer Pasanda curry tasted little bit sweet and none of us have liked it.
And coming to desserts we have ordered Kashmiri Rabdi and Kaddu ki Kheer. Both of them are really good.
Service:
The service here is really commendable. The staff is cordial and always available at your service. Within no time from ordering they serve the food hot at your plate.
Value for money:
I can't comment on the vegetarian food but for the non vegetarians this restaurant is a treat and the prices are worthy enough. We can try a variety of dishes which we haven't even encountered in the menu of regular Hyderabad restaurants. So mark it and visit this place for your next dining. Have good food and great experience :)",4,"2019-03-23 23:47:53",64,540,9
"51759566","I have ordered paneer pasanda yesterday night and received totally burnt paneer and uncooked gravy with a ton of turmeric..which was smelling disgusting..I couldn't even took a bite.worst food I have every received.",1,"2019-03-22 08:50:11",2,11,0
"38621333","As the name suggests, this place serves the authentic hyderabadi cuisine. This is a new place in town. The place is very spacious with proper seating arrangement and can be visited by friends and family. The staff was very courteous and friendly.
We first started off with Yakhni shorba which is a mutton soup. Then we tried few starters Daawat khaas-Murg sholay kebab, Phuket fish, Wok tossed chicken, Sikanderi raan and Daawat khaas- Chelo kebab.
Then we tried main course Nalli gosht and Murgh lababdar with bread, Murg musallam and Hyderabadi mutton biryani. 
Then the mocktails Virgin mojito, Mojito fantasy(strawberry), coolers(coconut, cucumber, lime, mint), Mango mule, Blue hawaii, Soda fountain.
We ended our day with the desserts Shahi tukda and phirni.",5,"2019-03-21 21:34:09",75,172,16
"47377852","*Dum Biryani taste was average no spicy.*
I don't know reamaining dishes. I have only orderd dum Biryani. but I am not satisfied with the dum Biryani taste bcz no masala added. I felt like white rice I am eating.chicken piceses also no taste. I can give 2/5.",2,"2019-03-17 15:25:42",48,15,0
"37602548","Follow My Instagram @BeingHydFoodie
Hyderabadi Daawat, A New place in town located at Gachibowli. A place know from serving pure authentic Hyderabadi cuisine! And this has been in my list to visit since this place opened.
Talking about the Ambiance, It's gorgeous, simple and spacious with beautiful Interiors and great flighting.
We were here for lunch and since it was our First visit, we were confused what to order, then we asked the management to send their Signature dishes.
But before that since it was very hot, we ordered for Mocktails.
Strawberry Mojito, Virgin mojito, blue Hawaii, Soda fountain and Mango mule were among the Mocktails we had, They're amazing and refreshing!
Started with Yakhni shorba: Very delicious, Mutton was Cooked properly. Soup was Served very Hot!
Murg Sholay Kebabs: The signature Starter of this Place, very well presented with the Mini BBQ sizzling grills. The chicken was Little hard, should've cooked for a Little Longer.
Wok tossed chicken: Chicken was soft and Tender tossed in sauces, Little sweet. Chopped with Bell peppers and spring onions of Topping. Absolutely delicious.
Phuket Fish: One of the best fishes I had recently, very soft perfectly cooked, Slightly spicy. A Must try.
Sikanderi Raan: the House Speciality! The most Tender meat I've ever had in life, Probably the best you'll get in Hyderabad. Very tender, Full of Masalas and loaded with Ghee. The Marination for the Whole Raan is done 24 hours before and then roasted and served on table. Highly recommended!
Chelo Kebabs: Another House Speciality, The Kebabs were tender, Smokey and Delicious. Served along with Mild Flavoured rice, grilled tomatoes, Sunny side up and salad . A perfect platter for 2 people!
Murg Musallam: I've had this in many places, didn't really like it, But here it was one of the bests I had in the city. Though it takes 30 minutes to cook, it was worth waiting. The whole chicken is stuffed with Minced Meat and Boiled Eggs! Chicken is marinated with many spices and Curd Mainly. Cooked very perfectly, tender and Absolute scrumptious. Served along with flavoured rice! Highly recommended and The Best Murg masallam you'll ever find!
Chicken Tikka Lababdar: Scrumptious, Slightly spicy, chicken cooked right to perfect. No Colors added in the gravy, Just Delicious!
Nihari Gosht: I usually don't order mutton gravies from restaurants, But I had Faith in this palace that they serve good meat. As their mutton starters were excellent, even from the Main course this gravy was Scrumptious. Spicy and mutton cooked perfectly. We had these 2 Delicious curries with Hot Butter Naans! I would Recommend these 2 curries, A Must try!
Mutton Biryani: Very Flavourful, meat was perfectly. Rice grains were of a good quality! Just that they added a Lot of cardamom in it, with which the Biryani gave a Strong Flavour. Tasted pretty good.
Ended the Day with Desserts: Hot Shahi Tukda and Matka Firni. Both tasted Delicious, They weren't too sweet. Perfect to end our day.
Outstanding and Fantastic experience at Hyderabadi Daawat, One of the places to serve authentic Hyderabadi cuisine, No Colors and preservatives. Hope This place will never disappoint! It was worth travelling 25 KM's to visit this place. The staff was Humble and took good care of us. ",5,"2019-03-17 13:06:24",137,1547,32
"69583025","Hyderabadi Daawat as the name suggests has some authentic Hyderabadi food which you get to eat in the functions here in Hyderabad! Ever been to a Hyderabadi Daawat before? No not the hotel we're talking about a function, well if you've been to one then You definitely know how much a Hyderabadi loves food and how much he spends on the Menu! And here at Hyderabadi Daawat, the restaurant, you get the same splendid variety of dishes to enjoy! The hotel is very easy to locate! Its on the main road...while coming from ORR or Gachibowli side it comes on the right side and if you're coming from Miyapur side then it will be on Your left! The restaurant has simple yet beautiful interiors, very calm and cozy place! They also have Banquet hall and a Conference hall and they also undertake Catering orders for parties and functions! And after the ""DASTAR"" was set we sat down for the food and they first brought the YAKHNI SHORBA! Shorba is nothing but the soup! Yakhni Shorba is a dish from Kashmir...people in the North tend to have it more! And it is a very good source of protein! Usually it is mild in spice level but at Hyderabadi Daawat owing to the spice cravings of Hyderabadis it was made a little spicy! But the taste was fantastic! It was the best way to start off Your meal! Next came the starters in which we were served the Wok tossed chicken, Phuket fish, Sikandari Raan and Murgh Sholay kebab! Let's start with what we loved the most: The Sikandari Raan! ❤ It's one whole leg from the Goat or Sheep! You know for a fact that Mutton and Beefs aren't usually as tender as Chicken but the chefs at Hyderabadi Daawat changed this notion entirely! The mutton from the Raan was soo soft tender and juicy that Your teeth has no work to do...cause it just MELTS! And talking about the spices...it was very mild in spice and very well marinated! Coming to the significance of the name SIKANDARI RAAN! Most of You must be knowing that Alexander the Great who had captured almost all parts of the world was known as Sikandar e Azam! After winning one of the battles in 300 B.C at Takshila he took the ruler called Porus as captive and when Porus was asked what he wanted He told he wanted them to treat him like a king and soo Alexander or Sikandar took him as his friend and arranged for a lavish buffet in which this Raan was signature dish! And since then it is named as Sikandari Raan! Well, we think no other name would have justified the Size and Taste of this dish better than Sikandari Raan! A must must have for You all! Highly recommended dish if You're here! 😍 The next best starter was the Phuket fish! It's a nice spicy fish coated with finely chopped onions, ginger garlic paste and tossed in Soya and Chilli sauce! The taste was of another level! Next we had the Wok tossed chicken! Wok tossed is an East Asian style of cooking where they use woks or metal pans with shallow bowls used for frying or steaming! The taste of the chicken was really good with all rightly mixed flavours and spices but it was a bit hard to chew! Soo we recommend the chef to look into that! And next came the Murgh Sholay Kebab! It was the Barbeque styled chicken! Very nicely marinated and tender to eat! And the presentation was amazingly done! 👌🏻 After we were done with the starters they brought a very appealing and extremely beautiful dish called Chelo Kebab! It was extremely well presented! Chelo kebab is an Iranian Dish in which there is cooked rice along with varieties of chicken kebabs! The chicken and the rice as well is too mild in spice but rich in flavour! After this the main course was started in which we were served the Chicken Lababdar, Nihari Gosht, and Murgh Musallam with Butter Naan! Nihari Gosht was Love! ❤ it wasn't like the usual Nihari that You eat on a regular basis! It was different and very thick and spicy! And the mutton which they used was really tender! Do try this dish here! Chicken lababdar was really lababdar along with the butter naan it was a perfect combo! 😍 Murgh Musallam was completely different here when compared to the Murgh Musallam we had at other places! Here they serve the Murgh Musallam with rice! And the meat is filled with minced mutton and eggs! You should definitely try this dish! ❤ We were done with all this but how can You even think that a Hyderabadi daawat would end without the Hyderabadi Biryani? We had the Mutton Biryani it was very rich in flavours and seasoned with good amount of roasted onions! The aroma of the Ghee added to the taste of the Biryani! 😍😍 And the Daawat came to an end with the desserts You commonly find in a Hyderabadi Daawat...Matka Firni and Double ka Meetha! Double ka Meetha is the very usual dish You see in the functions of Hyderabad! It is made with roasted breads to which milk cinnamon and almond powder are added! And at Hyderabadi Daawat it was perfectly made and was served Hot! ❤ Overall the lunch here was a Terrific experience and we all just loved it! And also a special mention to the Owner of this place who is a very Kind hearted and a humble person! He speaks to You related anything and everything You have to ask or tell and takes the Feedback whether good or bad with a smile! Way to go Sir! 👌🏻",5,"2019-03-16 22:01:58",17,270,6
"43495179","This place is only a few months old. It's true that Hyderabad is filled with various food places that serve different cusines, mainly there are n number of Cafe's, bars, food joints. The new culture has out shined the basic restaurant culture.
Hyderabadi Daawat is that place which will bring back your memories of going to a restaurant to enjoy a good sumptuous meal with your family or friends.
It excells in real flavours used in Hyderabadi dishes and will make your mouth water for their signature dishes.
Starting with the mocktails section, there is a huge variety. From the basic mojitos to the flavoured ones. The signature mocktails and a must try outs are Mango Bloom, Soda Fountain and Strawberry Mojito.
Coming to the starters, it's the best to begin with some soup. Yakhni Shorba is the best try out soup.
Phucket fish, wok tossed chicken and Sholay Kebabs are the other three delicacies in the starters menu. Sikandari Raan.. the signature item from the menu is the show stealer. The presentation is so lovely that would not let you take a picture of it but to devour it immediately.
Heading to the main course, Hyderabadi cuisine is incomplete without biryani. This place has amazing Mutton biryani which is flavoured so well. The aroma is literally breathtaking. Chicken Tikka lababdar and Nihari Ghost are the other curry options which should be tried in the main course along with butter naan. The main ""main-course"" is Murg Massalam, a whole chicken stuffed with lamb and eggs. This dish was superb in taste as well as presentation. After a full on meal desserts are a must. Matka Firni and Double ka meetha were amazing here and should be eneded with after the meal.
The staff here is very polite and friendly. The ambience is serene and calm,goes well while having your meal here. The place has a huge space of sitting area. The indoors are done very finely with good cravings on the ceiling.
Overall its a place you can go to with your family for an amazing Lunch or Dinner. Most recommended!!! ",4,"2019-03-14 22:31:48",109,547,14
"39164636","Just average 👎 I had paya shor a from this place and must its not worth. You can have it alongside rice or roti but not all alone like a soup. They gave 2 small pieces infact very small and the quantity also too less. Utne mei kya hoga? Infact #payashorba is an absolute waste from here. Completely disappointed. I have given 2 stars just for the packaging. Well it was neat. Rest all I don't prefer to have from this restaurant again👎.",2,"2019-03-13 23:27:10",39,77,1
"2043230","Review is for delivery only.
Ordered Dum la Murg Asifi, with roti and nan.
Little disappointed with quantity of curry. Was too less. But the taste made it worth the quantity. It was fantastic. Thick rich creamy gravy with almond paste. Absolutely blown away by the taste. Only if quantity was improved it would have been a perfect 5.",4,"2019-03-06 13:01:49",34,820,0
"51367760","One of the finest dining experience I've ever had!!! Absolutely loved the food and staff were very courteous and they really do their job every well!!!",5,"2019-03-02 15:59:41",2,7,0
"16142730","Probably i am having a bad experience with Hyderabad food these days. So i thought of ordering from a 4* restaurant to be sure.
Ordered masala kulcha. They definitely dont know what a kulcha is and what masala is. It was a tandoori roti. With a little carrot dressing. How can they charge 50 rs for that? Above all this, it was slightly over burnt and had no butter.
Surely not ordering from this place again! ",1,"2019-02-08 17:36:00",166,977,0
"30883441","I ordered biryani from this place. Biryani was very dry. Rice didn't have any taste. Without Salan it was not possible to eat the biryani. Major part of the rice was white without masala.",3,"2019-02-04 19:08:51",60,120,2
"40196684","Visited Hyderabadi Daawat along with 8 friends for dinner. Surprisingly found this place far too good to my expectations. The ambience, service, food were really gr8. Was really happy to dine at this hidden gem. Ordered Paya shorba which was deliciously made. Succulent paya with equally tasty shorba. For starters we ordered murgh ke Sholay, Phuket fish, rounakhi sheekh kebabs. Every item was a revelation. Gr8 care had been given to maintain the authenticity of each item. For mains we ordered chelo kebab and murgh musallam. Chelo kebab was presented with chicken kebab, and sheekh kebab with tasty ruce. It being a Persian dish, rice was little bland which was complemented perfectly by the combination of both the kebabs. Perfect. And the murgh musallam was as perfect as it could be. Wondered why we have not visited this place before. A definite must visit from me. Keep it up team HD. You rock!!!!",4,"2019-02-02 10:47:32",2,0,0
"33001248","Looking at the overall rating & the close promixity to our office, visited this place for lunch along with my team today. Looks like this place is mainly for IT people as most of it is occupied by 3 batches ( 12+). Nothing great to say about the interiors, ambiance it is decent enough. I am the odd man out in the group being the only vegetarian, but will put in words what my colleagues said about the non veg food. 
Veg: Not that great, we ordered Panneer tikka & palak sheek kebab for starters, Sabzi Nawabi Handi & butter naan for mains. Panneer is rubbery & not soft indicating it is not fresh. Palak sheek kebab is kind of bland with no taste & not cooked properly. As suggested by the staff, we opted for Sabzi Nawabi Handi which is a bad decision as the taste is not that good. Service wise, they took lot of time in getting our order which is a let down as well.
Non veg: Sikendari Raan is a standout dish whereas the other Murg Musallam is bland with no taste/spiceness to it. Same is the case with Yakhni Shorba which tasted like hot gravy water.
Overall I would not suggest anyone to visit this place considering the inconsistency in the food they served along with bad service.",3,"2019-02-01 17:45:20",87,167,5
"15102371","Ordered chicken Biryani from this place last night and it was delivered within 45 min with good packing.
Coming to the food, biryani was not upto the mark. Rice was quite plain and don't have masala, however it looks amazing but lacks the flavour. there is one thing called less masala or spices but rice here was actually more on the bland side, rice quality was superb but taste was missing which usually Hyderabadi Biryani have. Mirch ka Salan was decent so as the raita, chicken pieces were having some masala and spices but somewhere some of the pieces were little raw from inside and not completely cooked. When eaten with mirch ka Salan and pieces then only there was little bit of taste otherwise it wasn't decent enough also. Ordered from Zomato on special prices otherwise the price tag which they have is high. Didn't found this biryani value for money.",2,"2019-01-31 18:18:31",362,4096,1
"50931643","Ordered Chicken Biryani, Shahi Tukda and Malai Kebab through swiggy. Delivery was quick and packaging was perfect.
Chicken biryani was good, rice was flavourful. Rating: 3.5/5
Shahi Tukda was good, liked the taste. It's a must try.
Rating: 4.5/5
Murg Malai Kebab was not good though, the chicken kebab pieces were undercooked. The kebab pieces were raw and chewy.
Murg Malai Kebab: 1/5",3,"2019-01-30 16:57:16",74,64,2
"39742860","I ordered veg dum biryani through zomato and i got just coloured basmati rice without vegetables, one packet gravy and water curd. There is nothing other than colour basmati rice, there is no spices also. never order online from here and I don't know about dinein",1,"2019-01-30 15:11:10",1,1,0
"61247077","I have ordered chicken biryani Worst taste and the chicken was not fresh dont waste ur money. I had a bad experience i would never recommend anyone this restaurant",1,"2019-01-29 21:34:47",2,0,0
"31833428","Nice place with good food and ambience. Ordered Mutton shorba and the chicken platter, very tasty and well served in short time. No waiting for long and the staff also very polite. Recommend  this place.",5,"2019-01-26 21:26:06",5,5,0
"3060523","I have ordered many combos, biriyani , chelo kebabs and thai restaurant never disappoints. Consistent quality , freshly made food, brilliant taste. This rating is based on the food only as I have never visited the restaurant. Keep up the good service. ",5,"2019-01-20 22:09:34",23,61,0
"72435071","Today I ordered chicken Dum biryani...the food was really awesome...i loved it
Keep up the good work... cheers 🤘🤘
The quality and quantity was superb",5,"2019-01-12 21:33:01",13,1,0
"65359307","What a bad food serving this restaurant for high price. I ordered today and found food was awful. Before going hear be careful about your health. What I received from this restaurant cold nans uncooked rice, overcooked paneer. From my end zero star. Sach a awful food.",1,"2019-01-12 16:40:27",3,0,0
"30661353","Two items on the menu really stand out and you can visit this place just to try these no matter how far you stay. One is the Yakhni Shorba, loved it. The other is Sikandari Raan which is a lamb leg made on coals. The meat is, to put it like the great food connoisseur Charles Boyle, succulent and flavourful. Really gives work to all your five senses.",5,"2019-01-11 16:28:59",4,42,0
"58659376","Awesome Restaurant and food tastes yummy Yummy! Must visit again n again. Would recommend with family friends and buddies. Real Hyderabadi Nawabi restaurant.",5,"2019-01-09 23:05:24",1,1,0
"85377844","Quality of food and fine dining, we have enjoyed the service and ambiance of hyderabadidaawat restaurant at Gatchibowli, hyderabad .
I strongly recommend of fine dinner occasions.",5,"2019-01-05 20:16:02",1,0,0
"45522769","I went to this restaurant with very high hopes. And turns out that they were successful in satisfying them.
Ordered murg Sholay kebab which were properly cooked and tasted delicious.
In main course, I had murgh makhanwala. The waiter served me paneer sabji instead but they were quick in changing it and the owner also gave a complimentary roti to make it up.
The restaurant is a good place for family dining and the service is satisfactory.",4,"2019-01-05 12:43:00",24,19,0
"62450133","One of the best biryani I have ever had❤️Chicken pieces in it r cooked to perfection with the blend of spices.. Delicious 👌Must visit for hyderabadi cuisines ",5,"2019-01-03 23:35:12",2,0,0
"27725380","Ordered Navratan pulao, sabz sheek kebab and 250ml colddrink for 545 rupees and review is based on that.
Quality- 5/5: The food was awesome, great taste just they should have given some raita or chutney with pulao eventually i was bored of eating pulao, it was less spicy and more sweet
Quantity- 3/5 : The quantity of pulao was good but sabz sheek kebab was very costly just ten piece for 260 rupees is too much
Value for money: 4/5- the quantity was less still it could be considered valuable as the food was very tasty but the cold drink MRP was 20 and they gave it for double price dont know if they added some thing in colddrink from there end that they charged double
Overall is recommended if you eat less and have extra money to spend",4,"2019-01-03 22:52:59",59,40,2
"38182508","Viola!!! Have been looking for such a place for long. Very reasonable and humble staff. Gets you in the true feel of trying mouth watering Hyderabadi cuisine. Murgh Musullam is among the best ❤️",5,"2019-01-02 22:45:40",2,20,1
"33257364","Ordered Chicken Biriyani after 2.30 pm, this was on time arrival by zomato, piping hot with blend of masala and rice, raitha is not watery like others, it was good and will try again",5,"2018-12-30 15:57:46",19,6,0
"43342247","Awesome Authentic delicious food. I ordered a family pack. Received on time😊. Food was very well packed. Biryani is just too delicious. Have it once and you'll start loving it. Felt the taste of biryani after so long time. Thanks to everyone from the restaurant. You people are true hyderabadis and that's the reason your biryani has such beautiful taste. Your efforts are satisfying many of us. Keep up the good work guys. 😎🤘👍. ",5,"2018-12-29 00:08:20",1,1,0
"53588007","not cooked property",3,"2018-12-28 16:31:59",1,1,0
"15821578","Ordered chicken biryani via Zomato.
One of the best biryani I had, portion size was enough of single person. Two medium chicken pieces were there in the packet.
Packaging is good",4,"2018-12-27 19:36:05",4,0,1
"891908","Really awesome foods and specially kebab and shorbas. Good and tasty foods for food lovers, those expermenting foods over rated restaurants. ",5,"2018-12-22 22:28:43",1,79,1
"42807011","A Wonderful Restaurant With Excellent Ambience.Great taste!!!Good Quality and Quantity food..
Must try Sikanderi raan its very delicious.Mutton Biryani,Tandoori chicken,Chicken 65,Prawn Pakoda,
These are also must try itmes..
Good Staff and Service..",5,"2018-12-21 01:48:46",1,2,0
"35564896","Ambience is decent and quiet.
All orderd items tasted good.
Tamatar ka shorba was great.
Nizami handi added it's own taste in main course flavour. ",5,"2018-12-17 11:57:24",9,3,3
"327798","I am a huge fan of regional cuisines. The diversity in our regional cuisines exhibits so much about the range India possess. It also talks about the immense depth in terms of culture and it’s just a festival of flavors. Cities especially witness the change in the culture and places like Hyderabad is an amalgamation of so many from the Nizams, Rayalseema to telugu cuisines.
Hyderabadi Dawaat is one such place which is trying to restore the age old tradition and bring back the cuisine of Nizams.  From slow cooked Raans to delicious Biryanis, the menu for the place is full of culinary delights and I was really excited to go for it.
As I went in for a dinner, we started with a serving of a traditional Yakhni Shorba, a great start to the meal. With every sip, the intense flavor starts to get you. Then there was an array of appetizers that really got me. We had the Achaari Paneer Tikka, where pieces of paneer were marinated in a flavorful tangy achaari mix. For the non vegetarians, we had Murgh Kalmi Kebab where the chicken leg pieces were marinated in a balanced spice mix. The Gosht Seekh Kebab was wonderful as well. It was juicy mutton kebabs and lastly the Patrani Fish. The fish was perfectly cooked and the flavors of coconut cream enhanced the taste. 
The restaurant also took the pain to present us their special Sikandari Rann, where a whole leg of lamb is marinated with whole spices and then cooked in a tandoor. It was served on a bed of fried onions, garlic with some Mutton Shami Kebabs on the side. Every single element from that whole ensemble stood out for me and made my day. Moreover, there were also some Persian Chelo kebabs and Murgh Mussallum for us to enjoy, served along with their range of condiments. The Rann was not enough and the restaurant decided to bring more stuff for us. We had Gosht Masala, Achari Chicken and Nargisi Kofta all of which was served alongside with some piping hot Stuffed Kulchas and flaky Garlic Naans. The Nargisi Kofta was my favourite of the night. It just had the right balance of flavors and made me go gaga over it. The Gosht Masala was spicy but the Achari Chicken was incredible too. Desserts like Gil-e-Firdaus and Fruit Salad marked the end of our meal.
In a nutshell, the true culture and authentic flavors of Hyderabad is being exhibited here. So, Hyderabadi Dawaat should absolutely be in your bucket list! Go give them a visit!",4,"2018-12-13 14:53:40",482,1686,0
"30224663","People say there is nothing called veg biriyani, but Daawat serves you the best veg biriyani in Hyderabad. Been here 3 times in a month and all the time the taste was same. The mixture of rice is masala is very perfect.
Hope it continues to be the same.",4,"2018-12-12 21:19:33",1,33,0
"49921342","Located diagonally opposite Platina it has excellent ambience. We just ordered Mutton Biriyani which was excellent. They have buffet also but was not available on that day as it was an election day.
Ambience: 5/5 Taste: 5/5 Service: 5/5 Value for Money: 4/5
Overall Experience: 4.5/5",4,"2018-12-12 09:26:08",72,42,0
"30170567","Stopped for lunch here. Service is very quick and polite. Ordered two family pack biryani for 7 of us. Quantity is quite good. Moreover the biryani is awesome. One of the best biryani places in and around. Keep it up.",4,"2018-12-09 16:07:01",92,727,1
"177398","Dishes Tried: Sikendri Raan, Murg Musallam
""Wasn't a big fan of the raan, Murg Musallam was spot on. The staff was very nice and welcoming. Loved the decor as well.""",3,"2018-12-04 10:28:43",42,58,6
"31754018","Ambiance:- Awesome . 4 out of 5
Cleanliness- Good, 4 out of 5
Service- Good , 4 out of 5
Food- Good , 4 out of 5
Recommendation:- You can go for it.
Table booking :- need to book a table (In maximum cases)
We had been to there for a Sunday dinner.
We had chicken lollypop,chicken lasooni tandoor and chicken dum biriyani.
Lasooni tandoor was good but a bit flat in taste. There were no much spices.
Chicken lollypop was good .
Dum biriyani was superb with the tender chicken pieces.
The service and staff were awesome at there part.
Great work. Looking forward for another dinner party.",4,"2018-12-02 19:56:43",12,1,5
"48878121","The place was in the list when my friends told about that, the ambience is awesome, everything about the place is design to give a wow feeling,
Coming to the food part , food is very tasty ,finger licking, the portion size is also good enough.",5,"2018-12-02 16:35:36",30,9485,1
"132137","Ask anyone what you like about Hyderabad the most, the answer is always Food! Hyderabadi food has played a pivotal role in making the city one of the most culturally diverse cities in India! Irrespective of which state you are and kind of palate you have, Hyderabadi food will make its way to your heart with its rich generous flavors! But where to eat in Hyderabad? As an ardent foodie, I get this question asked, all the time. So to my non-Hyderabadi friends I have always been recommending legendary Irani restaurants for Biryani and or any Hyderabadi dish. Because i believe the true flavors of a region are found in its oldest lanes!
But that has changed now. Thanks to the unstoppable pace at which the city is growing, even the legacy restaurants have adapted to the change because of the loved showered on them by the urban population. Now a corporate techie doesn't have to travel all the way to the old city to taste an authentic Biryani. The legendary outlets are expanding themselves to every part of the city where they see the love for them! In the last 5-7 years, some oldest names have made a never-before effort to step out of their comfort old city zone and entered the Cyberabad area.
One such new entrant is Hyderabadi Dawat. It is not a legendary name but the people that are running it are definitely lived this cuisine! And its evident in their authentic Hyderabadi food.
Hyderabadi Daawat is located at Gachibowli-Kondapur road. It is a beautiful family dining restaurant with an elegant and royal ambiance. Just how Hyderabadis like it! The menu, as expected, looks as if taken straight out of a Nawabi Hyderabadi Wedding reception!
We were invited to try their exquisite food on a weekday evening! We started with a Mutton based shorba which was perfect in taste but could have been a little thicker!The starters started with Achari Paneer Tikka which was surprisingly good. Though not their forte, it had perfect Taste and softness! The veg Shami was another great starter! The only veg blogger amongst us was so happy to experience the unexpected!
Then came the first non-veg starter, the Murgh Kalmi Kebab! Chicken Thighs marinated and then char-grilled to perfection. It had a gooey texture that probably came from the ghee! It was an amazing starter with a great aroma and succulent chicken!
Then came Seekh kebab, something i am very critical about. Because most of them get it wrong with unnecessary spices and artificial colors! But this one at Hyderabadi Daawat made me feel like home! It had the perfect Hyderabadi taste and the meat was fresh and succulent. Had a proper Seekh Kebab after a long time!
Tandoori Jhinga was just good! Nothing great but then no flaws either!
Their special feature of the evening were three great delicacies!
The first one was the Sikandari Raan, a whole lamb leg marinated with whole spices and then char-grilled and topped with dry fruits! It was one hell of a royal dish! But the meat could have been cooked more. In fact, to a fall-off-the-bone level.
The second khaas peshkash was Chelo Kebab Platter! A Persian delicacy that consists of Rice, a Seekh kebab and other kebabs beautifully arranged on a platter! This dish was so beautifully plated, we didn't want to disturb it and just keep clicking it! Nevertheless, the kebab was soft, succulent and full of flavours. Not very spicy though!
Finally, it was time for the king of them all, the Murgh Musallam. A Mughlai masterpiece wherein a whole chicken bird is stuffed with minced meat, boiled eggs. Then marinated with curd and lot of spices and grilled. It is then topped with a thick gravy which gives it a whole new flavor. See the pics and decide for yourself!
That was our Nawabi Hyderabadi Daawat at this royal restaurant!
I'm glad the Hyderabadi Cuisine is now going fine dine!
Take my word, Hyderabadi Daawat serves, authentic Hyderabadi food!",5,"2018-11-27 02:38:40",222,3012,11
"51790286","awesome food.....found hidden traditional hyderabadi food at gachibowli....love to go repeatedly for the awesome taste and splendid interior.....had mutton dum biryani with original aroma of spices....very nice place to go....keep it up guys.....
You have taste only the requirement is publicity!!!!!!",5,"2018-11-24 20:26:57",1,2,0
"81313253","quick delivery",5,"2018-11-23 17:09:19",3,0,0
"1575466","Went for a casual with my roomie to this place. The ambience was nice and looked like a good restaurant. Ordered Chicken Shorba, which is similar to soup prepared in chicken stew and pepper. For starters ordered Tandoori murgh Adraki, it was served hot and really delightful. The taste was awesome and chicken was properly tandoored. In the same course we ordered the usual tandoori roti and Murg tikka lababdar. Murg tikka was awesome, it was not too spicy nor too blunt, it was perfect gravy with boneless chicken.
Only word of advice for the management is PLEASE STOP APPLYING GST ON PRODUCTS SOLD AT MRP SUCH AS COLD DRINKS AND WATER BOTTLES. GST should not be calculated on those products.
Food:5/5
Ambience:4/5
Hospitality:4/5
Hygiene:3/5(table was not properly cleaned)
Value for money:3.5/5",4,"2018-11-22 21:56:42",74,1736,0
"15826900","Dum biryani @ it's finest. They wrap up the hyderabadi flavour quite well and have started to be known in the biryani and food circles of Hyderabad now.
Ordered Hyderabadi chicken dum biryani for a late lunch 2.0 😂 today. They did not dissapoint me and I am happy I chose this place to order.
For a good, lip smacking tasty hyderabadi dum biryani, you may definitely go ahead and order from them.
Their packaging and service is also neat and hygienic. To be noted.
Recommended.
Food: 4/5
Service: 4/5",4,"2018-11-22 17:45:49",238,740,1
"54042337","Good Food and Great Ambience. I have visited multiple times, tried Mutton biryani, Chicken biryani, Sholay Kebab and Shorba etc at different occasions. I got served with perfection. 😍",5,"2018-11-17 08:20:08",1,0,0
"76974496","I happen to visit Hyderabadi daawat with family .. 14 members.. after long time v gotto taste authentic Hyderabad nawabi food, sikandari raan, kababs, n soo on were js awesome. Good service and decent ambience.. Sitting is super comfortable especially when you visit with family.. m planning to checkout other dishes as well... a must try for Hyderabad nawabi kind of food lovers..",5,"2018-11-17 00:24:05",1,1,0
"39597750","We have gone for veg buffet and the starters were not sufficient for even 4 or 5 people. No starters were served even after an hour. Taste wasnt good at all of any item. Not worth any penny.",1,"2018-11-16 13:56:04",2,1,0
"81313253","awesome taste",5,"2018-11-15 18:55:41",3,0,0
"81313253","Very Delicious ",5,"2018-11-15 16:25:18",3,0,0
"44237244","Nice little place for lunch parties. We were almost 100 people and went for lunch buffet. The ambiance is okayish nothing to write about but seating arrangement is quite spacious. Coming to food we were served with 3 starters chicken malai kebab, chicken lollipop and Apollo fish. All of three were awesome also the vegetarian ones also tasted nice. Didn't try main course much as I was enough but there were enough varieties in chicken mutton and prawn. In desert there was one kheer and one Gil a firdoos really well made. Overall a pleasant experience. ",4,"2018-11-15 13:25:28",23,330,1
"37858634","Excellent....Taste and consistent taste.....
This is my second time and love to go for Ambience and Taste. Especially Chilo Kabab and Biryani also good......",5,"2018-11-12 22:06:50",2,5,0
"32775893","We had Murgh Musallam and it's really awesome. The gravy which is prepared is super tasty 😍😍😍.. chicken was cooked well and tender 😋😋😋 if you are a chicken lover, can try atleast once... The quantity is enough for 2... Pre-check with them for the availability of the dish before you order...
Suggestion for team is to add little more rice to the dish.",4,"2018-11-11 09:16:51",3,53,0
"2890156","Visited this place today. We ordered murgh kalmi kebab, Tawa Fish & Chk Dum Biryani. Kalmi kebab is good. Fish is a bit smelly and the taste is average. We liked the biriyani very much. It took more time to prepare the food and the service is very good.",4,"2018-11-11 04:23:54",4,118,0
"67437544","Food quality is good and hygienic. but they dont provide more gravy and raita, onions for Biryani.  need to improve  food orders packing and serving to customers.",4,"2018-11-09 14:58:20",7,7,0
"32877514","Paid a visit on the occasion of Diwali. The serving manager was very courteous and humble. He suggested some good starters and we finally picked up Veg. Garlic Sticks. Shorba is a must try. Dal Makhni with Roomali Roti is Heaven. Double Ka Meetha was way too ‘meetha’. Overall the preparation is sumptuous and pocket friendly. Must visit.",4,"2018-11-08 00:23:16",51,132,3
"79064209","I am a crazy eater. This is THE best among the best restaurant. Very beautiful ambiance and so is the food and service. Highly recommend this restaurant. Spoke to them, they have party hall and party orders. I will host my next party here!!!",5,"2018-11-06 23:29:18",1,0,2
"39224984","Food doesn't taste good , zomato delivers spoiled food and they take days long to resolve it . agent has to be assigned he has to take over the issue and then escalate all shit process goes on.,......",1,"2018-11-05 20:00:14",3,1,0
"15416931","'Say no more!'
Food - The name itself will get any Hyderabadis taste buds jiggle! And certainly it stood up to it's name, the food here was delectable!
I'll list out my favorites first, In the starters I just fell in love with the Murgh Kalmi Kebab, chicken leg pieces marinated in not so spicy mixture, it was delicious and it is a #musttry on my list! I jumped ahead a lil without mentioning the soup because murgh kalmi was magical, likewise Yakhni Shorba (Indianized Mutton Soup) was a great way to get things started! It had the perfect balance of flavours and that subtle amount black pepper does a great job! Sabz Ki Shaami, a mashed vegetable mixture, fried in oil, served with mayonnaise and mint chutney was a good light vegetarian starter. Paneer Achari Kebab wasn't the softest and also the sides were burnt a lil so they need to work on this, otherwise the flavor is pretty good! Gosht Sheekh Kebab, a classic, the salt levels were perfect and the meat was really tender, felt it was a bit dry though. Patrani Fish, wrapped inside a banana (I'm guessing) leaf, was topped with a layer of mint chutney, although the fish was heavenly, I'd love it to be served without the layering of the chutney! Tandoori Jhinga was again beautifully done and it is the second #musttry starter!
The drinks got mixed reactions! Well 60% of them being below average and another 40% being extraordinary, it was a rollercoaster in this dept.! We gave the review to the management regarding the basic ones and soon after that they presented us Cinderella, Caramel Mint Mojito and Mint Cooler which just blew us all away! I hope they maintain the same consistency in other mocktails as well!
The main course had us dying! We were already so full and there was plenty of food left! Gosht Achari, Murgh Achari, the former being a lil more spicier, were just classic dishes being served and when you combine them with nicely done butter naans, there's nothing better than this combination! Nargisi Kofta was another curry, couldn't differentiate much when compared to the other two.
Special mention goes to 'Sikendari Raan' for ₹1490, it was a treat to watch this magnificent charred leg piece of a lamb on a plate with oozing juices and scrumptious sides! If you're a lamb lover then it is something that'll satisfy all your Mutton cravings! Food gets a solid 10/10! Need to work on the drinks though!
Ambiance - It is a huge property just opposite to SLN Terminus. With ground and first floor seating, it has plenty of space to fill in atleast 130 people at once! Although the place is well lit, I didn't feel anything special being around because right now and always theme based restaurants will give more customer satisfaction rather than just a clean well lit place with good furniture! 'Hyderabadi Daawat' should incorporate anything and everything Hyderabad has to offer in it's culture as nobody else in that area are doing that! I had crazy ideas like making the waiters wear a classic Lungi, have Marfa (Hyderabadi Band Baaja) outside on the weekends, but the classy interiors just don't allow this to happen! Well you never know, I'm not saying that place is bad but they have to add an element of joy! Ambiance gets 8/10!
Service - It was decent! As they're pretty fresh in the market, they'll have to work rigorously to improvise according to the customers taste! The food arrived in an ample time and the table was being cleared every now and then! I'd like every person around to know each and every dish on the menu because due to the unusual names the crowd there will feel disconnected and not know what to order! The waiters, butlers need to push the specials everyday rather than just leaving it on the vast menu they have! Overall service gets 8/10!
Why Hyderabadi Daawat? #authentic
Will I Specially go to HD? Sometimes :)",4,"2018-11-04 20:03:31",145,1154,9
"32737713","It's always good to see restaurants which focus on Hyderabadi cuisine since it's so diverse and encompasses a lot of different varieties within it. Hyderabadi Daawat does justice to it's name but treating us to good Hyderabadi food.
The restaurant is located on the Gachibowli - Kondapur mainroad with convenient parking. The interiors are classy and comfortable.
The dish that started off the Daawat was the Yakhni Shorbha which was meticulously done - spicy, meaty and the meat was literally falling apart from the bone.
Achari paneer - seasoned with pickle masalas and was just cooked to perfection.
Sabz ki Shami - the textures felt a little strange to me.
Tandoori Aaloo- soft and fluffy stuffed potatos with crispy grilled skins on the exterior
Murgh Kalmi kebab - marinated chicken in mild spices grilled to perfection in a tandoor.
Gosht Seekh Kebab- it is extremely easy to dry out a Seekh Kebab but they nail it here.
Patrani fish and tandoori Jhinga needed a improvement as they lacked depth of flavour and taste.
Their main course comprised of Murgh Mussalam, Nargisi Kofta, Achari Murgh, Shahi Paneer, Dal Akbari, Gosht Masala.
Their Sikandari Raan and Murgh Mussalam deserve a special mention.
A variety of mocktails are available out of which my personal favourites happen to be the Lemon mint cooler, Cinderella ( slightly on the sweeter side) and Coco Baliney.
Their service was exceptional where the minutest details were taken care of.",4,"2018-10-31 23:59:51",38,98,17
"38886625","The name is a giveaway here! This place specialises in Hyderabadi cusinie and we were here for a food review session.
Ambience- Decent with ample space. It's a fine dine place you can visit with your family.
Food- This place has lots of splendid non vegetarian options but being a vegetarian, my review revolves around their veg food and beverages.
The food was well prepared and presented overall. I liked the achari paneer tikka in starters. Shahi paneer was my favourite among the main course that went well with their mix roti Basket. Two of my favourite beverages from the evening were Caramel Mojito and Lemon Mint.
The menu is vast and really reasonable. Do not miss this place if you like Hyderabadi cusinie. Even if you're not a fan, do give them a chance as they have a lot to offer at really humble rates.
Follow Unsophisticated Foodies on Instagram and Facebook for more reviews and pictures :)",4,"2018-10-31 23:02:59",204,1629,10
"573349","I have always been a fan of regional cuisines of India for their immense depth in terms of culture as well as tradition. And its not just the flavours on the taste buds, its almost as if you could taste the history of a civilization. And with the imprint Nizams have left on the city of Hyderabad in every aspect, it doesn't even come as a surprise as to why there are an unnumerable amount of dishes in Hyderabadi cuisine. 
Hyderabadi Dawaat is one new joint in Gachibowli area which is trying to bring back the cuisine of Nizams by serving dishes from our very favourite Hyderabadi cuisine to the best of its authenticity. From slow cooked Raans to delicious Biryanis, the menu for the place is full of culinary delights. 
Coming to the food, I went in for a dinner to sample out their menu with some of my friends where we began the meal with a serving of a traditional Yakhni Shorba which was a flavour-pumped version of a simple mutton shorba and an awesome start to the meal. With every sip, the flavour became increasingly intense with the hearty mutton tartness on the back of the tongue. 
Then came an array of appetizers both for the veg as well as non veg. From the vegetarian ones, I personally loved the Achaari Paneer Tikka which had soft pieces of paneer marinated in a balanced pickle spice mix which had just the right amount of tanginess to it. From the non vegetarian menu there were quite a few who made to my favourites including the Murgh Kalmi Kebab - chicken leg pieces marinated heavy handedly in spice and finished in tandoor to perfection, Gosht Seekh Kebab - plain old mutton kebabs with juicy, succulent mutton mince and Patrani Fish - fish covered in a subtle coconut based marinade, wrapped in cabbage and finished in tandoor.
From among the specialties from the area, the restaurant presented us with their Sikandari Rann which was a whole leg of lamb marinated with whole spices like cloves, cinnamon, pepper and cashew nut, finished slowly in a tandoor and served on a bed of fried onions and garlic with some Mutton Shami Kebabs on the side. Each element of the dish was beautiful with the lamb taking the center stage - tender, juicy and delicious. In a similar fashion, restaurant also serves specialty big platters like Chelo Kebabs which is a Persion styled serving of Mutton and Chicken Kebabs on a bed of Saffron Rice and Murg Mussallam which had a whole chicken doused in a delicious ginger garlic marinade and cooked till tender, served again on a bed of rice. 
Even after the Rann, the show wasn't over and we went in for mains trying out their Gosht Masala, Achari Chicken and Nargisi Kofta all of which went really well with some hot Stuffed Kulchas and flaky Garlic Naans. Nargisi Kofta was my favourite one which had the same delicious mutton keema wrapped around boiled eggs and tossed in a rich spicy onion-tomato gravy. Gosht Masala was a tiny bit more spicier that the Kofta and had flavourful bone-in mutton pieces. With the Achari Chicken, the restaurant again showed excellence in terms of balance of flavour as the dish wasn't too tangy as preparations in most of the other restaurants turn out to be. Gil-e-Firdaus and Fruit Salad marked the end of our meal with a sweet note, both of which were less of sugar and actually quite good.
The service here at Hyderabadi Dawaat was just as good as their food. The staff was warm and corteous and took care of each and every need for us diners be it a glass of water or a change of plates. I was highly impressed with the kitchen which though took time to deliver the dishes to the table but also put in extreme care to provide us only what was the best. In a nutshell, if you want to experience the true cultural heritage of Hyderabad on a plate, Hyderabadi Dawaat should absolutely be in your bucket list!instagram.com",4,"2018-10-31 22:56:21",241,3414,15
"78859489","Being a big foodie myself, I would say this is the best fine dine place for all types of cuisines.. The ambience and hospitality is great to match up to it's delicious food.. There are two exclusive dishes over here which were sikendari raan and murg musallam and I have to say that those dishes will keep you wanting to come back to this restaurant again and again...",5,"2018-10-31 21:28:29",1,0,0
"585547","So the place is named as Hyderabadi Daawat, is actually not just hyderabadi food. They have turned this up to a multi cuisne serving hyderabadi , mughlai , oriental and a bit of continental. We though here were just to try the mughlai , a bit of hyderabadi and a little north Indian style of food. Lets check them out. #hyderabadfoodexplorer #letsexplorehyderabad...Read full post on hyderabadfoodexplorer.com",4,"2018-10-31 22:29:23",NA,4136,28
"221477","Hyderabadi Cuisine as such is vast and rich in heritage with its deep roots into the tradition(s) like any other cuisine. Generations after generation, the cuisine has transformed into more commercial and all we know is few kebabs and dum biryani are the cuisine as such. But there is more than just biryani and kebab(s). Once you get to taste real authentic dishes, you will tend to know the richness and diversified delicacies from the land of Nizams. You always tend to get such delicacies towards the other part of the city and what the Cyberabad gets its morphed or rather mostly morphed delicacies. Wait no more as kondapur-gachibowli has got what it has been missing for quite a while. Hyderabadi Daawat opened up recently has a clear agenda of serving authentic dishes to commercial crowd and give them more above and beyond than the regular kebab(s) and biryani. 
My dinner session today had no expectation(s) from it but then the food spoke for itself. Restaurant should be proud to serve some delicacies which you don't get that easily anywhere in vicinity.
Dishes like #MurghMussalam , #MurghKalmiKebab, #CheloKebab, #PatraniFish, #GoshtMasala, #SikanderRaan and many more. While a few dishes went amiss to excite me, all other dishes were completely unique flavors and not quite relatable to palate that's used to typical tandoor/kebab(s). 
Must Try : #AchariChicken, #GoshtMasala, #KalmiKebab, #PaneerAchari, #DalAkbari and #NargasiKofta
Do focus on such rare delicacies when you go dine there and avoid the regular run around the mill dishes and I'm sure you will appreciate the restaurant for bringing you the heritage of culture rich Hyderabadi Daawat Cuisine. I'm definitely impressed with the menu offerings and their service (Mainly Mr. Dilawar was so gracious)
#GastroHogger #LetsHog #HyderabadiDawaat #DawaatDelicacies #CyberabadCelebrationsgastrohogger.com",4,"2018-10-31 01:33:07",373,1687,16
"62265639","Murgh mussalam was too delicious,even desserts were worth having.Overall had a good experience having dinner there.I would suggst it to my frndz.",5,"2018-10-31 01:31:36",1,0,0
"76003969","Excellent food and service. Had my dinner there with team on my visit to Hyderabad. The food was very tasty. The service was awsome and the staff was extremely polite and professional. Would love to visit again. Highly recommended. ",5,"2018-10-14 05:37:56",1,2,1
"75394715","excellent place has value for money, the food quality n the ambiance is much more valuable than what we are paying, all my friends have a good time over there, kebabs n biryani wow amazing. 😋",5,"2018-10-10 16:36:30",1,0,1
"34159175","This is my fourth visit.. love this place... excellent ambience.. tasty food.. authentic Hyderabadi biryani..I loved their crispy chicken.. Must try ..",5,"2018-10-08 19:29:07",2,2,0
"30974258","This place is classy with nice interior. Staff 5/5 food5/5 must try cheelote kabab. Biryani is lip smacking. A frequent hopper to this place and the quality they serve is unchanged. Keep up the good serve.",5,"2018-10-05 01:11:27",12,6,0
"54116420","That's a great buffet....best thing is you can prepare ur own* menu a day ahead...
Must try :mutton shorba,prawns curry,mutton curry
Best For Buffets...",5,"2018-10-04 14:42:56",1,0,0
"53572145","awesome mocktails!!!
Polite and friendly service.... I have tasted food in many restaurants so far but DAWAAT stands best for me in taste and varieties available!!!
we have our favourite waiter rajuddin.. always brings something new for us based on our taste!!!!",5,"2018-10-03 22:42:26",1,3,0
"53321994","awesome mocktails!!!
very good service
I kept food for the last because its very very good.
we have our favourite waiter rajuddin.. always brings something new for us based on our taste!!!!",5,"2018-10-03 22:40:14",2,1,0
"71562629","Lovely place. Don't go with biryani. You have a lot of varieties to try. Good place for Non vegetarians. You get corporate discount here.chill",4,"2018-10-03 15:00:08",1,1,0
"51498591","Food is Awesome and good atmosphere loved it.
Good palace and good moktails staff is really good and cool place will visit again with friends ",5,"2018-10-02 23:26:14",3,3,1
"50746041","Good place to be here. Taste was amazing. Service was also good. Worthy for the price. Do try mushroom manchurian. Ambiance was classy. Do visit. ",5,"2018-10-02 20:53:07",1,1,0
"36352669","A newbie in the neighborhood calls for a visit and it was a Sunday afternoon we landed.
A quick confirmation via Zomato led to happy welcome as we enjoyed the ambiance and amazing hospitality by the courteous staff.
Menu card was well organized with tabs to make your way through it easier. Earned a 1/2 star!
Ordered Pathar-Gosht and Afghan Kebab as wanted to start off light. As surprising as it can be the Afghan Kebab turned to be the way an authentic kebab should be and not the imitation ones that are spread across cities. Pathar-Gosht was mouth watering as the aroma of the spices was blended perfectly and not to forget the accurate chunk sized that melted right away in the mouth. Another Star earned for Starters.
When in Hyd go for Biryani- So how couldn't we as we ordered Biryanis - Chicken and Mutton. Prompt service by the staff ensured we had them served on our plats without much waiting time !
Taste was good as  they took care that the Biryani don't fry away our taste buds or bring tears down eye. Happy to have tasted an amazing blend of aroma and well coked mutton n chicken pieces. Spices were evenly distributed and the texture was smooth and appealing. The colours of the rice was perfectly blended as it reflected the Typical Hyderabadi style.
With tummies full we ordered Blue Mojito and it too scored as expected...Amazing. Time for a wrap up as the Manager Mr. Dilawar greeted us with his hospitality. A true Gentleman he was as he assisted my family all throughout.
My View: An amazing yet serene restaurant to visit with Family and friends. Located conveniently in Main road to Gachibowli, Daawat is a must try if you're around or visiting Hyd. When in Daawat- don't forget to try their Pathar-Gosht and not to forget the Amazing Raan they boast of being their super speciality.
Food: 4*
Ambiance 4.5 *
Budget Friendly : 4*
Staff Hospitality: 5*
Happy Fooding !",4,"2018-10-01 14:58:10",16,60,1
"63154744","Here mix kabab platter is very delicious,and murg musslum is very testy ,murgh sholeh kabab ,gulab jamun,eight treasure soup and veg chilly garlic stick was awesome.must go and try.",5,"2018-09-30 00:03:03",1,7,1
"50041366","the restaurant ambiance was really spacious and cozy. But the food was not so good. the starter veg kabab platter, the paneer was really hard only the aloo was good. we directly went for veg and chicken biryani. which was okay but not so good to. the service was good. i forgot to mention the mocktails that were mojito and ginger peach they were a bit to sweet.",2,"2018-09-24 07:15:31",22,52,0
"894969","A newly opened Daawat restaurant on Kondapur road. We visited on Saturday evening without prior booking. The decor is elegant and spacious with comfortable sitting.
We ordered Mojito and Ginger peach mocktails along with Daawat khas veg kebab platter. Mocktails were good but little too sweet. Veg platter was good but nothing excellent. Paneer particularly wasn't so fresh. We directly went for Veg and Chicken dum Biryanis. Again, both were just ok and quality of rice was just ordinary.
Overall the ambience and service is good but food is just average and not so rich. You can visit this place for casual dining with friends and families.",3,"2018-09-23 17:52:07",209,4085,6
"27467953","Went for Raan as restaurant mentioned they had expertise in it but was disappointed. 
Taste: Raan was not cooked properly, mutton was slightly hard and mild making it difficult to chew.
Quantity: Less, one Raan would serve only one person.
Price: Over priced compared to quantity. ",1,"2018-09-23 12:00:15",1,0,1
