"UserId","Review Text","Rating","Time","Reviews Count","Followers Count","Photos Count"
"76862920","very good and had ultimate taste of the cake. It was too good and my friend was so happy for her birthday cake which was so tasty and yummy. The packing and quantity is also too good The delivery boy was also polite",5,"2019-05-13 20:01:43",8,1,6
"30527407","I had ordered 5 chicken tikka burger from KS bakes. The burger was super sweet, something one would not expect from a chicken tikka burger. Also the chicken was not cooked well, and didint seem tikka pieces any way. The bread was sweet and had a sweet fragrance to it. I don't know if it's their speciality to serve sweet burgers, but I didn't liked it a bit. It was my 1st burger order from K s bakes and I would not recommend anyone to order burgers from there. Not sure if it was a one off thing but all the burgers were sweet. 😅 Quantity was good though.",1,"2019-05-11 19:27:28",3,29,0
"86328549","I ordered veg samosas and egg puffs from this outlet. Samosa for some reason had kabuli chana in it although taste was fine. Egg puffs were stale and not so good in taste.",3,"2019-04-04 17:32:24",18,3,0
"53869133","Awsome food at very reasonable price. Must try Masala French Fries.. Beeesssttt fries.. Try Kitkat pastry and Oreo Pastry. Best taste food.. ",5,"2019-03-15 08:14:06",1,4,0
"54881889","I ordered Paneer cheese pizza and veg boat from here. Both were pathetic. They don't know how to make pizza.
It was smelling bad and taste was really shitty. Plus there was no seasoning. ",1,"2019-03-12 22:22:31",6,6,0
"31580457","Ordered a veg cheese grilled sandwich  and a veg burger with extra cheese.. Inspite of cheese it was lot of mayonnaise with awful taste.. the sandwich’s wasn’t even proper and thee food was stale..  never will try the place again.. couldn’t have the food more than a bite ",2,"2019-02-23 19:20:18",1,16,1
"38716666","I have visited several times for cake . Here you will varieties of cake as well different kind size also ..... and test of the cake also awesome ....",5,"2019-02-10 23:59:23",17,9,0
"3074831","KS Bakers stick to the tried and tested spread of options - pastries and quick snacks. They have a wide variety of baked pastries and burgers along with cakes too. 
Their space in Gachibowli is quite roomy yet simple.  On the whole, a must visit if you want to receive quick service and decent food. ",3,"2019-02-05 01:36:15",46,129,0
"36263035","I really like this place for its pastries, cakes and biscuits. I see it a real competition to other bakery in the area. My favourites are bournvita cookies and pastries and also choco almond pastery. I would personally feel that their fast food or snacks could be improved in taste and the way it is served. Also I personally do not like it self service scheme here. This does not mske you feel privileged as you feel when you are entering the shop. Also, its announcement system is too bad. Makes you feel like on a railway station. Hence stars cut as these are part of ambience.
Overall the products are good and one can always try them. Prices are midway and therefore acceptable.",4,"2019-01-31 23:04:48",59,182,2
"27725380","Quallity- 5/5: They have a special taste, a special cream which makes it better, burger and sandwich are a must try
Quantity- 5/5: 
Ambience:3/5- from there side they have arranged but i think because of rush , the tables would mostly be dirty other things are good
Value for money: 6/5, ofcourse it is a value that big burger with 50 rupees is a steal.",5,"2019-01-02 22:41:02",59,40,2
"31152625","ordered veg hot mexican pizza, Blueberry pastry, Butterscotch pastry from KS bakers.
Both the pastries were too good and coming to pizza it didn't had much toppings even though taste was good...and all the items were very well packed.Received potato chips though not given in the order...seems like its complimentary.",5,"2018-12-29 23:59:03",9,7,3
"71822555","Ordered paneer tikka pizza through swiggy...what a taste!!!!! Yummy..Thank u ksbakers..better order 1 pizza for two people.their pizza size is big",5,"2018-12-25 13:16:20",1,0,0
"2644474","A decent bakery with a ready-made cake delivery option at short notice, which has come to rescue many times.
Their chocolate truffle cake is pretty good.",3,"2018-11-25 23:36:18",9,6,0
"64015519","Ks bakers is the best place for getting or for etting pizza.
They are providing the nice pizza .
They taste well and good so everyone can try that pizza's .",4,"2018-11-25 16:04:33",6,0,0
"38233169","A new place that slowly turned out into a hangout eatery for people with shallow pockets. The lighting & ambience is warm . I love eating the chicken roll that hardly costs 35 bucks . A burger costs only 70. Lot of University students depend on KS for a cheap dinner delivery. You get free chips with everything you order .
But personally I felt the cheese they use is a bit weird & about sweet for the taste of a traditional Pizza hut afficianado.",3,"2018-10-20 12:21:38",49,283,1
"33906369","KS Baker's is good for their burgers. Bread is very soft and prices are very reasonable. Cakes and cookies which is get here are great. Good place to go for the evening snacks",4,"2018-10-15 12:01:23",17,215,0
"47260910","KS Bakers has several branches in Hyderabad and I visited Gachibowli branch. It was good place to visit  on weekends with friends or family and food was awesome. I ordered several times from this Bakers and every time the food was as expected.Overall food was tasty and it is budget friendly.",5,"2018-10-09 20:10:18",8,3,0
"41983142","I often visit this place. It does offer good food and seating.
The expense to satisfaction ratio is good. One can always kill their hunger here without burning a hole in your pocket.
Amidst all the fancy food establishments with their over priced items, KS Bakers does stand out. It offers good food at relatively low prices. The place is never too crowded, so one can always manage to find a seat on the first floor.
I had their Chicken pizza, chocolate milkshake, red velvet pastry and all varieties of their chicken burgers, not one is disappointing. All the items taste good. I might specially praise their chicken cheese burger because that is my all time favorite.
They have to improve in the milkshakes department. ",4,"2018-10-01 14:52:04",35,30,0
"39787580","Ordered their Joy cake for my friend's birthday. The cake was sufficient for a group of 7-8 people. The flavour was really good for the price.
Also tried their mini chicken pizza and the chicken burger.
The flavour was good but the pizza was a little too dry.
Cake - 5/5
Mini Chicken pizza - 3/5
Chicken burger -4/5",4,"2018-09-27 14:07:43",64,112,1
"69637139","Loved chicken burger & Chicken tikka burger. All time favourite . Quality is good. Tasty and recommended
Over all experience= 4.5/5.0
Thank you,",5,"2018-09-08 16:41:56",1,0,0
"45449710","KS bakers , They have the best ever cakes , burgers and pizzas 😍.
I visited almost all the ks bakers branches in last few years and they never disappointed me with their quality and price. They are budget friendly. 
Overall Experience - 4.5/5
Service -3/5
Food Taste - 5/5
Quality - 4/5
Value for money - 5/5",4,"2018-08-31 01:06:53",88,201,6
"35718304","Visited them on Friday eve, it’s a two-story store but still seemed over crowded. Guess they are short of staff as required during peak hours. 
The bakery offers a set of beautifully decorated colorful cakes, not sure of the taste though. We had a chocolate pastry, veg n chicken puff. Fresh stuff at pocket friendly prices.",3,"2018-07-21 11:38:37",90,117,11
"32087626","One of the best Baker shops in the city. I tasted several 🍰 from this place and every time it met my expectations. I also order grilled chicken sandwich, chicken burger, egg puff from here. Every time foods were yummy.
Food 4.5/5",5,"2018-07-20 22:48:32",13,42,0
"52339377","It's good for snacks and cakes..... It's cheap, affordable and reasonable. Not so posh!. Food quality can be better. Service is good and fast. Awesome place for students",3,"2018-07-20 13:51:11",3,1,0
"58178593","The best hangout place in Gachibowli. Taste is awesome for the reasonable price👌. Name the item, you will definitely enjoy its taste!!! Be it pizza r burger r pastry, all r suuper",4,"2018-07-19 20:12:02",1,0,0
"1233452","I wouldn't mind eating shorteats from KS Bakers for all the 3 meals of the day. Just amazing taste and it never changes. Their chicken 65, chicken spicy pizza and the pineapple pastry are my most favourite :) ",5,"2018-07-16 21:53:24",218,664,0
"55490027","Came with family here and went to first floor , after 10 minutes of sitting we got to know that it's self service restaurant.🙄
After that we have ordered Tikka chicken and chicken 🍕..
Good taste 😋.
Tasted Roll of chicken . It's hard but taste wise it's okayish.
Pastries were cool here .
Forest pastry was good .
Some other pastry I didn't remember that name but it's amazing 😋😋.
Smooth visit for me and my family..",5,"2018-07-15 20:35:52",1,1,0
"41332293","Incompetent people working here. Nobody was there to take my order for 10 mins. Then instead of packing two items they packed only one. Loss for me. And there were bones in the chicken meat used in the burger and the pizza bun.",1,"2018-07-15 19:13:36",1,0,0
"48837934","Bad experience, I have ordered for cake a day before my wife birthday 
committed to deliver between 11 am to 1 PM , requested them to send the cake bit early, but strictly said , they cannot deliver before 
After 1 PM when i call them the status ,they said it will take some time and not even delivered , as i have other commitments on that day , i cannot wait at home till they deliver , when i ask them to cancel order they said its not possible 
Taste may be good (not sure) but service is worst",1,"2018-07-11 13:24:57",1,0,0
"48372980","Obviously, Cakes are special. Every birthday, every celebration ends with something sweet, a cake, and people remember.Not a very wow experience with Ksbakers Gachibowli . I liked very few items from their menu. Try Litchi & Dark choclate cakes.
Food - 3/5
Price - 3.5 /5",3,"2018-07-07 14:30:35",90,148,1
"45345846","I ate : butter chicken burger, paneer tikka roll.
The burger was disgusting. The patty had a weird cloying, sweet taste, and the mayo made it worse.
The paneer tikka roll was nice and crispy on the outside, but the paneer was very dry. Almost like rubber.",2,"2018-07-04 11:51:55",27,3,0
"8027731","A week back, I ordered a black forest cake from KS Bakers Gachibowli. All excitement died after the first bite. It was for the first time in my life (after tasting black forest cake a zillion times before) that I tasted a black forest cake with a strong lingering elachi flavour. After reading a previous review mentioning this same issue, I thought that the suggestion was taken and improvement/change would have been done. I am sorry to say that the situation of the black forest cake remains the same. I would recommend everyone NOT to try the black forest cake from KS Bakers. It is a true disappointment.",1,"2018-06-14 23:42:36",2,80,0
"57130021","Hi . I got cake from here which called some joy cake chocolate.
Very good and delicioasa. Superb taste..Would recommend to anyone
Will try it again and again ...",5,"2018-06-10 19:25:56",1,1,0
"52486073","Visited with my gang here and tasted chicken family pizza which is very big tasted good .Very worth for the prize . I will Check others later.",5,"2018-06-10 19:20:30",1,1,1
"57011427","Wonderful place to have burgers, pizzas, pastries as well. Burger is cheesy liked it very much.. Felt delicious..... Had pastry too good price and worth taste ",5,"2018-06-09 19:24:27",1,1,0
"34089126","We had gone with our family and the seating arrangement is good fit for approximately 100
We can get nice nice quality item there plz do visit",4,"2018-06-01 12:14:50",1,5,0
"16161871","Had their chicken tikka hotdog, pineapple cake , egg paneer and chicken patties , pineapple cake  , Choco chip cake and bournvita cake  was so tasty",3,"2018-05-20 20:23:50",144,1028,3
"33503433","So, we had a combined birthday celebration for almost five people and housing a team of almost 50. We decided to order cake from KS Baker's. Following is my experience on the same-:
Presentation- Looked lovely and the gum paste flowers on it just made our mouths to water. The colour was sharp and had the perfect blend of black and white. The presentation was superb. 4/5
Delivery- Got everything delivered on time. Nothing outstanding. 3.5/5
Cake- Now this is what was actually not good enough. The black forest tasted much different than any other black forest.
Black Forest Cake- A really huge cake for a good number of people. It tasted exactly like elaichi and nowhere like black forest. A damp squib. 1/5
Will I order from here again? The cake was a turn off but I would like to give them another chance because of the reviews I have read. ",2,"2018-04-27 15:31:08",316,1157,0
"52520370","I had heard a lot about their chain of bakeries and had tried there muffins before, all were good. So thought of trying their other bakes. So I ordered a grilled chicken sandwich through swiggy and upon receiving the order I found it was grilled chocolate sandwich, even bill was wrong. Raised a complaint and got a replacement. This time I checked the bill which was correct but even then THE ITEM WAS WRONG. They sent veg instead. The sandwiches were not bad(1 star extra for that) but I don't know how they can mess up like this.",2,"2018-04-02 20:48:41",4,1,0
"3032462","Nice pocket friendly place. Burgers and sandwiches are tasty and value for money. The have a wide variety of different pastries. The upper section is very nice to spend time chatting and munching.",3.5,"2018-03-12 18:03:20",146,332,0
"34362809","A good place to hang out for a casual evening time. The food items are good, not too great and definitely not bad at all. We tried the chicken grilled sandwich which was the best. The paneer and chicken puff were not good. The chicken thikka roll was good. So except the puffs I feel rest all are great. ",4,"2018-03-11 10:00:01",60,186,0
"2163462","Loved the bakery and their innovative ticker system. Good food. Fresh and tasty. 
The ambience is a bit too old and seems a little unkempt. Scope for improvement for sure.
Definite recommendation.",4.5,"2018-03-08 21:52:51",193,1272,2
"37482676","I have ordered a cake suggested by Mr.Rajesh flavour name MANGO PASSION FRUIT I have clearly mentioned that the occasion was very special, Guys after tasting it everyone liked the amazing taste of it including kids to adults. I would really appreciate Mr Rajesh for the wonderful suggestion..Any occasion blindly go with K S BAKERS Gachibowli Vinayak Nagar advice from Mr Rajesh.",5,"2018-02-01 23:41:22",1,10,0
"50065648","I had a grilled veg sandwich which is very good in taste and had a veg burger too. Both of them really good and cheesy .extra mayo as i requested .loved it..
Ambiance not extraordinary but ok .",4.5,"2018-01-18 19:36:22",1,1,0
"49864092","Had a chicken mix pizza here today. Very tasty and crispy. Serving time is good. Have to try pastries too. Near to my office. Would like to order cakes too. ",5,"2018-01-11 19:47:39",2,1,0
"35358952","Well, all the time I have ordered here it has been Veg Corn Burger and Paneer Cheese Roll.
They are too sweet to be considered as fast foods.
The pastery I tried once was over moist. Don't know why but I guess the refrigerator wasn't working well.
The have a really good value for money. But I have seen that they don't make burgers and rolls at that time. They simply defrost the frozen food in the microwave and put in some mayo and sauce and give it.
Quality: 3/5
Quantity: 4/5
Ambience: 3/5 Nothing extra ordinary.
Value for money: 4.5/5",3.5,"2018-01-02 22:07:29",26,42,0
"49469825","Today morning me and my friends and had some pastries  very good in taste . Very decent prices .Some black forest I think we had today good taste",5,"2017-12-30 17:50:07",1,2,0
"49441289","Visited here few times .today is very crowdy. I have waited but recieved fresh and hot pizza. Very tasty and cheesy. Place could have been bigger .conjusted with display units .",5,"2017-12-29 21:08:52",1,0,0
"48415433","Got a chicken hot n spicy pizza from here through swiggy. Very hot and very tasty .loved to order from here. Packaging is good. But little spicy compared to last order.but good ",4.5,"2017-12-28 14:10:20",1,1,0
"49369158","We had dark chocolate and German black forest pastry. Superb taste. I really enjoyed their serving. Neat and fast. Really must try all pastries here. ",5,"2017-12-27 18:11:07",1,1,1
"49367380","Today we have celebrated a birthday party . They've given permission to party in one ask .Very good response from ks . They've supported in every aspect till party end.",4.5,"2017-12-27 17:06:48",1,0,0
"49364216","I have taken a pineapple marble cake here. It's really good in taste and design. I recommended to everyone worth buying here. Good prices also. ",5,"2017-12-27 15:11:14",1,0,0
"49342175","Bought an almond cake from here as some salesman recommended me .i have tasted a sample piece which is dry piece its really good and packing was good.",5,"2017-12-26 19:54:38",1,1,1
"49331547","Got a Italian chocolate cake for Christmas celebrations and it’s taste is awesome.we would like to same cake for new year also .Have to try other items too.",5,"2017-12-26 13:55:01",1,1,0
"10051181","Very good items to have with friends and family
.eagerly waiting for new items as they're good at baking . Mana Telugu valla bakery. Pastries really worth try and burgers too.",5,"2017-12-25 19:14:51",1,26,0
"49307416","Am big fan of KS as we are regular customers .we know each and every item  and here. They'll take feedback too. And service is slow as crowd was big.. But overall good. ",5,"2017-12-25 17:25:34",1,1,0
"49303086","Very good taste . I have chicken hot dog it's nice with stuffing .I missed to take photo .serving time is good but try to give fast .but taste and price is worth a try..",4.5,"2017-12-25 15:06:46",1,1,0
"49303083","Pretty good here all varieties puffs and all. I tried chicken 65 it's nice not very spicy but decent .we would roam daily here .really crowdy in evening.anyway must try.",4.5,"2017-12-25 15:03:55",2,1,1
"49298737","bought a Christmas cake here really great design .am impressed with the design and taste.must try here .decent prices worth try...☺😊😀☺......",4.5,"2017-12-25 13:04:13",1,1,1
"49298467","Had a chicken burger here. Great taste and less price. Ambiance could have been better but over all good. Quick response and service. Will explore more later.",5,"2017-12-25 12:58:00",2,16,0
"49280753","Great prices and great prices. I have bought fruit cakes here .awesome taste compared to all bakeries near Indira nagar .good  taste also .waiting for more varieties.",5,"2017-12-24 20:07:39",1,1,0
"49276154","Famous bakery which i liked very much ...everyday i visit and have some fun and food here ..tried all of varieties ...everything good ....thanks ks",5,"2017-12-24 18:45:59",1,1,0
"49274392","Loved their varieties...red velvet cream cheese pastry is really mouth melting...and pizzas as well ...we regularly visit here..great variety and great taste...",5,"2017-12-24 18:07:07",1,1,1
"20206243","Like this place to hangout for hours. First floor sitting place is best to have a talk and laughout with frnds. I don't know how many hundreds of hours I spent over here😋",4,"2017-12-21 21:43:25",67,223,0
"37403587","Me and my friends loved ks varities.. We daily go there  and have some fun with food.. Pastries and pizzaas and burgers.. Good in taste and price... Must visit.. ",5,"2017-12-14 19:42:37",1,0,0
"39491175","Visited several times really good place to go with friends and family..Pizzas good and pastries also good..Loved their varieties...They bake everything fresh ",5,"2017-12-13 18:35:27",1,32,0
"39200646","The only reason I am writing dis is bcoz of my love towards Chicken cheese roll and pastries started here and everyone should try this.Cheap and best bakers when compared.",4.5,"2017-12-10 23:27:13",23,38,0
"16191913","chocolate truffle is great here!
Ferrerro rocher pastry melts in your mouth like lava... 
Pleasant place....sets the mood for a cake
yummmmmyyyyyyyyyyyyyyyyyyyyyy",3.5,"2017-12-10 22:48:29",21,13,0
"2914830","Really loved the place and the varieties they serve. Affordable and cheap prices with good quantity to serve. Freshly baked pizza and amazing taste",5,"2017-12-10 01:15:05",72,225,0
"926055","Thanks KS Baker's for helping and delivering the cake.
Being in Mumbai and ordering was convinent and thanks for accepting paytm and making feel special.",5,"2017-12-06 18:26:00",4,11,0
"29124570","Truly average place. Tried some of their puff pastry and they were good. The items were fresh but the taste could have been better. We went pretty late so didn't get a place to sit as they were in the process of closing down for the day.",3,"2017-11-30 13:19:10",74,168,0
"31065473","An average place to go. Had tried their veg pizza and palak paneer puff, corn puff. Not at all great. I like their miyapur branch. Would prefer the miyapur branch to go",3,"2017-11-26 15:25:26",53,173,0
"48398180","Best place for birthday parties and for pizzaaaa love this place tried pizaa here so many times love to go back to back to this place must try",5,"2017-11-25 19:42:23",1,8,3
"48398188","Tried both vegetarian and non vegetarian pizzas and burgers.... Pizzas are awesome, crispy and yummy.. They are worth the price and you would love having it......😉😉😉😉😉",5,"2017-11-25 19:40:22",4,2,0
"48338567","I loved everything here.. Tasted pastries I loved them specially  premium butterscotch pastry (one of KS person recommended  me).. I liked it very much.. ",5,"2017-11-23 19:59:55",1,2,1
"36561283","I went to this for the first time and I took a cake of 500gms chocolate pastry.I loved the taste and for the first time in my life we didn’t wasted the cake since it is also a birthday ",4.5,"2017-11-23 01:42:47",9,29,0
"48291849","I have ordered box packing from here .. combined of sandwich and muffin and Cool drink ..they have delivered to office ..taste and prices are really good ..compared to all bakeries I've seen this is really unique in taste and prices ..",5,"2017-11-21 21:19:24",1,1,0
"48291134","Its in prime location of gachibowli ..I went several times and had all items .taste was good so am recommending to all ..go and have fun at low prices ...",5,"2017-11-21 20:56:10",1,2,0
"48278299","Ambiance is very good . People are very responsive ..coming to food I have tasted all items which available there ..all are pretty good compared other bakeries ..taste and prices are very good compared surrounded Bakeries..",5,"2017-11-21 12:33:59",1,2,0
"48262380","Awesome taste at affordable prices..litchi pastry and chicken tikka pizza taste so good..everything I tasted here was very good..great quantity at reasonable prices..where quality meets quantity...",5,"2017-11-20 18:10:21",1,1,0
"48262424","Ks bakers  budget friendly  anda taste  is fantanstic. .Came with friends  and family  ..we loved  it. .its home like i felt. .Thank you  ks bakers. ...",5,"2017-11-20 18:07:33",1,2,0
"38980367","I had visited this places multiple times and tried a wide variety of items here.
But once I had a burger here which was a disaster, they made it with sweet buns, the veg burger was full of bolied potato and the chicken burger wasn't good either. I barely could finish half of it because the buns were too sweet.
But pizzas and sandwiches always tasted good
It's high time to re work on their burger receipe.",3,"2017-11-18 23:31:58",36,46,0
"15962386","I was already a fan of KS bakers chicken cheese burger from Miyapur branch so I was overjoyed to find the new outlet in Gachibowli.
ever be hungry and crave for burger, head out to Gachibowli KS Bakers and indulge in the cheese- heaven in shadow of burger!Parnik Kumar Gaurav ",4,"2017-11-15 16:56:49",74,210,0
"33779947","This is a very good place for cakes, bakery items and snacks. One can spend good time with friends here. It's a quick solution for surprise cake cuttings and birthday celebrations as cakes and snacks are readily available. Price is also reasonable.",4,"2017-10-16 21:08:57",26,34,0
"213907","Visited here to have some  quick bites. Ordered a chicken cheese roll and butter chicken roll. 
Both  of them  was very bad in taste that it almost made me puke. ",1,"2017-09-24 17:43:10",61,273,0
"5548571","Visited this place with my friend. We had chicken burger and red velvet pastry. I loved these items. Thanks to KS for delicious food. We have ordered the cakes as well.",4.5,"2017-09-08 16:16:53",6,0,0
"38110105","Ordered Chicken Tikka Pizza through swiggy and 4muffins, pizza was great and delivery was quick as usual by swiggy.
Pizza was so good and its was hot after 20min also, taste great and worth for money.
Food quality: 4/5
Taste:4/5
Value for money: 5/5",4,"2017-09-06 20:31:55",76,587,2
"33093114","KS bakers , known for its food in bakery items.
Ordered Veg hot dogs, 
Premium butter scotch pastry,
Italian chocolate pastry,
Veg hot dog, stuffed with Aloo, onions , tomato slices and mayonnaise , tastes good.
Pastries are also worth a try.
Overall ok.",3.5,"2017-08-21 23:21:45",439,1012,6
"36495441","Ordered chicken and cheese burger and egg puff from here. The burger was nice with an overload of cheese. Really liked the packaging. Egg puff was also tasty. A decent bakery with some good food and affordable prices. ",3.5,"2017-08-18 14:05:20",140,362,4
"5029721","The burger was just decent but complete value for money at 75 bucks! The ""Premium"" Butterscotch pastry was a letdown though. Also ordered ""Tangdi Kabab"" and found it decent.
This place's USP is value for money. The rates are really nominal & easy on pocket. ",3.5,"2017-08-14 02:09:03",169,680,2
"2675834","We ordered the chicken sandwich and chicken burger. The taste was quite nice. This place specially good for quick eatings. The best part is that they don't stuff too much mayonise in the sandwich.",4,"2017-07-21 22:20:43",117,200,5
"39137427","This bakery is located at very prime location in Indranagar , Gachhibowli as many of good restaurants are located in same lane.. It is the center of attraction for food..Have heard many people so finally decided to visit this place..While I enter into the bakery the baking smell made me more hungry..I have ordered paneer burger and aloo tikki burger..After giving my order I thought to see what kind of bakery products they have..while I was at muffins rack, I saw the muffins and there was white fungus was on top of it..Very disappointing..They should change their show case items..
Then I got my order..Aloo burger was good but paneer burger was horrible..it was too spicy and only red chilly powder was dusted with mayonnaise..And mayo was too sweet..I was not happy with service as they have numbers of chain in Hyderabad then atlist they should maintain the quality..",1.5,"2017-07-21 18:29:37",148,2104,0
"32992096","Very Impressed by the Batman Cake they delivered. Though I was never a fan of their stuff(except the cookies) but the cake was made with sheer perfection as you can see in the pic. They very calmly listened to our requirements with a budget friendly deal whereas the other famous outlets denied for customized cakes and charged a lot. Happy customer 😊",4.5,"2017-07-17 14:27:35",6,70,1
"1601824","I ordered mini veg pizza, manchuria, veg hot dog , veg pizza bun... Machuria was good but it wasnt hot they just gave what was kept there, veg pizza was kind of nice but it has to be more crispy, veg pizza bun and filling inside was smelling worst as if its life span is over, veg hot dog was bad it was having same filling as bun... It was totally a bad experience and over that the A.C was not at all working.... Please improve the quality",1.5,"2017-07-09 19:29:10",32,107,0
"311505","It's a good option but the bread they use for hot dogs and burgers is something which has to be improved. Burgers buns are too thick and the patty and filling at times is way too oily.  They have pretty good dining area too on the first floor. The place is neat and service is pretty fast. Being an old brand catering to twin cities this place has always been a good option to grab some quick bites and lip smacking pastries.",3.5,"2017-07-08 16:28:33",140,929,0
"31735617","Our desi answer to the American Mc-donalds and Kfc. Value for money proposition. And it's got the desi zing to it. Be it there chicken burger or Tandoori chicken leg, everything is worth a try.",4,"2017-07-06 07:26:18",17,11,0
"2140394","Neat and clean ambiance. Small place but it's worth a visit. I took snack boxes from here for an office event. Try muffins, they were of amazing taste which was liked by almost 200people in my team.
On time Delivery dint happened for me which was little disappointing but rest all was perfect .",3.5,"2017-07-02 08:21:44",45,253,0
"892874","Had ordered rolls and puffs from here. Extremely average or below quality. Thou the packing was neat and all but the food inside was so so... give Thee coz they are pocket friendly ",3,"2017-06-17 21:05:21",302,228,0
"34009097","It's affordable, accessible and there's quick service. I had been to other outlets (Chandanagar, Kukatpally and A.S.Rao Nagar) and the experience in each was satisfactory. My friends dragged me to this place when it was raining heavily. It was one kind of adventure. 
I had Vegetable Burger. My friends had Vegetable Samosa and Chicken Roll. After eating a burger, I did not have anything for dinner. It was good enough for me. Go for it, if you want to have bakery stuff at lower prices. Great VFM! ",4,"2017-05-18 19:02:13",122,636,2
"31742250","It was in wish list for long and finally concurred.Chicken burger is very famous here with extra cheese.It is soft and nice but I feel something is there after eating half you will be full,my friend suggested to talk 1 and share but I thought I will easily finish it off,I was wrong.It is really really heavy one.tried thier black forest pastry and kind of ok not that awesome best part ia their Dil pasand ,I just loved it!!Dil khush is ok sort off.Will visit again for other stuffs!!",4,"2017-05-14 23:47:04",71,116,0
