"UserId","Review Text","Rating","Time","Reviews Count","Followers Count","Photos Count"
"62245755","Till now this is the worst shawarma what I tasted
Very very bad taste and worst
Very dry and oily this is the best in bad taste quality of a chicken is also very bad",1,"2019-04-29 01:12:34",1,1,0
"32734235","Worst shawarma i have ever tasted
I believe they are providing 2-3 days old shawarmas
Iam saying this because when i have ordered here i got a shawarma with soaring smell even chicken was smelling ",1,"2019-04-22 21:02:20",3,1,0
"62140228","(Strong recommendation- never ever order from here) - It was the worst experience I had attempted by ordering from here. I order special chicken shwarma. The chicken was spoiled and smelling badly, and by having one bite I thrown to garbage bin. ",1,"2019-04-19 02:05:00",1,1,0
"63252789","Plz dont buy this shawarma very cheap quality of food items they used and not fresh. If ther is negative maarking i will give them -10000. And very cheap paking",1,"2019-04-06 23:53:54",1,0,0
"47677585","These guys used to be really good at making delicious falafel and regular shawarma. Over the time, the quality seems to have dropped to an extent that the food smells bad and makes you feel sick.
The wrapping paper which they use to wrap these things in, sometimes sticks to your food. If I were you, I wouldn't eat here. Save your money and skip this place!",1,"2019-03-05 12:51:52",11,5,0
"54150066","horrible, I ordered 1 special and 2 regular shawarma. we got 3 regular shawarma. Pathetic experience. I'm satisfied with the person who delivered, please let him have the credit for the delivery",1,"2019-02-15 01:03:53",5,2,0
"72629930","I ordered 2 shawarmas. But the Food was spoiled. They gave old stock. It was very hard. The Rumali rotti was sticky. My Stomach felt uncomfortable. I Vomitted. I don't trust this shop anymore. They are cheating the customers. Why do we pay money? Is this how they gibe offers and all? Online buyers are not dumbyards.",1,"2019-02-09 20:44:37",1,0,0
"93270342","This is my n-th experience ordering the Shawarma for a quick bite. They are good with quality and taste of the food and I really liked the quick service of this restaurant late at night and even on weekends.",5,"2019-02-09 00:00:43",1,0,0
"54025368","worst shawarma ever.. ordered three times from here and every single time i got yukkiest shawarma ever.. no mayonnaise, chicken smelling like hell and uncooked rumali roti.. never going to eat at this place.. ",1,"2019-01-29 03:37:25",1,0,0
"57346746","Please don't order from this outlet. They are delivering late and the taste is not at all good.i just ordered one chicken shawarma. They delivered it late and the food is spoiled. Less chicken more creames and salad. not even worth of rs10",1,"2019-01-24 03:12:30",1,3,0
"154778","Unprofessional and unhygienic. Shawarma fast food shops have sprang up in every nook and corner of the city but they typically have their setup on roads. Hygiene is never considered.
Ordered rumali roti shawarma... The bread was half cooked. I will avoid this place in future. ",2,"2019-01-14 07:51:02",48,61,0
"740106","I ordered a cheese falafel wrap. The wrap had no cheese. The falafel was deep fried in oil that was quite old and I could taste it in every bite which made it quite bad. Apart from that quantity wise it was quite good, but tbh quality matters too.
Would I order again? Not really",2,"2019-01-13 23:27:30",50,99,2
"33902052","I like this place for the mayonnaise they provide. It's really tasty and thick. The chicken with salad shawarma is good here. Though they can try making the rumali roti little more softer.",3,"2019-01-10 20:35:26",20,10,0
"71217034","I have ordered shawarmas from this outlet more than a couple of times but today the shawarma which was delivered was very bad , the rumali wrap was hard and the filling had next to no chicken. never ever going to order from here again.",2,"2018-12-30 18:40:21",7,2,0
"35894782","shawarma is too small",3,"2018-11-20 21:27:29",6,8,0
"39077676","They have mentioned as special chicken shawarma but nothing special in it and surprisingly no chicken in chicken shawarma. Quantity is also very less, Don't prefer this place for chicken shawarma. It's waste of money to order from this place",1,"2018-11-19 01:28:28",7,3,0
"34403255","bad taste",3,"2018-11-17 01:49:06",4,65,0
"53220952","very good ",5,"2018-11-16 00:59:59",1,1,0
"36318477","Very poor quality food. Avoid this restaurant to save your money. Ordered Special Chicken Shawarma and something arrived like a wrap/sandwitch which was even sour in taste i.e. it was stored/rotten. ",1,"2018-11-11 03:32:51",2,9,0
"53670082","The place is more a storage room than a shawarma outlet.
Doesn't uphold the mohammedia standard.
The vegetables in the salad aren't fresh and the shawarma is packed sparingly with way too much mayo.
Supervise your shawarma if visiting",1,"2018-11-07 23:08:11",6,1,0
"52223496","Please be advised of the tasteless crap load sold as shawarma. Filled with vegetable and nothing but tons of vegetables to make sure you won't complain. Perfect for one on diet or a vegetarian as they don't use much chicken. Its just roti filled with cucumber and tomato. kudos to the chef.",1,"2018-11-05 00:03:18",3,3,0
"53002011","I would say it was one of the best shawarma that I have had till date. Thanks, would definitely order again from this place.",5,"2018-10-26 14:13:19",5,7,0
"46268484","Sorry to say but got rotten tomato and cucumber in salad with rotten chicken. Was smelling very bad. Could not eat it. Waste of money and time.",1,"2018-10-24 01:02:37",1,1,0
"70406894","IN THE PREVIOUS ORDER chicken shawarma was good BUT NOW ITS HORRIBLE MIXUP .........IT WAS COMING BAD SMELL AND CHIEKCN IS GETTING VERY WORST",1,"2018-10-18 02:44:46",1,0,0
"50376098","Good delivery",5,"2018-10-11 02:44:35",2,1,0
"56533950","Food taste was average",3,"2018-10-09 10:26:49",9,4,0
"68435104","No chicken in shawarma only cabbage and tomato.....waste of money...worst shawarma#.....before one month shawarma is good now a days waste shawarma",1,"2018-09-29 22:30:51",1,0,0
"51265064","no chicken in chicken shawarma. total waste of money. worthless!!",1,"2018-09-18 04:18:43",1,10,0
"70072675","superb",5,"2018-09-10 21:38:35",1,0,0
"52557132","Shawarma tasted so bad and it isn't worth the money.
It was delivered quickly so I guess haste makes waste..
So I guess now I reached the word count.",1,"2018-09-09 01:16:43",2,0,0
"2152470","This place serves you one of the worst shawarma in Hyderabad.. neither the chicken is properly roasted nor the roti is properly made.. one of the worst I have had..",1,"2018-09-08 02:22:33",2,62,0
"58755011","very good service",5,"2018-09-08 00:09:44",3,0,0
"50753846","I saw a rat roaming around in the outlet. I pointed this out to owner and he gave an unaffected expression. Avoid ordering food from this outlet.",1,"2018-09-05 00:27:18",1,1,0
"51862134","They cancelled my order after 30 mins of payment. What kind of bullshit is this. I am leaving Zomato for sure, I am shifting to other apps.
Very bad service by Zomato they don't even have courtesy.
This is by far the worst service by any service provider by all means.
I have the entire conversation on phone recorded with their support team will give it in fb and FB pages.",1,"2018-09-04 02:05:24",1,4,0
"68781229","I just Ordered a Chicken Shawerma , is this what you people call a shawerma!!! it was VEG OR NON VEG do you atleast know it it was full of CABBAGE and nothing else!!!!!!!!! the most HORRIBLE  shawerma i ever had!!! i jst THREW THEM IN GARBAGE!!!!! Simply its the WORST sharwarma i have ever ate!!!! do you thik it was a EATABLE !!! , paid full payment but I am not satisified with the shawarma.., IT WAS A COMPLETE WASTE OF MONEY!!!!! FRUSTRATED N never going to be order anything from UR'S (Mohammedia Shawarma) !!!!!! , So please waste Our money and Time !!!!! * 1 Rating is also Waste for it!!!",1,"2018-09-03 04:18:43",1,2,0
"53879090","awesome",5,"2018-09-03 03:18:07",1,1,0
"57168730","Taste should improve as it was not good in taste also everytime i order from here they don't give tomato ketchup.There was an instance happend last time when I ordered they didn't gave me extra mayo which I ordered.",2,"2018-08-26 14:39:54",1,1,0
"41809387","i asked for ketchup... the packet is empty...
i asked for mayonnaise... it was not in packet",1,"2018-08-26 14:14:29",1,7,0
"45041969","not as expected",3,"2018-08-20 02:23:50",1,1,0
"35796835","good",5,"2018-08-16 23:06:40",2,18,0
"61080207","The quantity has been decreased very much. We ordered shawarma with extra mayyonise bowl but was not delivered and amount was paid. How to react on this ? This was not expected from mohammedia shawarma. We were not at all happy with this.",1,"2018-08-16 21:56:10",1,0,0
"65094886","Worst shawarma it’s totally waste of money .i have never eaten such a worst shawarma and these people are totally fraud.I dont know how these people call this as shawarma.the worst thing i have ever aten ",1,"2018-08-14 18:54:29",1,0,0
"36983475","below average taste. ",2,"2018-08-14 01:52:20",2,2,0
"51334053","Ordered food for someone who was hungry and needed urgently. Zomato delivered it in 10 mins! And the food was indeed great (shawarma). Would love if yhey increased the amount of chicken a little bit. Else everything is perfect",5,"2018-08-13 00:44:00",10,1,0
"42229724","great as always!🤝",5,"2018-08-11 22:38:08",1,0,0
"60792727","Less meat provided. ",1,"2018-08-10 22:31:29",1,0,0
"56821558","perfect ",5,"2018-08-10 18:26:53",2,7,0
"51370685","good",5,"2018-08-10 18:16:13",5,1,0
"58187473","awesome tasty shawarma...must if I am in Hyderabad...",5,"2018-08-08 22:05:22",5,1,0
"43971292","awsme food.. hot served amazing",5,"2018-08-05 17:41:11",6,13,0
"41171625","This is the continuous second time that the order is not delivered completely 
Not acceptable ",1,"2018-08-03 18:10:28",1,1,0
"10334911","ddinot provide the mayo bowls",3,"2018-08-03 17:09:33",13,17,0
"54594321","there was a lil too much oil",4,"2018-08-03 01:40:17",5,1,0
"61380111","hhjkfhjjj",5,"2018-08-02 18:39:35",3,3,0
"61918301","Osm delivery",5,"2018-08-02 18:33:52",2,0,0
"52387420","good",4,"2018-08-02 16:17:28",5,1,0
"31623151","no proper packing",2,"2018-08-01 22:36:50",2,0,0
"57780439","shawarma was very cold, couldn't even eat",1,"2018-08-01 00:00:35",3,0,0
"48387042","good",5,"2018-07-31 22:56:30",1,3,0
"1103640","dint get correct order ",1,"2018-07-31 19:57:30",2,1,0
"34238300","goo",5,"2018-07-31 16:02:40",1,1,0
"61818666","poor quality",2,"2018-07-31 14:34:56",1,0,0
"32504482","the shawarmas were bad we have had food poisoning got admitted too please don't have from this restaurant",1,"2018-07-31 09:45:52",3,0,0
"63158448","superb",5,"2018-07-30 20:45:24",1,0,0
"61380111","superb",5,"2018-07-30 19:41:12",3,3,0
"54347591","gud",5,"2018-07-30 18:11:31",6,1,0
"36774396","loved the taste",5,"2018-07-30 15:53:53",1,9,0
"51252974","Not so spicy.. ",2,"2018-07-29 22:37:22",1,2,0
"29179224","Fries was not that great.",4,"2018-07-29 18:09:07",3,0,0
"57362387","good",4,"2018-07-29 17:50:16",1,1,0
"60125652","osm delivery",5,"2018-07-28 19:09:39",0,0,0
"62756239","fsuperb",5,"2018-07-28 17:38:09",0,0,0
"60955532","good",5,"2018-07-28 14:37:45",0,0,0
"62675190","super",5,"2018-07-28 02:08:15",0,0,0
"1306710","good delivery",5,"2018-07-27 23:20:54",2,0,0
"52321918","good",5,"2018-07-26 18:28:56",0,0,0
"61256915","good",5,"2018-07-26 14:26:14",0,0,0
"62362610","good",5,"2018-07-25 20:46:21",0,0,0
"58187473","full money taken but incomplete order...folld is stale cold and half is missing...not acceptable...this is for 2nd time similar experience with zomato",1,"2018-07-24 21:18:01",5,1,0
"52339377","it is cold",1,"2018-07-24 20:23:48",3,1,0
"44763632","horrible shawarma",1,"2018-07-23 20:27:20",2,45,0
"51738215","warest food I get I need a refund I can show u pic also of ur food it is shit ",1,"2018-07-22 23:38:50",1,28,0
"43857593","good taste.",4,"2018-07-22 20:54:30",14,2,0
"58403781","awesome delivery service",5,"2018-07-21 16:25:43",1,0,0
"52786563","ok",3,"2018-07-20 23:01:43",1,1,0
"4664821","crazy",5,"2018-07-20 22:30:25",1,163,0
"55159068","They put cabbage along with onions in their normal shawarma. Personally that was a let down for me. Didn't like it at all.",2,"2018-07-20 22:19:16",9,0,0
"54583503","Extra  sauce we ordered and missed in package.. ",4,"2018-07-20 21:40:46",1,1,0
"59842025","Nice ",5,"2018-07-19 21:53:22",3,1,0
"61496796","One of the best shawarma in hyderabad,i prefer special chicken shawarma which is fully loaded with chicken and mayo,awesome taste and quality. .",5,"2018-07-19 17:17:18",1,0,2
"61205614","not good",2,"2018-07-18 21:29:37",1,0,0
"61208228","not delivered",1,"2018-07-16 22:45:22",1,0,0
"46110282","I think they have kept the rotti in rain..",2,"2018-07-15 22:06:55",1,20,0
"51232077","awesome delivery service",5,"2018-07-15 17:18:28",19,2,0
"58508706","super",5,"2018-07-15 16:50:48",1,13,0
"57285033","food n't bad....",5,"2018-07-15 00:06:37",5,5,0
"51232077","awesome",5,"2018-07-14 17:52:32",19,2,0
"31401642","Not good almost dried no tasty ness ",2,"2018-07-13 18:47:32",2,41,0
"51232077","awesome delivery service",5,"2018-07-13 15:24:00",19,2,0
"60661691","super bad, just full of mayonnaise. that too sweet mayonnaise. do not order from here.no chicken in shawarma.
DO NOT ORDER FROM HERE!! ",1,"2018-07-13 00:05:36",1,0,0
