"UserId","Review Text","Rating","Time","Reviews Count","Followers Count","Photos Count"
"34457596","Ordered food from swiggy today i.e 04th may 2019 at 12 noon. Got spoiled rotten food. sambar rice was very stench and pulao rice is not in good quality. 40027103834 order number. could not able to connect to restaurant.",1,"2019-05-04 13:29:32",3,0,0
"52317159","Nice one for the lunch. Taste is good. Delivery is a bit late by delivery boy but food is tasty with enough spices for the stomach. Thank you",5,"2018-11-16 09:55:19",2,2,0
"59404795","Taste isn't great, also the rice is of poor quality, will not recommended it, not worth the money.pulav is not fresh definitely.pulav feels like rotten.",2,"2018-10-02 13:26:37",3,1,0
"41823776","If you want to taste worst pulav in world you can try it from here....i have never tasted such a worst pulav in my life and can dare to eat in future too",1,"2018-09-25 17:31:09",6,1,0
"34407330","I wish i could rate even below that, we ordered from foodpanda, consecutively 2days to be rest assured before reviewing, one day, chicken dum biryani, and the other day, chicken rice, and believe me, it was worst till now in my life. I never had such a bad experience. Is it because of foodpanda offers that the food quality degraded because it was certainly not the case with the other orders we made through the same offer?",1,"2018-09-19 01:06:35",120,2509,0
"38033306","pulov was a good and but too masala .",3,"2018-09-01 09:58:14",2,1,0
"38271933","Food is not delivered.. i got a survey pop up stating to rate the delivery.. called hotel and they say delivery boy left and they are not responsible id the food is not delivered",1,"2018-08-24 22:07:33",3,25,0
"53548273","good",5,"2018-08-22 20:52:59",1,0,0
"52023420","good",5,"2018-08-16 13:01:26",2,0,0
"54336674","less quantity",3,"2018-08-10 22:08:44",3,1,0
"63748823","the food was spicy please make normal from next time",3,"2018-08-03 22:41:00",1,0,0
"30640324","ok",4,"2018-07-31 23:07:37",1,0,0
"62058683","Good delivery ",4,"2018-07-30 22:16:06",1,1,0
"57727903","Need to improve taste",1,"2018-07-30 13:44:01",2,0,0
"62501259","superb",5,"2018-07-29 18:29:24",0,0,0
"31960307","fish taste is not good. don't expect homely flavours. just usual masala fish curry",2,"2018-07-29 16:45:07",0,0,0
"52946132","good",5,"2018-07-28 20:20:37",3,14,0
"62566005","average",3,"2018-07-27 14:17:03",0,0,0
"56342198","not good",1,"2018-07-26 05:07:59",4,0,0
"35629118","smell comes from food",1,"2018-07-26 01:41:18",3,1,0
"52767742","no salan or raitha given with palav",2,"2018-07-26 01:30:12",0,1,0
"58852369","good ",5,"2018-07-25 20:40:41",2,0,0
"60406800","roti was not fresh and couldn't even cut it easily. Unsatisfied.",2,"2018-07-25 07:11:01",2,3,0
"38023463","don't ever order from this restaurant worst taste and quality",1,"2018-07-23 15:32:48",1,45,0
"61141240","nice test",5,"2018-07-21 11:45:32",2,2,0
"41524072","Excellent food",5,"2018-07-21 08:08:08",2,18,0
"15303021","worse of it",1,"2018-07-21 02:11:20",3,0,0
"60174557","chilly paner chilly prawns worst ",1,"2018-07-19 20:15:55",2,4,0
"57720746","good",5,"2018-07-19 00:44:41",4,0,0
"52499878","Not bad",2,"2018-07-17 23:22:47",3,15,0
"58851863","thank you",5,"2018-07-17 01:21:59",1,2,0
"60582377","Good service ",5,"2018-07-15 14:55:10",1,1,0
"60914804","good",4,"2018-07-14 22:38:09",3,0,0
"43420707","good ",5,"2018-07-13 23:53:07",2,19,0
"60337274","it's two days back food
food is spoiled and smelled bad
I never expect this food service from zomato
if you wish to eat I will give it to you for free
worst food I never seen in Hyderabad
never recommend zomoto for this type of food and AS well as restaurant
waste of money",1,"2018-07-10 14:49:29",1,0,0
"60336920","it's two days back food
if you wish to eat I will give it to you for free
worst food I never seen in Hyderabad
never recommend zomoto for this type of food and AS well as restaurant
waste of money",1,"2018-07-10 14:46:59",1,0,0
"34161476","quality is less(biryani) specially the mutton pieces.",4,"2018-07-09 21:26:53",3,7,0
"53380184","it not not at all good for health and we faced a lot of health problem by eating it food was not fresh",1,"2018-07-08 08:45:02",2,1,0
"56116064","nice ",4,"2018-07-07 23:40:33",5,1,0
"59723063","got elergy on face... food spoiled it seems not good",1,"2018-07-07 09:27:46",2,0,0
"32118327","very very bad food",1,"2018-07-07 03:13:55",1,10,0
"53555824","2-Star due to LOW quantities/portions for some dishes, especially non-veg, compared to price. SO, although the food was tasty, i will not be ordering again",2,"2018-07-06 23:43:29",4,1,0
"51003654","tooo spicy",3,"2018-07-06 19:44:09",2,3,0
"29621754","Rice is very dry and the pieces are extremely hot and red in color. The meat also tasted a little stale.",1,"2018-07-06 15:10:46",2,0,0
"29588570","The Chilli Egg was yummy and tasty with the correct spice, but miryala Kodi vepudu spoilt the show as for the first time I have seen a miryala Kodi vepudu with gravy which is unusual, however the taste was spicy and good. ( This was my first review and gave rating 4 but now have given 1)
But the second was worst and trust me will never order again from this restaurant, as it took nearly 45mins to cook and when the food reached me it was very cold not even hot (note this hotel is just 10 mins away from my office. 1 rating for the restaurant delaying in preparation of food as mentioned by zomato executive.",1,"2018-07-06 14:11:17",13,5,0
"36186378","i dunno what the hell they have given me for pulav...full of water in the food....tastelesss...",2,"2018-07-06 11:33:21",1,29,0
"56036783","It was rain g heavyly even though delivery was on time, this is an awesome service and the delivery guy was so cool, I was worried what do he feel but he gave delivery with a smiling face I think that is what customer expect, awesome service",5,"2018-07-06 01:41:57",2,1,0
"33618506","Quantity is too even quality as well",1,"2018-07-05 14:37:44",2,1,0
"40727577","worst quality",1,"2018-07-03 22:41:38",5,14,0
"46981465","Food was not good,  sweet item was damaged and smells very bad what restaurant guys did sweet item  hot Owen done. ",1,"2018-07-03 14:05:09",1,1,0
"51418193","rice is very hard.. not cooked properly ",2,"2018-07-02 13:08:17",1,1,0
"53914649","ordered full plate panner butter massala but got half plate",4,"2018-06-30 14:32:07",1,1,0
"53268797","order was half an hour  late  than expected",3,"2018-06-30 13:15:22",2,2,0
"54566013","ordered mudda pappu avakay...only receiver avakaya rice....what the heck",1,"2018-06-29 23:51:12",1,1,0
"54019381","Awesome",4,"2018-06-29 00:35:58",5,21,0
"58417342","Quantity is low taste is average",2,"2018-06-27 20:34:27",2,0,0
"58796403","Good ",5,"2018-06-27 15:22:47",1,0,0
"56441611","food is not that much good...it seems like food is cooked afternoon.worst experience..",1,"2018-06-26 23:35:52",1,1,0
"37628437","delivery was disgusting",1,"2018-06-26 21:34:55",1,1,0
"54318704","too much less quantity ",2,"2018-06-24 01:48:01",2,1,0
"51568698","Mutton biryani was bad. Pieces are too hard.",3,"2018-06-23 23:09:58",1,17,0
"51483923","food not good ",2,"2018-06-23 22:04:50",1,2,0
"54690349","worst yuck",1,"2018-06-23 15:52:19",3,1,0
"58299730","worst food ever ... kebab was a disaster ..and biriyani is worst ",1,"2018-06-22 23:50:02",1,0,0
"57219595","worst taste and quality",1,"2018-06-22 21:43:04",2,1,0
"56249028","I have ordered chicken tikka biryani, rice doesn’t cooked properly I doubt it’s not chicken ",1,"2018-06-21 17:27:22",1,1,0
"53717845","too worst not at all good... ",1,"2018-06-19 15:03:44",3,1,0
"55799608","teast is not good. ",1,"2018-06-19 08:38:41",2,7,0
"37198833","Worst food i ever had :( butter chicken is water chicken. Curd rice smells yuck. Waste of money. Zomato should avoid such places. ",1,"2018-06-18 23:58:23",3,2,0
"2309040","It was tasteless",1,"2018-06-18 19:42:58",1,0,0
"50754317","it was average ",3,"2018-06-17 15:39:44",3,1,0
"39807596","too spicy",3,"2018-06-16 20:03:06",4,3,0
"50129785","food is spoiled ",1,"2018-06-16 01:50:47",1,0,0
"32035972","rotten food delivered.",1,"2018-06-15 02:30:35",2,13,0
"45765890","they are very slow and  not delivered in time",2,"2018-06-14 16:55:17",4,8,0
"57386160","nice",4,"2018-06-13 21:05:49",1,1,0
"57358817","Super ",5,"2018-06-13 15:46:03",1,1,0
"48705768","food was not upto the mark",2,"2018-06-12 19:59:53",2,0,0
"53702430","Quantity is to low , taste average ",1,"2018-06-12 14:29:22",3,2,0
"51556095","nice",5,"2018-06-12 14:07:08",2,4,0
"52340211","planner pulao is bad",2,"2018-06-11 22:43:10",1,1,0
"53365923","tasteless",1,"2018-06-10 13:31:23",1,1,0
"53251094","good service",5,"2018-06-09 23:04:00",2,1,0
"52249342","it doesn't taste like a pulav.....i ordered mixed pulav...but I don't found any prawns or mutton in that.....taste is bad",1,"2018-06-09 12:20:33",7,1,0
"45088435","chicken pulao is average and mutton pulao is not good. mutton pieces are like rubber",2,"2018-06-09 10:26:13",1,11,0
"51245197","nice ",4,"2018-06-08 15:59:54",11,1,0
"53644820","Rice is not good , Onion is not good it's spoiled and lemon need to give large piece",2,"2018-06-07 00:48:20",3,1,0
"56390924","60 rs for a halwa which is not even a small cup",1,"2018-06-06 21:02:13",1,0,0
"37485914","Firstly, sambar rice didnt had proper quality rice and even it tasted like preserved one. Secondly the curd rice tasted bad. Too bad experience ",1,"2018-06-03 15:49:57",4,7,0
"52473021","Not cooked properly .",1,"2018-06-03 14:19:43",1,1,0
"31053676","good food",5,"2018-06-02 22:31:48",2,17,0
"51750638","worst food ",2,"2018-06-02 16:40:54",3,2,0
"55707111","quality food. nice food",3,"2018-06-01 15:24:51",1,0,0
"36501620","worst food",1,"2018-06-01 12:24:29",2,14,0
"51245197","😊nice ",5,"2018-05-31 10:04:30",11,1,0
"52634736","it's too late..you didn't satisfy me..",1,"2018-05-27 18:59:03",4,9,0
"14268011","Mentioned an item as a zomato complimentary. But did not receive any. ",3,"2018-05-26 21:14:40",1,29,0
"51245197","﻿😚 ",5,"2018-05-26 16:07:34",11,1,0
"55550320","raw spices in  pulav",1,"2018-05-24 22:16:38",1,1,0
"38098968","worst biryani",1,"2018-05-24 19:02:28",3,1,0
"51853268","awesome taste&quality.",5,"2018-05-24 17:49:22",2,1,0
"54881118","do not order worst food quality",1,"2018-05-23 21:43:42",2,1,0
"40442233","quality not good compared to cost",3,"2018-05-23 12:15:09",9,2,0
"53110183","good",2,"2018-05-22 20:32:50",1,1,0
"53925296","not OK ",1,"2018-05-19 21:59:18",1,1,0
