"UserId","Review Text","Rating","Time","Reviews Count","Followers Count","Photos Count"
"60984746","Need a quick Snack to refill your pouch... Then Subway is the way !
I ordered Mexican Patty Sub [12 inches]via Zomato App. with
Add On : Salt and Pepper
Sauces : Red Chilli Sauce, Mustard Sauce, Mint Mayonnaise Sauce, Harissa Sauce, South West Sauce
Veggies : Lettuce, Cucumber, Olives, Pickles, Jalapenos, Tomatoes
Customize : Toasted Bread with Cheese
Bread : Multigrain Bread
Received it in well packed, soggy condition and with observation of less quantity of sauces. While it tasted to the best like of well made sub i.e. like your home made sandwich in shape of sub with all veggies and sauces. 
They have lot of options in bread and fillings. Bread can be toasted with added cheese else served cold. Bread size served is 6 inches or 12 inches (Foot Long) long. I ordered 12 inch long which they cut in half and send you two 6 inch subs.
They normally have sub of the day which is generally of lower price than regular Sub of your choice. However if its veggie delite then would recommend to go for your choice incase you are not too health conscious.
My personal Fav is Veg Shammi or Mexican Patty (with Multigrain bread and kinds of spicy sauces) while you can try out the one of your choice in veg or non-veg.  
While due to foods cold nature some may not like it however its still my fav option to go for and anyways you can atleast get the bread toasted.
Ambience and taste of Subway is same all around in different outlets while would recommend to have it at restaurant than order for delivery as it gets soggy due to sauces and at times you dont get all sauces/ingredients with quantity/taste you need.
Foodance Ratings :
Taste - 4/5(With good amount of sauces)
Quality - 4/5
Quantity - 3.5/5
Cost Effective - 2.5/5
Hygiene & Packaging - 4/5
Hot - 2/5
Ambience - 3.7/5
Food Variety - 3.5/5
Overall Foodance rating is 
3.4
Foodance made some moves and satisfied its daily performance. Thus Overall Foodance rating is 3.4",3,"2019-04-15 13:08:44",30,6,1
"986804","Want to fill your stomach..?
Then reach subway. They have many bread options.
My personal SUB suggestions are
*Paneer Tikka Sub*
* Corn and peas Sub*
*Chicken Tikka*
They have sub of the day which is of lesser price than the normal Sub’s
They have 6 and 12 inches long sub’s
Choose your bread from the available options
1. Multi grain Bread
2.Honey oats bread
Choose main ingredient— paneer,chicken and what not..!
Gather some sides like — cucumber,lettuce,tomatoes,olives,jalapeños,beans,onions and other things
Sauces— They have sweet and spicy sauces
Select sauces accordingly 
1. Tandoori Mayo (NEW SAUCE ALERT) 🚨 
2. Harissa — this is my fabourite
3. Mayo
Now your SUB is all- ready
Grab a drink and then you will be set
Coming to the ambience it’s the same everywhere.
Ambience-3/5
Taste-4/5
Service-5/5.
Follow me on Instagram and Zomato
Handle— full_on_food😀",3,"2019-02-07 14:53:12",114,2341,7
"50453673","Short review: Don't order as they don't deliver the quality food. Just go to the restaurant if you want.
Long review:
This branch used to be decent, but they've plummeted from decent to plain bad. The service that you get at the restaurant is fine because you're there to supervise it. But the last 4/5 orders that I've ordered have been screwups. The bread is never toasted, so it's not crisp and the cheese is not melted. I ask for no capsicums and yet its always there. They put all the sauces in the same spot so there's no flavour in 80% of the sub and an abundance of sauce in 20%. Whoever is making these subs is extremely lazy.
The restaurant doesn't pick up their calls either to verbally give them instructions.
I've contacted Zomato support about this the past few times and they've been helpful. But you won't be satisfied with your food and this branch fails to deliver quality food.
I really hope they improve, Subway is a great snack to battle that occasional hunger. But if you're thinking of ordering, forget this particular branch. ",1,"2018-11-14 15:40:37",2,2,0
"37751061","Awesome quick delivery before time",5,"2018-11-07 17:05:36",3,2,0
"77494479","worst food",1,"2018-10-30 13:00:54",1,0,0
"30833410","One of the best subway in Hyderabad...Staffs are punctual, well behaved and manager Abdul is very friendly...I always used to visit this subway... Ambiance is good and never had problem with quality.Loved ot",4,"2018-10-11 11:59:56",5,43,0
"47253399","on time delivery",5,"2018-09-30 19:44:39",2,1,0
"14559791","#Subway Review
I Order Corn and Peas salad from Zomato...
➖ ➖ ➖ ➖ ➖ ➖ ➖ ➖ ➖ ➖ ➖ ➖ ➖ ➖ ➖ ➖ ➖
It was too good as i am corn lover 😍😋...
Awesome combination 😋
I added Mayonnaise sauce, sweet onion sauce, onions, Tomatoes, pickles and pepper...
Healthy salad 😍😋
➖ ➖ ➖ ➖ ➖ ➖ ➖ ➖ ➖ ➖ ➖ ➖ ➖ ➖ ➖ ➖ ➖
Packing: 4/5
Food: 4.5/5
Quantity: 5/5
Overall my experience was good.....
➖ ➖ ➖ ➖ ➖ ➖ ➖ ➖ ➖ ➖ ➖ ➖ ➖ ➖ ➖ ➖ ➖
To know more about my food journey follow @lovewidfood on Instagram, Facebook and Zomato.",4,"2018-09-27 16:13:13",45,253,1
"27677740","too good",5,"2018-09-20 19:28:52",1,0,0
"11600601","I am very regular lunch Customer for this place. Food are same and consistent And well maintain hygiene. Staff are very friendly and courteous . Surely value for money. ",3,"2018-08-27 22:25:47",8,11318,0
"61053264","Did not deliver the entire order",1,"2018-08-26 12:35:39",2,1,0
"27347281","The taste lies in the bread. however the bread served was cold. In other outlets they use microwave/oven and serve hot subway. 
Also in the meal we asked for ice tea and that wasn't cold either.",2,"2018-08-17 18:06:01",58,148,3
"48605313","Ordered the paneer tikka sub from here, and got dried out and stale paneer. It was hardly edible. Sad especially since I was already sick, and wanted some good food. Did not expect such a bad service from Subway.",2,"2018-08-16 17:59:55",1,13,0
"54288613","good",5,"2018-08-12 21:28:03",1,3,0
"55944145","gd",4,"2018-08-04 22:52:42",2,0,0
"45494870","The tikki was half baked",3,"2018-08-03 21:40:50",1,1,0
"55048087","cold ",3,"2018-08-02 20:47:45",2,1,0
"14022001","less than normal quantity",2,"2018-07-30 21:33:41",37,456,0
"60406800","doesn't seems fresh as it tastes in the direct outlet.might be due to time taken for home delivery.",4,"2018-07-29 20:28:32",2,3,0
"51734420","There was only tomato sauce even though I mentioned many",4,"2018-07-29 00:14:54",0,1,0
"2297502","The veggies aren’t fresh at all and lettuce has changed its colour as well. ",2,"2018-07-25 12:34:05",3,36,0
"44962521","very nice and prompt delivery ",5,"2018-07-24 20:48:14",1,1,0
"46312923","sweet chaap",3,"2018-07-24 19:35:25",1,0,0
"62065110","good",5,"2018-07-24 17:21:34",1,1,0
"57543814","The Worst Experience Ever!!! I had ordered an oven roasted chicken sub. First of all it tasted bad n second of all that wasn't chicken at all, it tasted like tofu. They don't use real meat but the substitute. It happened twice... Not ordering or visiting Subway ever again!!!",1,"2018-07-22 12:02:29",3,1,0
"1060317","v",4,"2018-07-21 21:10:59",4,75,0
"51588272","Super quick delivery 🚚 🤟",5,"2018-07-21 14:18:05",3,3,0
"16549396","waste servic",1,"2018-07-19 22:10:49",2,0,0
"34749886","Please start putting proper toppings ",3,"2018-07-18 03:52:07",9,51,0
"61161086","very good",5,"2018-07-17 16:52:01",1,0,0
"792476","it was not tosted as instructed in order",1,"2018-07-17 15:36:40",6,122,0
"46610193","",3,"2018-07-16 15:16:48",1,3,0
"59006432","good service",5,"2018-07-14 19:43:41",1,0,0
"56137354","Again the bread wasn't toasted ",1,"2018-07-13 14:44:47",2,1,0
"37311952","it was worst. no taste as previous one. sauces not added properly. Really disappointed. will not order anymore from this one. It is ruining it's quality day by day. Worst wraps ever. ",1,"2018-07-12 15:56:17",5,3,0
"58293609","He is professional and reached on time.",5,"2018-07-10 16:55:29",2,0,0
"60164298","the vegetables were very less compared to the subs Ive eaten earlier",1,"2018-07-09 20:35:15",1,0,0
"59224844","good and excellent",5,"2018-07-05 19:29:44",2,0,0
"54415371","I ordered sub but what I got was bread with veg stuffing. These guys forgot to put the sauces. It was awful. ",1,"2018-07-04 20:20:32",3,1,0
"59031914","good ",4,"2018-07-04 18:04:29",3,0,0
"35031439","the food was so cold that i just could not have it",1,"2018-07-03 17:59:44",1,1,0
"48187095","good",3,"2018-06-30 10:24:39",3,1,0
"15698405","very bad. no sauces were there",1,"2018-06-28 21:56:27",1,0,0
"36673752","one of the subs was ordered to be toasted, but it wasn't toasted",4,"2018-06-28 21:47:32",9,14,0
"58447175","choice of vegetables given were not considered and bread wasn't toasted even when asked. ",3,"2018-06-27 14:16:51",2,0,0
"58649788","Compared to the last time... This time service was good by zomato ",5,"2018-06-26 22:32:43",1,0,0
"56318929","The lettuce they used in the salad wasn't fresh.",1,"2018-06-26 20:05:57",1,1,0
"56137354","The bread wasn't toasted , the restaurant accepted the order even when they didn't have my order and then forced me to change it to another sub . The sub that came was cold even after mentioning it clearly in the order that it shouldn't be .The pander pieces were frozen and literally unbeatable .",1,"2018-06-26 08:39:20",2,1,0
"58596877","very good ",5,"2018-06-25 20:12:50",1,0,0
"57143439","quantity was very low...",1,"2018-06-25 14:41:34",1,1,0
"56589504","good",5,"2018-06-24 23:02:54",2,1,0
"58252866","I had ordered Subway Sub salad. it was not as per standard quality that I am used to in Subway. They have just filled with more lettuce just to increase the quantity. actual slices of chicken, sauces were of less quantity. secondly, they have not provided with spoon for the salad, neither ketchup sachet. how am I supposed to have the salad if u don't provide the spoon with the parcel. have to think twice before ordering from subway again. ",2,"2018-06-23 20:47:40",1,1,0
"37518260","We love eating at Subway. This is the second time I have ordered subway from zomato and found that they skimp in fillings for delivery. The salad I ordered also looked less quantity. Not good for ordering delivery. ",3,"2018-06-20 21:18:54",2,1,0
"53253242","the bread is fully roasted it came in black not at all good.",2,"2018-06-20 18:55:50",2,1,0
"1553870","Toaster not working in Subway is not acceptable. Why do we have a 140 character limit. Basically zomato does not want busy people to write review",3,"2018-06-16 21:40:55",6,92,0
"46739002","not even hot. it got cold",1,"2018-06-10 18:22:34",1,1,0
"33028184","Sauce related instructions were not followed at all. the restaurant served nearly dry subs, with very less sauces. it was very clearly instructed otherwise.",1,"2018-06-10 17:42:03",1,1,0
"38632940","I had asked for toasted and cheese! It was delivered plain to me... very disappointed!",1,"2018-06-09 21:48:29",4,1,0
"43609172","worst service",1,"2018-06-09 15:42:16",2,1,0
"31143591","Didn't receive it wrong delivery location ",1,"2018-06-08 22:44:41",2,0,0
"3041846","I ordered for extra corn and peas as extra toppings and even paid, but didn’t get them in the delivery",3,"2018-06-08 20:45:07",8,2,0
"56592222","good",4,"2018-06-08 15:32:52",1,1,0
"11407961","Again u added Sweet Onion when I requested NO SweetOnion",3,"2018-06-07 15:02:53",4,0,0
"11407961","Additional sauses were added even when I requested not to add them",3,"2018-06-07 14:17:56",4,0,0
"56624741","They delivered the wrong order -_-",1,"2018-06-06 18:23:02",1,1,0
"54234807","burger become chilled and seems like not fresh ",2,"2018-06-04 21:30:44",1,1,0
"55368673","good",4,"2018-06-03 12:34:33",5,1,0
"47274808","I didn’t get my salad with preferred sauces which I have mentioned. ",1,"2018-06-03 10:33:30",2,36,0
"55500063","They will add all veggies and all sauce and not do it as per your customization. ",1,"2018-06-02 21:38:18",1,1,0
"46239475","No sauces at all ",1,"2018-06-02 14:28:19",3,2,0
"53288169","good",5,"2018-05-30 11:15:16",1,1,0
"33652894","f",1,"2018-05-29 22:22:36",3,183,0
"55132078","I am having Tuna salad for the first time and I was just OK with the taste. ",3,"2018-05-28 00:30:06",3,1,0
"1078400","Double meat doesn't feel like it. They barely add dressings. Vegetables also were aparingly used. ",1,"2018-05-27 15:50:25",122,622,0
"27331777","The bread was cold , there was no cheese , all the vegetables werent in the sub . All in all a bad experience ",2,"2018-05-25 15:47:50",5,59,0
"16581841","no sauce In my sub. what the hell ?",1,"2018-05-24 14:14:10",2,43,0
"54597000","very poor",1,"2018-05-23 18:13:56",4,1,0
"53010930","I experienced a lot of difference in food which I got today to the one which I get in subway restaurant.. it’s too bad to see less veggies and non heated cheese in it.",2,"2018-05-22 20:27:30",2,0,0
"55432845","I found a hair in my sub. but thanks to zomato people for their support.",2,"2018-05-22 13:47:46",6,3,0
"55271576","sooo bad....👎👎👎👎👎👎",1,"2018-05-20 23:54:38",1,0,0
"34888202","good ",5,"2018-05-20 20:22:48",4,1,0
"50891144","Good",4,"2018-05-20 16:54:29",1,13,0
"38813187","Order was delivered very late.when tried to contact subway guys they didnt pick up the call and became unresponsive.",1,"2018-05-18 10:06:37",2,5,0
"15732510","I actually don't visit the Subway outlets which I haven't tried before. But, it's the first time I visited here as I was so hungry in the mid afternoon and it's the only one before me, wanted to go with healthy food. Had Paneer Tikka Salad with free Lemon Iced Tea. Loved the salad, was too good. Liked the Iced Tea. Will give your free drink only when you asked about the offer, didn't liked that. I suggested my sister and she went on the same day, faced the same about the offer. She was given her drink only when she told about the offer. Hoping to change this manner.",3,"2018-05-17 11:32:48",189,1486,1
"55057316","super fast",5,"2018-05-15 16:47:32",3,0,0
"45523238","no proper quality",1,"2018-05-15 15:49:54",2,1,0
"38562119","I have received wrong order",1,"2018-05-15 15:48:11",13,14,0
"53043506","The subs tasted fine however the veg and non veg packaging got mixed up ",3,"2018-05-13 14:08:52",21,17,0
"51481900","actually I ordered a combo with 500 ml Pepsi but subway has given lipton ice tea.Then why do u show in the combo as Pepsi if you are going to give us ice tea. It's like making fool of us. I'm not so happy with it. Please dont repeat this again.",3,"2018-05-13 09:45:36",1,1,0
"29127159","there is no difference between the premium veggies nd normal veggies",3,"2018-05-12 23:27:12",2,34,0
"52710239","fast delivery",2,"2018-05-12 17:29:39",3,33,0
"52972424","I ordered Coke...
but got Iced tea???",3,"2018-05-12 13:26:37",1,4,0
"496587","The sub was not made good. it had very less veggies and the sauces that I had ordered were not put.",3,"2018-05-12 11:10:23",1,11,0
"34979335","kindly provide more stuff on parcel than store",5,"2018-05-11 18:08:03",3,1,0
"46705475","food ian't warm at all. stale food. very bad service",1,"2018-05-09 23:15:08",5,2,0
"40369588","They were not accepted order ",1,"2018-05-06 11:10:38",2,1,0
"54519210","paneer was worst ",2,"2018-05-05 19:51:34",3,6,0
"37237741","Our specifications are not even considered ",1,"2018-05-04 19:26:45",4,1,0
"1970024","ordered extra cheese subs,but those guys dint added any cheese ",1,"2018-05-03 21:54:14",1,0,0
"37278271","I selected some veggies but veggies which were there in sub was totally different. n cheese was not there.",1,"2018-05-03 18:41:30",6,1,0
