"UserId","Review Text","Rating","Time","Reviews Count","Followers Count","Photos Count"
"88152071","Very bad experience....we ordered veg pad Thai and Thai green curry....pad Thai noodles usually will be rice noodles but here they made it with Singapore noodles....taste is very bad...we have asked them for the peanut flavor which is missing...they added crushed peanuts not even powder and served...simply it is like hakka noodles with peanuts. I gave that one star only for the staff....",1,"2019-05-06 01:05:12",1,0,0
"52067873","Horrible place. Noodles, dumplings and manchurian were not at all good. Noodles were completely plain no salt no spice. Manchurians were hard to eat. I will never recommend.",1,"2019-04-24 01:28:13",9,2,0
"1226217","My sister wanted to try all the places which have thai curry in hyderabad, so this was on the list.. We went for dinner..its in that famous food lane in Gachibowli. Parking is a huge problem! We parked very far and walked which felt good after eating!
Ambience was not great typical Chinese Restaurant..no dinners to our surprise except swiggy and zomato delvery guys..manager was very humbel. He received us good. Menu was huge and bit confusing..so he sujested what to take
We ordered thai green curry and thai red curry, phukat fish, chiken wonton, crispy honey potato for desert fried ice-cream.
Phukat fish was the star the sauces were yummy , wonton was not that great, honey potato is good.
Now thai currys both of them were served with rice..normal rice!
The curry had good flavour to it but they were not cremy as we expected..
Fried ice cream was good topped with coconut and honey.. Asian flavours!
the place was empty on a Saturday night! not going again! May be we will try their other branch! ",3,"2019-04-06 13:12:03",29,66,4
"3203004","Alright, so I went there with a friend on a saturday in the afternoon hours. The staff was sleeping, the waitress was still in sleep and could not understand half of the things we were saying. Also I realized that there is no thukpa in this branch (HiTech city has) and I come here mostly for thukpa. Yes it was a waste of some time, but the food was as good as expected from Wonton. But, sadly I’ll prefer the Hitech City branch for my further relationship. ",3,"2019-03-31 10:41:12",109,893,0
"57398630","Stay away from the kung pao chicken. Bland, unappetizing, underwhelming are all an understatement. The description says burnt chillies, cashew and celery... Really? Was the celery hiding in shame or was it pulverized in the sauce along with all the cashews?? Oh maybe they just drowned in your gooey water called sauce. Btw who serves Chinese without a side of rice???",1,"2019-03-25 21:36:15",6,1,1
"37307462","Nice ambience, fast serving. All chinse varities. Taste was really nice, we tried shanghai noodles, dragon chicken. Both are good, best chinese restaurenr near gachibowli.",5,"2019-03-24 15:48:50",25,6,0
"50071238","This place was in my list as it was suggested to be great by a few of my friends.
I was clearly disappointed for the food. Maybe it was not the best day to visit but the chef has made everything extra saucy. It's not my preference of Chinese.
Also everything tasted the same. I've had better chicken lollipops in Hyderabad.
Would try again sometime to be assured if this place would work 😌",3,"2019-03-11 03:10:18",19,53,0
"55444768","Very nice place, understood requirements and served exactly the same. Good service and quality of food. Ambience can be improved but does not want to rate it low because food was very good.",5,"2019-03-09 02:19:01",2,1,0
"30359317","This is the place where you get the best Chinese food in Hyderabad also at a bit reasonable cost.
One should try the Pan fried Noodles here.
Been with my bestie who studied in China many number of times.
Bit prior knowledge of Chinese food and menu will be an added advantage if you fully want to immerse in the Chinese cuisine experience.
Food 5*
Ambience 5*
Service 4*
Location 5*",5,"2019-03-08 08:50:03",7,0,0
"69666013","Last weekend I went to this restaurant for dinner..food quality is good and serving is also okay.For normal visiting u can go.Interior is also not that much good.😋🙂",3,"2019-02-22 22:30:49",13,2,2
"54167590","This been one of my best palce for chinese food and it still continues to be the best among my list, been here today for lunch.. ordered tom yum soup with prawns, fish starter, shanghai fried rice this is a must try its 60% rice and 40 % noodles, food was good, service was quick, prices are the same from past 4 years, thats the good part..",4,"2019-02-11 18:45:35",75,116,4
"66088511","Pathetic service..the guys here do not hv etiqquetes..the food was ok not good..a small place..where there guys ask u to chnge seats juz because thdy cnt turn off the ac..we were last visitor here and they were in a hurry to close the restaurant..",2,"2019-02-03 21:12:04",4,0,0
"36503407","Went to wonton today with my friends..the soup was colored water where vegetables were floating,the noodles which was recommended by staff was so sweet we did not require any dessert and cherry on the top was burnt manchurian.",1,"2019-01-22 15:04:34",1,1,0
"29787728","The food did not meet the expectations of ratings. Ordered Spicy wonton soup - 2/3, but the soup served seemed to be 1/3. It was too diluted. For the starters, dry manchurian tasted burnt. For main course, went with the recommendation from the staff - Shangai noodles(veg) which was too sweet and didn't feel edible enough.",1,"2019-01-22 13:35:44",1,0,0
"65787952","The food here is pretty good. One of the good chinese restraunts we have been. The ambience is average and can be worked upon. Value for money.",4,"2019-01-21 00:50:18",10,5,0
"2698588","Chinese Theme Restaurant-
Ambiance-
The Wonton is Chinese Theme Restaurant having 2 outlets in Hyderabad. We visited to one of it's outlet located at Gachibowli. A perfectly decorated restaurant has indoor sitting arrangement including couch and chairs and having beautiful entrance, but low light.
Food-
The Wonton serves a large variety of Chinese dishes and beverages. We placed an order for Chicken lollipop which has 6 large chicken lollipop pieces, served with Schezwan Chutney and cost approximately INR 280. We also placed an order for Sea Food Soft Noodles, which was fully loaded with prawns cost approximately INR 290 and tasted perfect. The Wonton offers 1+1 dish on Zomato Gold membership.
Service-
Service was very quick and the staff was very nice.",4,"2019-01-21 00:23:08",101,332,4
"48372980","Very much theme based resturant it is. If you are chinese lover then you must go for this place. I had chicken lollipop, chicken noodles, chicken soup, pepper chicken. Everything was good but i found that the quantity was very less. Ambience is like a very dark room
Food - 4.5/5
Ambience - 3 /5
Price - 3.5 /5
Service - 4.5/5",4,"2019-01-12 00:18:26",90,148,0
"16100018","Its a good small place, but not among my favorite Chinese restaurant. The Momo chutney they serve is unusually tangy and sour. After giving special instructions also, it didn't seem to change.
Nothing very happening or worth mentioning about the Ambience. ",3,"2018-12-29 10:14:50",78,510,0
"34548213","Typical Chinese food. Ambience is quite good. Very limited staff members. Waiting for long time to give orders. The waiters are not quite responsive. ",3,"2018-12-23 21:01:35",3,2,0
"71949522","Extremely disappointed with this place. Ordered a nasi goreng and got an extremely normal over priced fried rice instead. When asked about this, the waiter said this is how nasi goreng is prepared here. Nasi goreng is a standard preparation. You cannot just make ordinary fried rice and label it nasi goreng in your menu. Never visiting this place again.
Also heard a mouse running around over the false ceiling.",1,"2018-12-22 22:41:05",1,0,0
"47870190","After continuous gulping down of Andhra cuisine,we had decided to hit a chinese place to have something different.
Ambiance was a bit gloomy ,the place doesn't feel lively.
We have ordered wonton soup ,at first ,the piece felt like a 🐸 in my mouth, but the soup part tasted better.
Next comes the chicken wings,chicken wonton fried rice ,it was good too ,but the portion size was small for that price .
Overall it was an average experience ",3,"2018-12-21 12:53:40",5,1,0
"37407502","Nice calm soothing place...Foods are extra ordinary good. If one is fond of steamed rice, order Chicken steam rice with white sauce. This item is not there in menu. We may eat this with Dragon chicken or Honey cripsy chicken.",5,"2018-12-14 22:05:21",15,8,0
"2392262","My old time favourite restaurant but am rating for first time. I ueed Zomato Gold recently. But mind it guys you need use the Zomato Gold coupon before 10:30pm, else it's not applicable in the restaurant. The staff won't accept the coupon code beyond 10:30pm. I personally found it bit confusing but their policy. Well the place is dimly lit and if you're looking for some fancy place then no it's not like that. Service is good. Let's talk about the food now. I had ordered butter prawns and thai curry. The taste was heavenly. Perfect. I will request the restaurant management to put some effort on the lighting and ambience. This plce will definitely be running on full swing. Located at a very prime place.",4,"2018-12-14 17:22:29",8,55,0
"153989","Poor service. Slow service. Took wrong order. Missed one order. Thai green curry was spicy and not thick at all. Can avoid this restaurant. Soup was decent.",2,"2018-12-09 22:48:42",287,1387,0
"65785213","Awesome food... Nice environment... Authentic Chinese taste... Had gone here for team lunch... Loved the ambience as well as service quality. Highly recommend! 😊",5,"2018-12-07 17:44:51",2,0,1
"6657791","Feels like the hotel has gone down in quality over time. We ordered wonton fried rice, veg green sauce curry and fresh lime soda. The fried rice lacked salt, the baby corn used in the veg curry tasted bitter like it had gone bad and the fresh lime sodas again tasted like they had used old lemon that give off a distinct stink. 
Totally bad experience. Not going to be coming back. ",1,"2018-12-02 14:22:44",6,188,0
"52304808","This place is for Chinese lovers who want to taste their fancy Chinese items. I ordered hot and sour soup and it was good 4.5/5. Food is nice overall I could rate 4/5 but ambience is very low. Service is 3/5. They should work more on giving good music at least or else it feels noisy sitting around listening to blabbers of others. Good to go with family I suggest.",3,"2018-12-01 13:56:29",19,13,0
"50065257","Good place for some basic Chinese food. A more sophisticated version of your road side Chinese dhaba. Good for family and kids. Staff could be a little more knowledgeable. ",3,"2018-11-25 12:22:49",9,2,0
"34884988","Since long time, I had a craving to have Chinese food but ended up with great disappointment. Only foodie people can understand such a frustrating feeling.
Not only the food was below average but service too. We asked Saroj - the manager, about the best items in their menu. The answer was everything. They are specialists in all the items.. Okay..!!! so we ordered hakka noodles and Thai pineapple rice. Quantity was enough. But both of them, nowhere even near the expectations. Noodles was still eatable, but the rice was totally bland. We asked for red chilli sauce and the waiter took out frozen green chutney. He didn't know what is chilli sauce.. Didn't expect such kind of food and service from a renowned restaurant like Wonton..
Follow me on Instagram on veganyums_ for more food fun..",2,"2018-11-07 12:21:27",100,1209,0
"1521886","This place serves good chinese food but the service and ambience is not up to the mark, the place looks very dull and stale and staff doesnt seem to be attentive. We ordered Dragon pepper paneer, chilly garlic noodles and vegetables in cashew gravy. Food met our expectaions.",3,"2018-11-05 18:02:27",46,46,0
"2332010","This place is not maintained well. There was no water in the washroom and the person who cleans the table got the water in the mug which they use to serve drinking water. Sofas and the pillars in the restaurant have not been cleaned from ages. We  ordered for some garlic noodles and there was no traces of garlic in that. It was full of oil.",1,"2018-11-04 13:58:41",88,229,0
"31939625","It was a friday evening felt like eating chinese, it has been a long time since we visited Wonton.. Inti pakkane kadha lite theskunnam. :D (Didn't try it for so long as it is in our neighborhood) The chairs there are so heavy, u wud need the help of the staff to make you seated.. :D
Hanoi Soup - Here in wonton it is same like any other thick soup, nothing spl about it..
Dragon chilli mushroom.. This is too good.. Crunchy, Sweet, Sour, Spicy and so tasty..
Eng young faan - Egg fried rice topped with a thick chicken soup.. I has just got a subtle flavor to it.. as they served in a plate it got cold for the 2nd serving..
Spinach and mushroom fried rice - I did not eat it, but heard that it is bland.. My friend had to add loads of sauces to make it better.. I cannot comment more on it.
Must try - Dragon chilli mushroom, for sure
Say nah to the rest..
Don't expect a great service from the staff and cutlery is not so clean.. had to get it changed..
Total cost is 708, after excluding one of the items as we availed Zomato gold",3,"2018-11-03 14:04:27",7,475,4
"56522618","The food was okay.The staff was rude,impolite,oversmart.
The manager-head of waiters- was discourteous.
Would you handle the situation delicately when there no water supply in your restaurant's washroom? This genius says-use water from bucket(as if he is doing a favour).
The waiters openly ask ""should I adjust the tip"" ? Tip is earned , it is not demanded.
How dare you ask for tips ? Maybe they knew the experience was memorable.
Overall ,this suffocating place left a bad taste in mouth.
Wasted quality time with family by going here.",1,"2018-11-03 03:37:04",5,2,0
"1287565","Food is good here. You will love there Shanghai Chicken starter ... amazing taste.
It's just that there ambience is somehow Meeeh...
Otherwise must visit place if you are living near HiTech city.
Also Wonton pls keep your spoons clean. 😀
Happy Wonton",4,"2018-11-02 23:54:13",16,4,0
"46149848","worst serving, no one give a damn about what we order.  staff  are behaving as if they have full of orders and delaying but barely no one in the restaurant. not recommended  at all",1,"2018-10-31 13:59:20",1,1,0
"36719448","It is one of the places in Indira nagar where we can get a good Chinese/Thai food at a reasonable price. The Wonton soup is one of the favorites of mine over here.",4,"2018-10-28 13:59:52",4,1,0
"15791416","Decent place for Chinese food, though the ambience could do with a refresh. The interiors looks a bit old and would certainly benefit from a bit of brightening up with new upholstery etc. The prices are reasonable and with a Gold membership, things get really value for money. ",3,"2018-10-21 11:40:25",12,5,0
"47377852","Me and my ofc team we went to team lunch for this restaurant. We ordered starters like crispy corn, panner items,leg pieces and chicken drum sticks.Really the starters was excellent.i ll give 5/5. We ordered chicken soup and sweet corn soup.sweet corn soup was really nice. But chicken soup was not having that much good taste i ll give 2/5 for soups. Come to the main course we ordered veg fried rice , chicken fried rice, veg noodles,chicken noodles.its not that much good.its an average. For main course I love give 2.5/5.They took lot of time to prepare after we ordered the all items. The price wise it's too much costly. It's a best place to who likes starters.",3,"2018-10-19 13:22:20",48,15,0
"66449453","I went there last night with my friends, and there was so much waiting time, we only ordered a starter and a main course which took them like 40 minutes to bring, even though there wasn't much crowd. The food was good but the service is really slow. ",3,"2018-10-19 12:14:23",6,0,0
"38571055","We walked in here for dinner it was near to closing time. I liked the over all ambience, hygiene. Quite spacious, good for the families and corporate groups. Place is across the street and limited common parking available.
Staff is good, courteous, polite.
Ample of food menu options available Preparation and presentation of food was good. Taste is good. Time taken to prepare and serve was optimum.
It is at least one time visit place.",4,"2018-10-13 11:39:03",8,85,0
"30833410","Food quality is average however variety is more.... Staffs are well behaved...Overall ok ...Not that great not that bad.... Worth 1 time visit..",3,"2018-10-11 12:06:51",5,43,0
"1282457","By reading the reviews I expected that this would be a underrated pocket friendly restaurant. But in reality this restaurant is overrated. We ordered two veg starters and a non veg starter. Veg starters were okay but the non veg starter was not so good. In the main course we ordered a fish steak with schezwan sauce, the fish was so stinky and it was undercooked. When we asked the manager he told us that it was undercooked but in reality it was spoiled fish meat as the smell was so different and stinky. Even though it is a pocket friendly restaurant I think these kind of things cannot be overlooked. ",1,"2018-10-05 22:26:53",1,23,0
"47232122","i have ordered veg manchurian dry... I got wet manchurinan..",1,"2018-10-02 21:40:35",2,1,0
"50303984","Chinese food always has a special place in my heart. But it was quite a disappointing experience when I visited The Wonton in Gachibowli.
My tongue craved for a good Chinese cuisine and one of my colleagues suggested that we go here.
Located amidst the busy road in Gachibowli, it looked like an old building with a creaky staircase. As we entered, there was a foul stench which was really unwelcome. The place that we were given was stinking. Unsure about this, we shifted places and the staff were courteous to spray some room freshener around.
The order was placed. The Lemon soda that was ordered had fizzed out before coming to the table. Manchow soup and Honey chilli potato were decent but was totally disappointed with the main course. We had Crispy Schezwan Noodles and Chilli Garlic noodles with a hunan sauce based vegetable gravy. The gravy was more like Sambhar with some chilli sauce in it. The gravy that was poured on the crisp noodles was bland and didn't taste good in my mouth.
The 2 stars are for the courteous staff and not for the food.
I wouldn't recommend this restaurant if you are looking for a good Chinese food that tickles your tongue and makes you crave more for it.",2,"2018-09-29 17:19:33",8,259,5
"29538137","Wonton is a nice place that serves good Chinese food. The ambience is okayish. Prices are quite reasonable and if you hold zomato gold, that’s like a cherry on the icing. Not my favourite Chinese restaurant in Hyd but not a bad option either.",4,"2018-09-27 03:27:45",56,276,0
"33962016","Just like other Chinese restaurants, Wonton also served good food. Both Ambience and food were good. The food was spicy and hot. Manchuria was really good",3,"2018-09-23 15:46:08",61,166,0
"34031579","It's quite good place just the ambience is being quite old rest everything is fine .... I usually visit to this place when I comes at gachibowli .... I am fond of eating steaks and pahd thai and these people serves it in better way not into much authentic way but yeah the change they make in it is quite good and one likes it ....",4,"2018-09-08 10:29:47",55,188,0
"504887","Visited this place on 27th August, 2018 at around 10:30pm and once upon a favourite place turned to not so favourite. I will not be going here again and wouldn’t recommend anyone else either. We ordered two veg clear soup spicy and two non spicy. The order was served 15mins later. When we started having the soup in mid of it we were told the wrong order was served to us and that they’ll get the correct one. Mid way we had to stop having the soup as it was taken away. We had a 4 year old with us and as it was already getting late, we ordered normal chicken fried rice and soft noodles. Nothing fancy as we thought it may take them time. Surprisingly, It took them over 25-30mins to even give us a status update on what was happening with our order. When we asked the person taking the order, he said that the waiter while trying to get the order, dropped it on the floor and they’re having to remake it. We finally got the friend rice after 30 minutes, this time noodles missing. By then our appetite was almost killed. We almost finished the fired rice and they got us noodles. We asked them to take it back as it was too late and the kid had slept. The counter server threw us a dirty look when we asked him to cancel the noodles and when we tried to reason and tell him he stopped us midway and returned. Very poor experience. Never had such an experience before at this place and I used to absolutely love the food here. The counter server needs to really be coached as he is front facing the customer. ",1,"2018-09-03 02:38:57",20,123,0
"2350674","Visited the place twice, both on weekends. Not much crowded, with a quite and soothing ambience.
In starters, we had fried chicken wonton which were nice and crispy with tender chicken, chicken dumplings were steamed well with sufficient stuffing and tasted ok and dragon chicken which had typical tangy taste with cashews and well cooked chicken.
For main course, shanghai pan fried noodles tasted great with just the appropriate frying of noodles and a tangy gravy full of small chicken pieces which tasted good and chicken fried rice which were cooked well but were neither too spicy not too plain, was ok.
The quantity is sufficient and probably once main course and one starter is sufficient to fill up two people.",4,"2018-08-29 00:09:36",21,132,0
"36352354","Visited The Wonton earlier this month on a weekday afternoon.
The stairs were untidy and creepy(that day).
The place is dark, not bad, not pleasing either.
There were just 2 other customers excluding us, that's how it is on weekdays.
Ordered Dragon Chicken and Wonton Fried Rice. To our surprise, the Dragon Chicken was👌
Chef suggested the Wonton Fried Rice and it was pretty average.
Overall:
Food: 4/5
Ambiance: 2.5/5
Value for Money:3.5/5
PS: Skip it If not for Zomato Gold.",3,"2018-08-28 14:36:07",23,8,0
"677679","Wandering in the street of Indira Nagar , we were looking for a good place where we can have good dinner.
Our eyes glanced through Wonton and we immediately decided to visit this place to have some authentic Chinese.
The ambience was dull and the AC wasn't working, there was no music as well.
The staff was courteous and they took our order.
Manchow soup was one of the finest that I have had till date.
Vegetable chilli garlic noodles were also one of the finest that I have had, we totally loved it.
The thing which disappointed us was their extremely slow service. They took around 40 mins to bring noodles. We raised it to the Captain and he mentioned that half of the staff is working for a party in the nearby banquet.
In my view, it wasn't valid as you are still charging the same to the customers but the waiting time has doubled.
Still considering it as an exception and the awesome quality of food, I rate this place as 4 stars and would recommend it to people who want to have Good Chinese food. ",4,"2018-08-27 10:26:49",328,1858,0
"36107960","Ordered mushroom soup, mushroom baby corn chilli starter and chilli garlic noodles.
Soup was awesome and rest two were also fairly good.
Ambience is good and peaceful.
Nice service.
You can definitely try this place, never been disappointed here.",4,"2018-08-26 14:21:24",11,25,0
"719520","I visited this place after 4 years. Thought of trying some chinese food. But the experience was not that great. I have 2 zomato gold passes. So we ordered prawn starter, fried fish and 2 spicy soups. Soup was good. Bit spicy and some veggies. Well balanced. Now coming to starters prawn starter was not good. Fish was also kind of ok.
In main course we ordered one mix nonveg schezwan noodles and one mix nonveg chinese chopsuey. Quantity was good on both the portion. Schezwan noodles was good but it was too much oily. Chinese chopsuey was too much salty and was not at all edible. When we told the management about it they simply brought half glass of sweet and salt lime soda for us.
Coming to ambiance its not that great. And toilets were also dirty, smelly and unhygienic.
I am going to give a 3 star for overall experience.",3,"2018-08-26 01:59:46",17,126,5
"32877514","Staff was polite enough to take our order at around 11.15 PM. Ambience was way too good. Liked the lighting, it was perfect. Food was tasty. Rates are reasonable.",5,"2018-08-25 00:47:30",51,132,1
"36776858","Really true to its taste. Loved it. ",5,"2018-08-22 22:06:33",4,2,0
"37367111","I have been dining at Wonton Gachibowli since 2014 and always appreciated the quality, quantity and taste of food. Today for the first time I got a shocker, did take-away as my family did not want to step out in the bad weather and when I opened up the main course (rice and noodles) boxes I found that quantity is almost 60% of what they serve if you dine there. They charged me for the 100% though. It's too bad that after so many years of trust, I have to cut off Wonton as my go-to Chinese Restaurant and look out for a new place.
PS:- Quality and Taste is still awesome but for me Quantity is equally important.",2,"2018-08-11 22:58:32",3,0,0
"46652926","It is one of the joints serving decent South-Asian food in the Gachibowli area. I find it a little on the higher side in terms of pricing. Their lamb dishes are great and I am fan of their pahd thai. However, their dumplings and spring rolls are a let down. Overall, if you choose your menu wisely, you are sure to have a good time.",3,"2018-08-03 17:29:30",12,15,0
"15410941","Restaurant is not chilled,food was not up to the mark...Cost is very high for the provided taste...Serving is not bad...Should improve on service",1,"2018-07-30 22:11:42",1,0,0
"49732738","Took way too long to prepare. Also, the meat was very tough and not cooked properly",2,"2018-07-29 16:12:42",11,3,0
"41003894","good",4,"2018-07-28 15:13:50",0,1,0
"44091588","Good Shanghai noodles and stir fried chicken with broccoli and mushrooms in oyster sauce. Thai curry was a disaster with no coconut taste. Really need to improve on their Thai flavors. American chopsey was decent. ",3,"2018-07-25 20:10:11",58,90,4
"8169781","We wanted to try out a new place so decided to visit a Chinese restaurant in Gachibowli. This place is dimly lit but clean. The mirrors give a feel that the restaurant is big. We packed food from here. The menu cards are worn out. It must have been a good place once upon a time. You see wear and tear. The seating is good. There was nobody in the restaurant when we entered at 12:30 PM. We saw many swiggy and Zomato delivery lads. We ordered dim sums, rolls and paneer for starters. Garlic noodles for main course. Food was tasty. It is not very expensive at about ₹400 per person. I will order on Zomato next time. Glimpses of the kitchen indicated a need for cleanliness.",3,"2018-07-21 21:38:33",61,1188,3
"1071070","Chinese cuisine does not please my taste buds.. but as were a little bored of eating biryani all the time, we went to Wonton to try..
The ambiance was not good.. there was a distinct uncomfortable smell pervading in the seating area.. we chose to sit towards the road and sadly there were cockroaches under the tables.. :-| 
it was already late so we could not leave the restro at that time..
We ordered chilly potato, crispy corn, chilly chicken and Khao Pahd(some fried rice).. crispy corn had great texture.. crispy and the taste was nice.. chilly potato was decent.. 
Chilly chicken and the fried rice were really bad.. the chicken was not fresh.. it lacked the fibrous texture and was rubbery.. And the chicken fried rice..? there was hardly any chicken in it.. not more than 6 pieces.. this was utter disappointing.. 
Please look into the hygiene factor and the food quality..!
Food - 3/7
Ambiance - 3/7
Service - 5/7",2,"2018-07-19 12:08:52",200,389,0
"29181912","Worst restaurant ever. They kept us waiting for 15 minutes to give menu card and then another 20 minutes we tried giving them an order before walking out.They just don't care. Very less waiters to serve. ",1,"2018-07-13 22:21:20",1,149,0
"33995371","Very poor service. It took them 10 minutes to give us the menu and our order was not taken for another 15 minutes.
Finally we walked out after 25 mins. ",1,"2018-07-13 22:21:03",2,1,0
"58433017","food was good,but it was not at all spicy,even after asking them to do so.",3,"2018-07-03 13:25:52",2,5,0
"27864070","Been there for team lunch with colleges. They have two types of seating. One is regular seating other one is lower seating like Japanese one.
Starters too good, we ordered dragon mushroom and golden fried prawns.
Main course we ordered noodles, it is good. 
Over all value for money:)",4,"2018-07-01 11:07:23",4,1,0
"4743521","The Indira Nagar Street of Gachibowli hides away many gems. Rather they get hidden among the numerous number of restaurants in one street.
This place was a pleasant find. The ambience was good, spare the AC which was in its last moments. The management ought to look at it.
The staff was really courteous and the seating was also good, spare some chairs which were worn away with time.
Coming to food. The starter was a hit. There are many options to choose from, I went with Shanghai chicken and it was awesome. I would liked it a bit spicy but then again everyone has their own pallette.
Going forward ordered Lung Pao to go with Shanghai fried Rice. Both were really complimenting each other. The curry was not spicy even after asking. They were kind enough to change it. And then it complimented each other like anything.
Also I would like to mention that the quantity is a big plus here.
Had a awesome plate of food along with courteous staff and well to do ambience. Spar some points, this place is a must try for chinese enthusiasts.
Taste : 5
Service : 4
Ambience : 4
Value for money :4",4,"2018-07-01 00:05:07",207,1048,0
"55368673","good",5,"2018-06-26 16:56:23",5,1,0
"32494097","Visited this place to try some Asian food. It is dimly lit and is a decent restaurant apt to have dinner with families. We had ordered two dishes:
1.Salt n pepper chicken : Crispy juicy pieces of chicken which were seasoned well and tasted good with a hint of spice.
2. Shredded Lamb with chilli: the lamb was crispy fried and cooked well. The taste was also good.
Both the dishes were decent. The service was slow as the food took time to arrive. The interior should be improved upon and I didn't find it very appealing. Overall it was an OK experience at this place.
Food:3.5/5
Ambience :3/5
Service time:3/5",3,"2018-06-25 18:54:34",73,625,1
"31738465","the place is quite dingy.I saw baby cockroaches running across the table.even informed the staff.
just bcz of this reason moved out of this place to head to the other wonton at hitec city",2,"2018-06-25 18:10:44",6,1,0
"52722728","Horrible.. Smoked gravy.. No salt not spice in their lollypop.. Fried rice was good.. Used to be my favourite place for their lollypop no more.. Rip off",1,"2018-06-24 14:38:16",4,4,0
"58056377","There is no kaffir lime flavour in my Thai green curry ... overall its average ",1,"2018-06-20 15:38:35",1,0,0
"36095028","Good and nice place to eat, the starters are good,nice in flavor and good texture. the plating is looking good. Lovely place . Enjoyed a lot. ",5,"2018-06-09 20:50:14",13,27,2
"52297240","Food and service was good but the maintenance was not good. No water in the washroom. Neither they were clean and functional. It raises questions about hygiene in the kitchen ",2,"2018-06-09 15:33:15",5,2,0
"34498780","Visited this place with team for lunch. The place was dimly lighted and hence couldn't take pictures of food. The AC was not working which caused us lot of inconvenience.
The food was good. We ordered for Soups, Shanghai chicken, bell pepper chicken, Wonton fried rice.
However, I was shocked and disgusted to see cockroaches roaming around under the table. I would request the management to address this immediately.",2,"2018-06-08 00:58:24",52,633,1
"51125940","Just an ok place to have Chinese.. We ordered Chilli Chicken along with Noodles which was decent. Certainly the place is not lively and bright. When it xomes ro Chinese then also i don't have that WoW factor.",3,"2018-06-05 11:59:42",18,23,0
"34691479","A good place to have Chinese food.
We ordered chicken dumplings and schezwan noodles, both turned out to be really good. We loved the food but the service is really poor.
Also, the ambience is bit shady and not very likeable.",3,"2018-05-28 15:56:04",88,187,0
"51862974","bad service dont do order",1,"2018-05-27 22:28:47",4,0,0
"51206460","This rating is for the delivery boy. So polite and decent. ",5,"2018-05-26 15:11:56",2,1,0
"39467642","did not deliver all the items",1,"2018-05-23 23:05:25",1,1,0
"27969905","waste of money .I did not get the order properly.",1,"2018-05-22 13:52:33",2,0,0
"31733673","We loved the food here. For starters - Thai wings are bloody spicy and lovely. We had Garlic noodles and Green chicken. All of em are good. We enjoyed the food. But the place is dark, it was stincking when we went for dinner on Monday, they must have just opened? May be! The AC aint working properly! The person who took our order is an Idiot, he was arguring with us about a dish we ordered - I did not like that. 
Surely wont come back. Because the only thing we liked is the food, I can order it online if I wanted. But ya, not cmg here again.
They got the ""2"" for the food. Apoorva Ganapathi",2,"2018-05-22 06:55:10",234,688,7
"40958490","overpriced..",3,"2018-05-19 20:06:49",2,18,0
"35083590","Went there to try out thai cuisine and were not disappointed either if not greatly impressed. The place is small but large mirrors will give you the impression of more capacity. Nice and calm decor and polite staff.
Coming to the food, we tried green Thai Curry, Okra, Mushroom and Dumplings. The aroma of the curry was impressive but it had a bit of spicy touch to it. Mushrooms and Okra were savoury, although the latter could have been made more crisp. Dumplings were the usual momos with a chutney that could have been more spicy.
Overall the place offers different experience from the mainstream cuisines and can be tried once in a blue moon.",4,"2018-05-19 14:55:19",90,121,0
"32917034","Came here on a Monday Evening for a quiet dinner with a friend.
Loved the ambiance, food and the service
It quite close to work and hence is in a perfect kinda location.
The food we ordered was served quickly.
The grilled prawns were great and the Thai rice rich in flavor.
Will definitely come here again for the food and great service",4,"2018-05-15 19:20:11",63,334,4
"15379091","the was okayish. we ordered for chicken soup, the broth was only tasting of mushroom and a very little of chicken. Then we ordered dragon chicken which was kind of good. Then in the main course we ordered pad Thai and chicken garlic noodles.
the garlic noodles were so yum but on the other hand the pad Thai was awful, it was so overpowered with sauce and no sprouts and a very little of peanuts.
we used #zomatogold so it was kind of okay. ",3,"2018-05-14 19:11:44",16,283,0
"35599012","food was good",4,"2018-05-14 14:35:04",2,1,0
"10586441","nice",4,"2018-05-13 09:32:47",8,4,0
"54438547","Ordered food online. Your phone does not work. Food not delivered and amount already paid. On the website it shows as food delivered. Contact me and I will be happy to share the Zomato order number.",1,"2018-05-12 03:19:27",1,1,0
"8152161","I have heard so many appreciations about the place and finally decide to visit for lunch. Nice Chinese restaurant with good ambience provides u a feel good factor. We have tried khud phao (fried rice and gravy with capsicum spinach prawn /chicken) and crispy lamb. Lamb is ok but the rice is awesome. It will cost 788 for 2 people along with 2 glass of lime soda.The restaurant offers good Chinese and Thai food. Hope to visit again. 
Ambience 4
Food 4.5
Service 4",4.5,"2018-05-07 16:29:17",12,49,3
"54181570","The ambience is great, feels like a pretty chinese place. Food is nice and service was good, but they took a long time for bringing the bill, and we had to wait unnecessarily after having our dinner.",4,"2018-05-05 17:43:36",57,42,1
"42090439","Very disappointed with the noodles. It wasn’t authentic pad Thai noodles and the noodles were sweet. ",2,"2018-05-05 16:37:59",2,2,0
"149086","Very dissapointed with the the pad thai noodles. it wasn't authentic pad thai noodles and was extremely sweet. ",2,"2018-05-05 16:36:54",6,183,0
"34991940","2 star only because the waiters were very pleasant 
Otherwise dusty staircase and very old worn down restaurant with smelly seating. 
They got our orders mixed up and the food was oily and tasteless 
Fried Rice wasn’t cooked well and Kung Pao Chicken was like nothing I tasted before. 
This is one place to avoid until the management starts making amends ",2,"2018-05-04 21:40:32",54,314,0
"2388974","Ambience - 2
Service - 1
Service courtesy - 0
Soup - 1
Starters - 2.5
Main course - didn’t order.. 
cleanliness - 3
Went on a Sunday evening.. 
I had garlic fish soup- which lacked garlic. The taste wasn’t even worth finishing it
I’m the starters, the chicken lollipop was ok- 3/5.. lacked decor and crispness
Some dragon balls were too oily
Service was so poor that not only did I but another customer from another table said it out loud that “they are not gonna serve, let’s serve ourselves”
Well may be an off day for this place but not my cup of tea anymore!!
So not a good experience",1,"2018-04-29 22:02:06",144,673,0
"48480382","Firstly, totally unhygienic ambience - if you are here, please carefully observe the ambience and utensils.
Secondly, the service quality is very poor - esp the waiters attitude on service. They take never ending time to serve and provide service.
Thirdly, their food quality..
Honest review, don't waste your money and deteriorate ur health here. Better look out for tons of different options available elsewhere.. ",1,"2018-04-29 14:04:54",17,8,0
"46578739","Me and my friends planned to visit this place today(27/4/18) . Only few tables were booked but still on arriving there we were asked to wait for over 15 mins. After this when my friend enquired for, he got a rude reply from the manager. A minimal politeness is expected when your customers are coping up but this place was a disgrace. ",1,"2018-04-27 21:49:14",3,1,0
"38549733","Alright so i went to wonton gachibowli today and we were in a group of 3 so the waiter told us to wait around 5 mins but time passed by and it was way more than 15 mins still none to give us the table and out of frustration when i asked when would we get the table as there are some empty seats already they were extremely rude and completely not customer centric in their reply so we went to shanghai chef which was just adjacent to it and they were extremely nice and polite and the food was extremely good at shanghai chef ",1,"2018-04-27 21:46:33",2,17,0
"41052725","The food is good but the customer service is definitely very poor. Three of us went there and even though many tables(infact most of them) were empty we were made to wait for 20 minutes just cause none of the three seaters were empty. And the funny part is I didn't see any of the non three seaters getting accomodated in front of me",2,"2018-04-27 21:45:26",1,12,0
