"UserId","Review Text","Rating","Time","Reviews Count","Followers Count","Photos Count"
"35725017","This place might be good but it's the worst now. Ordered a Chicken Keema paratha and got some vegetarian paratha instead.
Not only was the order incorrect but it was burnt!
Zomato refused to help on the issue.",1,"2019-05-18 19:27:09",2,2,1
"44074078","A very nice option for Paranthas lovers with so many different options. The taste is quite good and I love that they provide option to customise each combo so that we can select any combination of Paranthas. The Packing is also really nice. Totally worth it to have 5 star :)",5,"2019-05-08 23:24:41",16,5,0
"30497094","I wish i could have given you a 0 rating. The wheat used to made the pranthas did not seem fresh, also the green chutney was stinking.. The paranthas are too dry to be eaten alone. Except packaging, nothing went well.",1,"2019-05-08 14:11:43",16,46,0
"51996073","not cooked properly, no paneer in paratha",1,"2019-04-07 15:35:47",3,0,0
"32083702","I have ordered chicken shawarma paratha, which was smelling worst and tasting bitter. Money and hunger both went in vain. Never order food from this place.",1,"2019-04-03 21:42:34",1,13,0
"39611297","I ordered the combo of aloo paratha and paneer paratha. I really like the quality and quantity that they give in one serving along with the curd, green chutney and pickle and a small butter. It is really a wholesome and flavorful meal for a person. If you are craving for some home style paratas this is a really good place.",4,"2019-04-02 22:31:54",22,92,1
"44849554","Good ambience.. Great food.. Well I would say best Parathas out there in the area. Served with curd and green and red chutney will make you feel eat more but you can't as only one will fill you tummy. Comes in Great packaging if you order online. 15 to 20 mins is average cooking time. So less wait more taste and great value for money is all that you need. ",5,"2019-04-02 14:10:08",7,3,0
"103216147","My whole order was wrong. Moreover I received burnt parathas in the order. Zomato refused to issue refund for my order. This is really inconvenient and disappointing.",1,"2019-03-31 22:12:46",1,0,0
"14495351","The parathas actually tastes like an authentic North Indian dish ! Not a big fan of spicy food, but liked the parathas A LOT! For ppl like me who prefer low spice food shall make a special mention !",4,"2019-03-27 16:39:26",83,340,0
"42485823","Ordered Garlic cheese paratha and got live cockroach as accompaniment though i got full refund but that's not the solution.
Triptify's service is getting worse day by day.
Anyways it was my last order from triptify.",1,"2019-03-26 21:20:51",5,7,0
"46350302","Food used to be good. But live cockroach came out of the food for the second time! Just apologies from customer service representative is not the enough. Quality control has to be talen seriously. Till then, no Triptify. Adios",1,"2019-03-26 21:20:26",3,3,0
"35298962","I have ordered two parathas. Paneer paratha was fine but gobi Paratha was over roasted and not edible at all. Attached pic of over roasted paratha. I think rastaurant should take care of this during cooking. ",1,"2019-03-20 15:33:20",4,3,0
"33858701","I ordered parathas from this place and I just loved them.
Alloo and paneer parathas were very good. Though corn paratha was average in taste.
I really liked their garlic chutney.",4,"2019-03-20 14:50:29",15,2,0
"42405575","worste quality. got hair on the food. ",1,"2019-02-22 14:14:01",1,1,0
"32961967","Mexican corn parantha was rubbish. ",3,"2019-02-20 23:30:40",1,6,0
"20239366","Not the good one🤭I ordered chicken keema and chicken cheese prantha from the bestseller list. the stuffing was less,and the prantha was not soft, it was heavy in quantity and very hard. No taste in stuffing, no salt no spice. 
What i liked from the triptify is the packaging 👍. No offence 🙏 genuine and honest feedback 🌹",1,"2019-02-13 13:47:34",9,3,0
"34657381","Great guy and good service and on time delivery",5,"2019-01-20 22:43:05",5,43,0
"49952901","I found dead cockroach in food. It ruined everything. Hygiene needs to be improved a lot. Cant guarantee about food quality. Sometimes food is extra salty.",1,"2019-01-14 20:23:51",5,2,0
"39385480","One of the few joints , who specialises in paranthas. Ordered Paneer paranthas and cheese corn paranthas. Paneer paranthas was awesome and had a very good evenly distributed stuffing.thier chutney , which comes with paranthas , enhances the overall flavours.Keep up the awesomeness guys ! ",5,"2018-12-25 11:58:54",34,327,0
"60984746","delicious as always. Typical punjabi flavour",5,"2018-12-02 14:07:42",30,6,0
"822208","too spicy parathas ... though they were good but they can make it less spicier.. it would be better",3,"2018-12-01 11:10:49",52,86,0
"35530387","Amazing taste.Always likeable. Vareity of paranthas and combos is another advantage pf this place. It feels like homely food which makes your mood refreshing.",5,"2018-11-29 16:44:15",13,23,0
"53464181","Ordered Gobi paratha and aloo paratha,
Getting used to small parathas delivered we were wondering they would do the same and ordered two items for two people
To our surprise we found the best parathas,bigger,more quality and more tastier ones.
The packaging is very good and the add ons they provide are too good.
Truly in love with their parathas♥️♥️",4,"2018-11-28 02:27:16",2,1,0
"326766","Great parathas! Their food packaging is exquisite. Do try the chicken and cheese parathas, one of the best! However, corn and cheese, aaloo, chilly garlic parathas are delicious too.",4,"2018-11-25 23:49:53",7,1,0
"82330403","stuffing not upto the mark",3,"2018-11-25 17:21:33",1,0,0
"51094151","as tasted before.. all good.",5,"2018-11-25 02:08:50",11,1,0
"888021","Always a delight ordering from this place! 😀
The packaging is just so good, you get pickle, chutney, curd and butter with the Parathas. 
I’ve tried Paneer Tadka, Paneer, Aloo, Punjabi Aloo, Capsicum corn, Cheese capsicum, chilli cheese. 
The Paneer and Cheese options are really yum. The parathas are served hot and heavy. They’re quite filling as the stuffing is pretty amazing.
Do try them for a laid back Sunday lunch for a hearty meal! 👌🏼",4,"2018-11-24 11:39:31",86,215,1
"34884988","This has become a favourite place to have parathas.. they serve an Excellent quality with ample quantity of food. Fully Paisa wasool place.
I ordered paneer and aloo paratha thinking that small paratha will be delivered. But what a pleasant surprise, two monster size of parathas of each flavour were delivered. Packing was perfect and it reached my home hot and fresh. Both the types of parathas were really crumptious. Even the green chutney they serve with this was awesome. Those who have complained about less stuffing inside paratha should definitely try this. For sure, You will not be disappointed. Undoubtedly, full marks to the food.
Follow me on Instagram on veganyums_ for more food fun..",5,"2018-11-22 14:17:52",100,1210,2
"39137427","Today I ordered some paratha from this place.. Delivery was on time and packaging was really good..
They send butter, curd and chutney.. chutney was tasty..
I ordered paneer paratha and aloo paratha..aloo paratha was delicious.. stuffing quantity was perfect..
Paneer paratha was luscious too..paneer masala was tempting..even paratha side's were filled with good quantity was sufficient..
Personally I loved their paratha and service too..
I definitely recommend this place..
Follow me on Instagram veganyums_ for more pics and food fun..",4,"2018-11-18 16:29:03",148,2104,1
"32911989","One of the best places quite possibly the best in parathas. I hear 13 dhaba and parathas and more to be better in This area.i have tried them all and there is no other rather than this I will order. I am the biggest fan of alloo and gobi paratha and this restaurant would know I order every 2 or 3 Rd day the same usual deAl. Of both above parathas. They are delicious. Absolutely perfect. Packaging just the way we like it. Superb delivery time. Everything perfect. Do not change, be this way. ",5,"2018-11-15 14:34:53",7,1,0
"59135157","Yummy paratha..I tried a lot of paratha from different places but first time I got the complete north indian taste..need more chutney next time and no curd.",5,"2018-11-11 21:14:14",1,0,0
"2884996","Always used to have a craving for chicken parathas.. we were randomly looking for a place to serve our hunger when we found this one. Small and a neat place. We ordered chicken kheema paratha and butter chicken paratha. The taste was so goood. Will come back here for sure. The chutney given as a combo was yum as well. Cutting one star for the ambience. Food wise you will love it for sure. ",4,"2018-11-11 08:11:52",5,89,0
"2290562","I had heard a lot about this place and their amazing paranthas so i decided to try myself. I had ordered the combo of punjabi aloo parantha and cheese corn parantha. I loved the food packaging. The chutney, dahi and pickles came is separate containers and the parantha were packed so well and were piping hot.
Coming over to the taste, I would say i loved it. The aloo parantha was excellent. The corn cheese parantha was good too but i couldn't find any cheese in that parantha. I guess i would never order corn and cheese parantha again. But I would love to try other paranthas by triptify and wpuld definitely recommend others to try this place!!",4,"2018-11-10 18:45:33",34,77,0
"938311","Ausum parathas, good packing, faster delivery. Go for cheese onion capsicum paratha and punjaabi aloo paratha. The great one. 2 parathas are much heavy for a single person. Size of parathas is huge and stuffing is really yum. Seves with pickle, butter, green chutney and curd. This time i didnt get pickle but thats ok..the parathas were yum..",4,"2018-11-07 23:35:25",29,40,1
"48128038","Loved the paranthas and the presentation. The delivery was prompt. The chutney got spilled but the taste made up for the inconvenience. Thank you.",5,"2018-11-03 21:03:47",1,0,0
"38498208","Best parathas in Hyderabad. Nicely packed with all the add onns needed to have great exprience. Must try. They have variety of combos in budgetary price. ",5,"2018-10-27 13:25:37",8,31,0
"46696284","Nice place to order different variety of paranthas. 
Best parantha I liked: cheese corn parantha
Easy and fast delivery even in the peak hour. 
Packaging is also good. 
Parantha is served with pudina chutney, curd, Amul butter small packet. ",4,"2018-10-25 01:47:54",50,45,0
"31055811","very spicy ",2,"2018-10-17 11:51:17",10,3,0
"27347281","We ordered Aaloo parantha for Lunch from this place. Their packaging is really convenient , compact, handy and presentable. The package had 2 big stuffed parantha, butter, curd and green chutney. 
But the paranthas were very thick, less cooked and under stuffed. Also i was expecting pickle in the package.",2,"2018-10-09 12:00:06",58,148,2
"51791395","I ordered Paneer Paratha combo expecting to get something really delicious but what I received did not meet my expectations. The paratha was abundantly stuffed but it's taste was not that good. Also, it was way too thick. ",3,"2018-10-08 00:07:12",16,55,0
"31494408","it's not good,earlier it was good ,but today food is not good",2,"2018-10-06 21:31:02",2,20,0
"60984746","Tasty food. However wrong chutney was sent",4,"2018-10-06 14:57:06",30,6,0
"1969688","Ordered food recently from this place.
I think the biggest disappointment while ordering a stuffed paratha would be ""less stuffing"", but here is a big thumps up to these people Coz evrytime we ordered parathas from here the quality and quantity was maintained.👍",5,"2018-10-06 02:52:16",36,111,0
"29890004","One of my regular food ordering place and added advantage, fast delivery cause nearby location. They offer high quality stuffed parathas with curd, butter and two different chutneys. Their Mexican corn and Paneer tadaka are my favorites. Would recommend this place if you wanna try delicious parathas.",4,"2018-10-05 01:08:39",41,141,0
"54607143","Food is too oily and chutney is too salty.paneer is not cooked well..raw smell of ginger garlic in paneer parata..parata is too dense.need to improve the quality of food",1,"2018-09-21 20:12:54",2,1,0
"41719550","very nice",5,"2018-09-17 18:46:21",8,4,0
"573092","So I happened to order Aloo Parathas and Mountain Dew. Full marks for packaging and the way they serve you 2 big fat aloo parathas ( just the way they should be) with pickles, butter, dhania chutney and curd. They actually kept the Punjabi paratha feel alive so thank you for doing total justice to the food you serve.
A small complaint would be adding more aloo and not make the dough too thick, but overall, it was wonderful. And just like a true Punjabi, I even burped thrice after having this meal. Paisa Vasool! ",5,"2018-09-06 13:42:36",115,700,0
"57138178","well served",5,"2018-08-31 17:07:04",3,2,0
"50417155","The food was not at all good, I have ordered chicken keema paratha and the chicken was not fresh it was smelling like any thing bad experience with the restaurant ",1,"2018-08-29 14:25:11",4,1,0
"48392096","Ordered Gobi and sattoo paratha as lunch from here. This came with dahi , butter , pickle and chutney. Gobi paratha was soft and flavoured and sattoo paratha stuffing was too much and I dint like the taste much as I couldn't get the exact flavour of it. The packing of this was excellent which came in a box packing using aluminum foil covering for paratha and every other thing well settled in the box. Overall it was okay with the accompaniments and more than sufficient for one person.",3,"2018-08-27 15:55:28",33,772,0
"33901255","Got Cheese Combo Parathas home delivered for lunch; I had chosen Aalu Cheese and Garlic Cheese options. The packaging was really compact and well done. The Parathas were very yummy and cheesy and went really well with the accompaniments they provided which constituted: Curd, Dhaniya Chutney, Butter and Pickle.
I would highly recommend this place to satiate Paratha Cravings.",4,"2018-08-26 16:28:12",155,1799,1
"2571704","Oh my my. What great parathas. These guys know their game when it comes to parathas.
The corn and cheese parathas are brilliant + their sides blend so perfectly with the parathas. Brilliant packaging too.",5,"2018-08-25 12:58:48",124,370,1
"34216207","packaging was excellent... paratha could have been less oily.... taste was good. ",4,"2018-08-25 12:58:09",2,4,0
"48236947","Veg items are good especially panneer. There is hardly any chicken in the chicken cheese paratha............................................",4,"2018-08-21 21:24:42",1,8,0
"27725380","I ordered mexican corn and punjabi aloo Paratha
Quality: 1/5 - I didnt like it at all.. Parathas were very thick and hard plus burnt.. chutney was so tasteless that i felt i am eating grass and salt
Quantity 3/5: 2 parathas with chutney , curd and butter
Value for money 1/5
Packaging: 5/5",2,"2018-08-19 13:40:56",59,40,3
"53808323","awesome quality. have try once... its really makes you happy :)",5,"2018-08-13 23:02:35",1,1,0
"51711907","no straw provided for shake food was good",4,"2018-08-13 12:37:15",2,1,0
"41477826","sattu paratha was a bit spicy and they used sugar syrup in almond milk",3,"2018-08-11 17:42:23",2,1,0
"62782590","Very good food... tasty... yummy.... 😊",5,"2018-08-11 11:34:12",2,1,0
"51094151","Hi.. This is my 19th order from this restaurant as far as I remember.. This time I Ordered paneer plus satthu parata.. Got it for 139rupees.. super hot and lovely taste..On time delivery.. Other restaurants have to learn from this restaurant, the way they maintain the quality, quantity and taste.. Whenever I'm hungry I use to opt from this restaurant. Thanks Triptify staff and management.. keep gaining customer satisfaction..",5,"2018-08-09 15:10:06",11,1,0
"52063346","The food is good and the packing was nice too.
paranthas were stuffed nicely 
curd was fresh and chutney too was nice.
A bit oily but as it's a parantha it can be overlooked.",4,"2018-08-06 21:14:13",4,1,0
"38263316","all chutney pickles got spilled.",3,"2018-08-05 18:15:12",4,1,0
"31628216","Taste is good my friend orders regularly on Zomato ... I went to DLF outlet for takeaway... N saw rats n cockroaches in kitchen... Not recommended",1,"2018-08-04 12:11:59",2,23,0
"63700189","super fast delivery",5,"2018-08-03 16:25:57",1,4,0
"52730018","Aloo paratha was stale, restaurant does not take any responsibility to check quality of food they serve, I request online order community to DO NOT ORDER from this restaurant. They assume it to be online and never worked on the feedback.",1,"2018-08-02 13:46:56",1,1,0
"35853591","properly packed yummy food",5,"2018-08-01 17:03:36",3,5,0
"31988859","It was smelling bad , kind of rotten smell",1,"2018-07-31 13:55:08",10,5,0
"60303247","very fast delivery",5,"2018-07-30 22:58:36",1,0,0
"49798848","awesome food thanks",5,"2018-07-29 23:12:10",0,1,0
"56512780","loved the food",5,"2018-07-29 21:20:32",1,11,0
"56067739","perfectly on time",5,"2018-07-29 18:42:08",0,1,0
"47085700","I got cheese corn parantha. while I had ordered Mexican corn",1,"2018-07-29 17:00:17",1,1,0
"33061324","it was good",5,"2018-07-28 16:30:58",3,18,0
"59483527","Packaging is excellent ",5,"2018-07-27 22:52:42",1,0,0
"6608721","Paratha are really damn heavy, 2 can fill an average man. But are too spicy...",4,"2018-07-27 19:50:46",55,88,0
"772759","paratha's where too tasty. ordered chicken paratha, corn cheese paratha and Paneer paratha. all three were delicious. nicely packed and delivered. big fat thumbs up 👍",5,"2018-07-27 13:46:45",7,33,0
"42510580","good",5,"2018-07-26 22:47:07",0,35,0
"51094151","Ordered paneer   Mexican corn paratha. Tasting super and liked it.",5,"2018-07-26 19:57:56",11,1,0
"3235864","cheese chicken parotha ordered was not good thia time and didn't receive chicken shawarma parotha",3,"2018-07-25 15:27:57",4,2,0
"51400209","good",5,"2018-07-23 21:11:21",3,1,0
"53182662","v.good",5,"2018-07-23 17:57:06",1,1,0
"61429903","very thick parathas made with more dough and less stuffings",1,"2018-07-23 01:17:32",2,0,0
"57893762","tastes good... quantity is also enough for one person (w parathas)",4,"2018-07-22 23:26:25",1,0,0
"57599739","Good",5,"2018-07-22 22:27:24",1,0,0
"46633022","Needs more salt",4,"2018-07-22 11:42:30",1,2,0
"51094151","Ordered especial paratha combo.. paneer Mexican corn.. as usually.. it's fantastic and loved the quality of the food. 5/5. one request is.. Please maintain the same sort of quality in the future as well.",5,"2018-07-18 16:25:38",11,1,0
"37382788","Lemonade was spilled and was less than half quantity ",1,"2018-07-17 23:58:59",3,1,0
"35680463","Got Stale food. Need Refund. ",1,"2018-07-17 22:29:10",4,12,0
"61282890","late",2,"2018-07-17 19:16:58",1,0,0
"57768032","paratha had some sort of foul smell.",2,"2018-07-16 22:11:43",2,0,0
"53215262","fast delivery",5,"2018-07-16 14:54:37",1,1,0
"39839551","Food was awesome ",5,"2018-07-15 16:23:44",1,12,0
"34509225","Mexican corn paratha is good but you can improve it to better.
Aloo paratha has dough more than aloo
Overall I can say it’s good experience. ",3,"2018-07-15 01:44:56",4,2,0
"34723929","Awesome food guys",5,"2018-07-14 22:37:19",4,1,0
"52096459","good",5,"2018-07-14 16:56:57",3,2,0
"32289258","I ordered Mexican corn partha but 1partha was not properly cooked and other was burned. There is nothing as Mexican in it and the corn was super old. ",1,"2018-07-14 15:01:54",4,17,0
"60831283","Very good food ",5,"2018-07-14 14:12:46",1,0,0
"3235864","the packing of the restaurant was pathetic...the boxes were crushed and wet when reached me",1,"2018-07-13 22:52:56",4,2,0
"58840829","he delivered on time",5,"2018-07-13 22:22:15",2,0,0
"51435454","ordered panner and corn combo parata..Super taste.. loved it.",5,"2018-07-12 15:52:00",5,6,0
