"UserId","Review Text","Rating","Time","Reviews Count","Followers Count","Photos Count"
"61085237","Ok ok food is not that tastey & I will not recommend this place for eating
Place is not so clean & the kitchen counter is not good. Cost is more",2,"2019-05-12 17:39:19",1,0,0
"50754317","Good south Indian breakfast items .. u can try all the south indian items like idly and diffrnt kinds of dosas ... Also u can try out various chutneys",4,"2019-05-04 19:03:22",3,1,0
"29110107","This place serve best South Indian food with awesome taste . I had iddli there and it's very floppy and taste is nice . It's better to pack food and eat at home , if you are alone or with friends then you can eat here . It is always crowed ",4,"2019-04-28 12:13:34",13,37,0
"47676142","Very good place to breakfast! Yes, the sitting area a problematic. Even to stand also its bit cramp as this place is always crowded for its best food.
Sometimes my day starts with a lip licking breakfast from here.
😍🤤",4,"2019-03-26 02:45:28",83,145,0
"42404920","The food they prepare is very good than other udipi hotels. The way they do parcel and the care they take for taste is good. Good food at good price.",5,"2019-03-03 14:55:23",4,4,0
"503459","Ambience is okay but the food is good. Regular Idly, Sambar Idly, Poori, Mysore Bonda, Dosa are good. Sambar, chutney are good in taste. A definite place to try the food.",4,"2019-02-28 16:12:54",124,174,0
"39263659","If it hadn’t been for my friend this place would have simple gone unnoticed. Your typical road side eatery and must have breakfast destinations. The pipping hot vadas are the best I’ve had. Restricted myself to just one vada so that I could try other items. Butter steamed dosa and karampudi idli were good too. Visited this place on both the days for breakfast during my 2-day visit to Hyderabad.",5,"2019-02-04 09:02:42",78,1159,2
"2607804","Not up to mark as per it’s brand name. 
Food is just like ordinary tiffin centre’s 
Need to improve and provide food really authentic of Udipi 
Ambiance is really awkward no cleanliness even in Ac family section also ",2,"2019-02-01 20:09:25",26,37,0
"2571704","A regular tiffin place in gachibowli. Their idlis, Mysore bondas and vadas are all wonderful.
The sambat idlis are great too.
+ Super fast delivery",5,"2019-01-28 17:44:34",124,370,1
"35961364","FoodFor Friends in regards with taste it's too good but if you want to order something you need to be aware of packing.
Packing is not good i ordered sambar idly and they didnt gave me spoon how can a person eat sambar idly with put spoon.
Need to maintain those things other than that food is too good.
I will prefer to visit",3,"2019-01-13 13:08:44",7,2,0
"2977466","One of the best places to have South Indian tiffin varieties in Gachibowli area.  Most cost effective and tasty, quick fast food on offer. I enjoyed the food here and have tried out many times and on almost daily too.  If anyone have any doubt, the crowd that is present here almost all of the time should indicate the popularity of the joint here. 
Situated in a busy area on the Gachibowli main road near to the ORR inter-junction. You cannot miss the place. I have tried out their meals, tiffin varieties, the bhajji & pakodas in the evening and also their tea. Have been satisfied with all of it and do not have any complaints. 
Absolutely zero ambiance and its self service too. Be prepared for the rush and once you get the token, be prepared to be squeezed in a corner to give out your token to the waiters inside. There is no queue system here and they just collect your tokens at random.  When your food item is ready, they spot you and give it to you. Be prepared for some hassles out here as you get jostled around. Finding a spot to eat your food during rush hour is also a problem. There are a couple of tables to sit but majority of the others stand at the tables and eat. Just eat your food quick and rush out. 
My fav of theirs is the Dosa. I just loved the Chutney and the sambar taste even though it was a bit sweeter to my taste. Also loved the Kerala Parotta which is a fav dish of mine back home here in Chennai.",4,"2018-12-31 01:50:49",119,469,5
"1979790","Great place for a quick breakfast in Indira Nagar area. Dosas, Poori are good and the restaurant serve food faster. Hot beverages are available too. ",5,"2018-12-29 16:48:10",13,118,0
"12240271","Whenever we’re in Gachibowli, we definitely have our breakfast here. The quality of food is really good. And all the tiffins tastes amazing. My favourite is Vada. ",4,"2018-12-25 20:00:35",65,241,6
"48353445","When I first reached Hyderabad, I wanted to eat dosa and idli. Just like the ones I had in Chennai. So, after some research, I reached Udupi's upahar. The sambar was sweeter than I expected. I believe it is the Karnataka style. I still liked it. The Bonda was awesome and the price was comparatively low. Great experience. I would like it if they had spicier sambar.",4,"2018-12-09 20:27:01",11,7,0
"678733","No frills place. Many families frequent this restaurant. There is air conditioned seating area below. Don't expect great service, but the service will be quick. Prices reasonable. Pineapple kesari and parota kurma are must have.",5,"2018-12-01 21:55:45",23,6,0
"2449588","If you are looking for a good South Indian breakfast, then this place is a must-go. Prices is rather higher than any usual shop, but the quality would make worth spending that money.
Good variety. Good taste. Decent staff. Have options for chat, tea,coffee stall as well",4,"2018-11-04 00:32:45",66,131,0
"421488","Nice place for budget outing. Generally taste of all items is good and very reasonable. Regular place of visit of us when in hurry, Quick service. Good parcel option for quick takeaways. South Indian food is better here compared to North Indian food. Juice and Tea counter outside helps.",4,"2018-10-26 19:37:23",56,137,0
"27963844","Used to be great for tasty breakfast, now almost flat taste, unless have other options no more a must have place.
Service standard - okay
Pricing - okay
Parking - unless peak hours - can find one.",3,"2018-10-15 08:36:37",135,929,0
"73294499","Good food, loved the south Indian dishes over here plus the ordering system is good. But I feel, they should have some more space. It gets hoch poch when it's crowded. Overall nice experience.",4,"2018-10-02 13:57:20",10,179,0
"34009097","I was here with my dad for a quick tiffin/ snack time on our way home. Frankly speaking, I wasn't expecting such good food. We had Masala Dosa, Idli and Vada. I felt there could have been a better variety of chutneys (like tamarind or ginger) apart from the regular coconut one. Not only did the food make us feel satiated, but also satisfied. ",4,"2018-10-01 16:02:27",122,636,0
"48548728","I ordered so many times here food was really good and the sambar is good to have but chutney is not at all good and set dosa poori with kurma good to have all they have to do is to improve CHUTNEY!!!! PACKING 5/5",4,"2018-10-01 09:28:35",63,5709,0
"318655","It has the best rava idlis that you can get. I usually visit this place early in the morning on weekends. It’s always crowded. They have a seating area downstairs as well. It’s a place where you can have a quick bite and enjoy a cup of tea. ",4,"2018-09-28 13:25:38",3,14,0
"507433","The best Coconut chutney and Sambhar in town. Pick any food item and its delicious. You can say that by the crowd at their place to get anything. Must try Idli-sambhar, Poori Bhaji, Butter pav bhaji. ",4,"2018-09-23 13:30:36",92,349,1
"2162600","My go to place for all my South Indian Tiffin fixes in the city! 
Their pesarratu set dosas and podi idli is to die for! 
Ginger chai on the go is absolutely perfect for all kind of chai lovers! ",5,"2018-09-18 16:08:36",125,1810,2
"55891493","Whatever you order from there or eat their it’s alway good & delicious. Their Pineapple Kesari Bath is one of the best. The way they server food on banana leaf is awesome &  there are very few veg restaurants who serve food that way.",5,"2018-08-25 09:51:35",3,2,0
"39074618","The Coconut chutney here is great.
Food is prepared with less oil.
Do try Cheese Dosa and Bisibelle Bath.
Also try Ginger Tea available at Udipi Tea stall.
Tea is very good in flavour.",4,"2018-08-19 09:53:56",3,1,0
"340553","Rudest billing staff ever. Didn't provide change. Worst customer service. Never going again. Don't know how to treat the customers. Many options available.",1,"2018-08-18 15:21:30",30,218,0
"4182091","This place is my default option for south indian breakfast. Located right on the Gachibowli-Kothaguda road, this place serves Poha, idli, dosa, uttapam, poori sabzi etc. Personally I prefer their south indian food.
There is a small juice counter outside the restaurant as well.
If you are looking for ambience then this place is not a great option but taste wise and cost wise it won't disappoint you!
Happy eating! :)",4,"2018-08-14 19:49:53",66,568,0
"46652926","Udipi's is perhaps one of the best budget friendly joints in the indiranagar area. Their ghee idly is a must try and so are their dosas. If you are there for breakfast, do try their poha. ",4,"2018-08-06 18:49:07",12,15,0
"63160760","nice",5,"2018-08-03 10:05:03",1,0,0
"48372980","This is one of the place, where you can find all the foods in a very reasonable price but it doesn't mean that you have to compromise with your taste buds. I have tried Veg manchurian, gobi manuchurian, idli sambhar, vada sambhar, dahi vada, dosa ( must try ) , puri and curry and poha. I tried one unique combination here and that is plain dosa with veg manchurian, and it was just yummm. I would suggest you as well to try this. ✌️",4,"2018-08-02 20:47:11",90,148,0
"51799334","chutney is not at all good",1,"2018-08-01 14:56:46",2,34,0
"55966097","cool",5,"2018-07-30 20:47:59",2,1,0
"2412804","Good place. We went to its AC seating area in the cellar. Had butter masala dosa, karampodi idly and Ravva dosa. All were satisfactory . Sambar was bot good but Chutney was good.",4,"2018-07-29 21:45:45",9,35,0
"917388","Requested to replace Sambar with Chutney but that was not done.",4,"2018-07-29 21:36:55",0,75,0
"53013609","good",4,"2018-07-28 16:56:17",2,2,0
"52785953","Good job!! ",5,"2018-07-28 11:40:44",0,1,0
"62696596","great on time",5,"2018-07-28 11:11:04",0,0,0
"51859123","very good and fast",5,"2018-07-27 21:36:20",0,0,0
"51933879","Thanks Zomato.  ",5,"2018-07-27 11:57:25",3,11,0
"51445892","good",5,"2018-07-27 10:03:35",0,1,0
"37544131","nothing",5,"2018-07-27 09:55:16",2,4,0
"51325543","very fast delivery",5,"2018-07-26 21:34:19",0,4,0
"40934124","good",5,"2018-07-26 21:17:36",6,2,0
"52631911","fast delivery",5,"2018-07-26 20:41:42",1,12,0
"30766541","too oily",3,"2018-07-26 11:06:10",9,2,0
"61743533","rava dosa was little hard",4,"2018-07-25 22:27:56",2,0,0
"52140533","fast delivery,keep it up",1,"2018-07-25 09:49:28",1,1,0
"47907578","delivered in time",5,"2018-07-24 18:55:41",2,6,0
"52708409","thank thank you for your services.",5,"2018-07-24 13:55:46",1,1,0
"34228910","Great taste and quick deliverey",5,"2018-07-24 09:46:21",6,3,0
"53996315","Nice",5,"2018-07-23 14:00:10",2,1,0
"61982293","Chutney was not supplied for both the items. Cooking instructions not followed.",3,"2018-07-22 21:36:36",1,0,0
"52946349","ok",4,"2018-07-22 21:18:03",1,0,0
"61826803","late",5,"2018-07-22 12:32:04",1,0,0
"37990417","good food",5,"2018-07-22 12:23:11",2,1,0
"61634436","excellent delivery much appreciated",5,"2018-07-21 21:45:37",1,0,0
"50395549","Ordered tomato bath. restaurant gave upma... worst service . never order in this site again",1,"2018-07-21 17:28:35",1,1,0
"53707519","very nice ",5,"2018-07-21 09:37:56",3,4,0
"59022418","good",3,"2018-07-21 09:00:26",1,0,0
"37570344","Super fast delivery ",5,"2018-07-21 08:41:45",3,0,0
"60871320","excelent",5,"2018-07-20 19:42:42",4,0,0
"57602023","execelent",5,"2018-07-20 11:27:10",1,0,0
"57974390","exlent",5,"2018-07-20 11:06:02",6,0,0
"57974390","super delivery boy",5,"2018-07-20 10:17:58",6,0,0
"39144367","this particular item not properly cooked. taste also not good",2,"2018-07-19 21:49:26",2,1,0
"60987787","kk but not great",3,"2018-07-19 17:53:53",4,0,0
"41154785","perfect delivery",5,"2018-07-19 17:14:23",2,7,0
"38963750","Ordered for tomato bath but they have sent upma... Waste of time and money ",1,"2018-07-19 14:36:47",4,5,0
"52653554","good",4,"2018-07-19 14:29:49",2,1,0
"51020194","Awesome",5,"2018-07-19 10:41:26",1,2,0
"37031311","good",5,"2018-07-19 08:59:51",1,5,0
"55934516","awesome",5,"2018-07-17 20:45:29",1,1,0
"44870962","The Sambar had a stale smell. ",3,"2018-07-17 20:35:38",17,5,0
"60987787","good but not the best",3,"2018-07-17 17:49:56",4,0,0
"384986","we have ordered rava dosa ,rava masala and ghee idily. idliy is very tasty and rava dosa is average , found hair in rava dosa :(...this should be taken care while cooking",3,"2018-07-15 21:01:12",1,0,0
"51332844","Good",5,"2018-07-15 20:43:26",1,1,0
"48137585","Horrible Sambhar, It was thick as chutney and had just potatoes for the vegetable bit of it. Chutney and Dosa were still fine but sambhar was real bad.",1,"2018-07-15 19:19:27",5,6,0
"2539902","Good",5,"2018-07-14 12:26:02",6,1,0
"59623538","sambar is not good. ghee dosa doesn't have any taste of ghee.",2,"2018-07-14 10:58:06",3,0,0
"54984340","good",5,"2018-07-14 10:42:13",5,1,0
"53508663","Late delivery ",5,"2018-07-14 09:34:03",2,16,0
"53271510","they did not give me sambar.. unprofessional attitude",1,"2018-07-14 09:33:29",10,2,0
"56169133","delivered on time",5,"2018-07-13 15:21:31",1,1,0
"33852769","this order was not delivered ",1,"2018-07-13 13:47:33",5,82,0
"39321973","Awesome",5,"2018-07-13 12:15:08",4,1,0
"53230357","thanks udipi ",5,"2018-07-13 11:27:51",3,1,0
"34228910","Quick delivery and good taste",5,"2018-07-13 10:33:42",6,3,0
"59571651","Worst",1,"2018-07-13 10:16:15",1,0,0
"35960797","good",4,"2018-07-12 21:03:24",2,1,0
"52370450","awesome food",5,"2018-07-12 13:18:59",3,1,0
"58538874","Good service",5,"2018-07-11 09:12:42",1,0,0
"59994765","nice ",5,"2018-07-10 09:45:44",1,0,0
"60271686","superb dosa",5,"2018-07-09 20:51:20",4,0,0
"42378967","An affordable restaurant where you can have a delicious south Indian meal. All in one place breakfast, lunch or dinner. Must visit and enjoy.",5,"2018-07-09 16:23:41",3,2,0
"38798154","I have ordered sambhar vada and idli and what I have received is sambhar idli and idli.. 😐 Please be careful while delivering the orders! Thank you! ",1,"2018-07-09 09:52:46",4,30,0
"56904655","good ",5,"2018-07-08 12:46:12",2,1,0
"31624864","ordered a ghee roast masala dosa , got plain ghee roast instead.",3,"2018-07-08 11:49:39",5,3,0
"58534120","super delivery",5,"2018-07-07 20:49:03",1,0,0
"55327670","good",5,"2018-07-07 14:38:49",3,1,0
